sample_id	group	bam_path	reads_tsv	summary_tsv	total_overlapping_primary_reads	two_sided_exact_reads	two_sided_window_reads	left_only_reads	right_only_reads	unanchored_reads	exact_nonreference_reads	exact_nonreference_plus_reads	exact_nonreference_minus_reads	exact_nonreference_unique_start_sites	exact_nonreference_strand_balance	exact_nonreference_delta_bp_counts	exact_nonreference_indel_ops	panel_high_or_medium_nonreference_reads	panel_nonreference_allele_counts	synthetic_remapped_reads	synthetic_high_or_medium_nonreference_reads	synthetic_reference_like_reads	synthetic_best_allele_counts	synthetic_remap_reason_counts	synthetic_vs_panel_counts	one_sided_indel_or_softclip_reads	manual_review_priority	eh_interpretation	eh_total_repeat_counts	gangstr_interpretation	gangstr_total_repeat_counts
CJD6	cjd	results/final_bam/CJD6.bam	results/repeats/manual_cohort/cjd/samples/CJD6.reads.tsv	results/repeats/manual_cohort/cjd/samples/CJD6.summary.tsv	26961	1421	360	9694	10026	5460	8	8	0	7	0.000	-1:7,-24:1	D1@4699390:3,D1@4699404:1,D1@4699438:1,D1@4699462:2,D24@4699425:1	1	oprd_1_r2_deleted:1	21	1	12	oprd_1_r2_deleted:1,reference:20	nearby_indel:1,nearby_softclip:12,nonreference_length:8	match:14,panel_not_scored:7	71	low	reference	5,5	reference	5,5
CJD25	cjd	results/final_bam/CJD25.bam	results/repeats/manual_cohort/cjd/samples/CJD25.reads.tsv	results/repeats/manual_cohort/cjd/samples/CJD25.summary.tsv	31549	1983	417	11350	11799	6000	12	12	0	8	0.000	-1:12	D1@4699390:5,D1@4699410:1,D1@4699414:2,D1@4699438:1,D1@4699446:1,D1@4699458:1,D1@4699478:1	0		21	0	13	reference:21	nearby_softclip:9,nonreference_length:12	match:9,panel_not_scored:12	58	low	reference	5,5	reference	5,5
CJD27	cjd	results/final_bam/CJD27.bam	results/repeats/manual_cohort/cjd/samples/CJD27.reads.tsv	results/repeats/manual_cohort/cjd/samples/CJD27.summary.tsv	16552	897	218	6075	6061	3301	10	10	0	8	0.000	-1:9,-24:1	D1@4699390:4,D1@4699414:2,D1@4699438:1,D1@4699462:2,D24@4699380:1	1	oprd_1_r2_deleted:1	14	0	10	oprd_1_r2_deleted:1,reference:13	nearby_softclip:4,nonreference_length:10	match:5,panel_not_scored:9	37	low	reference	5,5	reference	5,5
CJD1	cjd	results/final_bam/CJD1.bam	results/repeats/manual_cohort/cjd/samples/CJD1.reads.tsv	results/repeats/manual_cohort/cjd/samples/CJD1.summary.tsv	8826	430	100	3186	3275	1835	4	4	0	4	0.000	-1:4	D1@4699390:1,D1@4699438:1,D1@4699462:1,D1@4699486:1	0		5	0	4	reference:5	nearby_softclip:1,nonreference_length:4	match:1,panel_not_scored:4	21	low	reference	5,5	reference	5,5
CJD22	cjd	results/final_bam/CJD22.bam	results/repeats/manual_cohort/cjd/samples/CJD22.reads.tsv	results/repeats/manual_cohort/cjd/samples/CJD22.summary.tsv	13102	702	144	4777	4717	2762	4	4	0	4	0.000	-1:4	D1@4699390:3,D1@4699407:1	0		8	0	7	reference:8	nearby_softclip:4,nonreference_length:4	match:4,panel_not_scored:4	31	low	reference	5,5	reference	5,5
CJD13	cjd	results/final_bam/CJD13.bam	results/repeats/manual_cohort/cjd/samples/CJD13.reads.tsv	results/repeats/manual_cohort/cjd/samples/CJD13.summary.tsv	9588	489	124	3524	3444	2007	3	3	0	3	0.000	-1:2,-2:1	D1@4699390:2,D2@4699390:1	0		6	0	4	reference:6	nearby_indel:1,nearby_softclip:2,nonreference_length:3	match:3,panel_not_scored:3	21	low	reference	5,5	reference	5,5
CJD23	cjd	results/final_bam/CJD23.bam	results/repeats/manual_cohort/cjd/samples/CJD23.reads.tsv	results/repeats/manual_cohort/cjd/samples/CJD23.summary.tsv	16973	813	216	6175	6260	3509	3	3	0	3	0.000	-1:3	D1@4699390:2,D1@4699414:1	0		10	0	6	reference:10	nearby_softclip:7,nonreference_length:3	match:7,panel_not_scored:3	34	low	reference	5,5	reference	5,5
CJD3	cjd	results/final_bam/CJD3.bam	results/repeats/manual_cohort/cjd/samples/CJD3.reads.tsv	results/repeats/manual_cohort/cjd/samples/CJD3.summary.tsv	11362	669	155	3677	4508	2353	2	2	0	2	0.000	-1:2	D1@4699414:1,D1@4699486:1	0		14	0	6	reference:14	nearby_softclip:12,nonreference_length:2	match:12,panel_not_scored:2	18	low	reference	5,5	reference	5,5
CJD7	cjd	results/final_bam/CJD7.bam	results/repeats/manual_cohort/cjd/samples/CJD7.reads.tsv	results/repeats/manual_cohort/cjd/samples/CJD7.summary.tsv	7764	455	103	2527	3054	1625	2	2	0	2	0.000	-1:2	D1@4699431:1,D1@4699486:1	0		4	0	3	reference:4	nearby_softclip:2,nonreference_length:2	match:2,panel_not_scored:2	8	low	reference	5,5	reference	5,5
CJD11	cjd	results/final_bam/CJD11.bam	results/repeats/manual_cohort/cjd/samples/CJD11.reads.tsv	results/repeats/manual_cohort/cjd/samples/CJD11.summary.tsv	9155	531	124	3032	3551	1917	1	1	0	1	0.000	-1:1	D1@4699390:1	0		7	0	4	reference:7	nearby_softclip:6,nonreference_length:1	match:6,panel_not_scored:1	9	low	reference	5,5	reference	5,5
CJD2	cjd	results/final_bam/CJD2.bam	results/repeats/manual_cohort/cjd/samples/CJD2.reads.tsv	results/repeats/manual_cohort/cjd/samples/CJD2.summary.tsv	8860	438	108	3237	3240	1837	1	1	0	1	0.000	-1:1	D1@4699414:1	0		6	0	2	reference:6	nearby_softclip:5,nonreference_length:1	match:5,panel_not_scored:1	12	low	reference	5,5	reference	5,5
CJD21	cjd	results/final_bam/CJD21.bam	results/repeats/manual_cohort/cjd/samples/CJD21.reads.tsv	results/repeats/manual_cohort/cjd/samples/CJD21.summary.tsv	6977	336	79	2562	2558	1442	1	1	0	1	0.000	-1:1	D1@4699438:1	0		3	0	2	reference:3	nearby_softclip:2,nonreference_length:1	match:2,panel_not_scored:1	4	low	reference	5,5	reference	5,5
CJD28	cjd	results/final_bam/CJD28.bam	results/repeats/manual_cohort/cjd/samples/CJD28.reads.tsv	results/repeats/manual_cohort/cjd/samples/CJD28.summary.tsv	1042	52	11	336	435	208	1	1	0	1	0.000	-1:1	D1@4699462:1	0		3	0	2	reference:3	nearby_softclip:2,nonreference_length:1	match:2,panel_not_scored:1	1	low	reference	5,5	reference	5,5
CJD4	cjd	results/final_bam/CJD4.bam	results/repeats/manual_cohort/cjd/samples/CJD4.reads.tsv	results/repeats/manual_cohort/cjd/samples/CJD4.summary.tsv	6895	392	94	2296	2726	1387	0	0	0	0				0		5	0	1	reference:5	nearby_softclip:5	match:5	7	low	reference	5,5	reference	5,5
CJD12	cjd	results/final_bam/CJD12.bam	results/repeats/manual_cohort/cjd/samples/CJD12.reads.tsv	results/repeats/manual_cohort/cjd/samples/CJD12.summary.tsv	2071	94	26	729	777	445	0	0	0	0				0		0	0	0				1	background	reference	5,5	reference	5,5
CJD14	cjd	results/final_bam/CJD14.bam	results/repeats/manual_cohort/cjd/samples/CJD14.reads.tsv	results/repeats/manual_cohort/cjd/samples/CJD14.summary.tsv	161	9	2	41	79	30	0	0	0	0				0		0	0	0				0	background	reference	5,5	reference	5,5
CJD15	cjd	results/final_bam/CJD15.bam	results/repeats/manual_cohort/cjd/samples/CJD15.reads.tsv	results/repeats/manual_cohort/cjd/samples/CJD15.summary.tsv	273	15	2	91	109	56	0	0	0	0				0		0	0	0				1	background	reference	5,5	reference	5,5
CJD18	cjd	results/final_bam/CJD18.bam	results/repeats/manual_cohort/cjd/samples/CJD18.reads.tsv	results/repeats/manual_cohort/cjd/samples/CJD18.summary.tsv	259	15	3	77	113	51	0	0	0	0				0		0	0	0				0	background	reference	5,5	reference	5,5
CJD19	cjd	results/final_bam/CJD19.bam	results/repeats/manual_cohort/cjd/samples/CJD19.reads.tsv	results/repeats/manual_cohort/cjd/samples/CJD19.summary.tsv	1854	72	19	663	704	396	0	0	0	0				0		0	0	0				1	background	reference	5,5	reference	5,5
CJD24	cjd	results/final_bam/CJD24.bam	results/repeats/manual_cohort/cjd/samples/CJD24.reads.tsv	results/repeats/manual_cohort/cjd/samples/CJD24.summary.tsv	1116	76	23	376	433	208	0	0	0	0				0		2	0	2	reference:2	nearby_softclip:2	match:2	1	background	reference	5,5	reference	5,5
CJD26	cjd	results/final_bam/CJD26.bam	results/repeats/manual_cohort/cjd/samples/CJD26.reads.tsv	results/repeats/manual_cohort/cjd/samples/CJD26.summary.tsv	1103	40	18	384	441	220	0	0	0	0				0		0	0	0				0	background	reference	5,5	reference	5,5
CJD29	cjd	results/final_bam/CJD29.bam	results/repeats/manual_cohort/cjd/samples/CJD29.reads.tsv	results/repeats/manual_cohort/cjd/samples/CJD29.summary.tsv	2931	141	37	988	1175	590	0	0	0	0				0		0	0	0				4	background	reference	5,5	reference	5,5
CJD30	cjd	results/final_bam/CJD30.bam	results/repeats/manual_cohort/cjd/samples/CJD30.reads.tsv	results/repeats/manual_cohort/cjd/samples/CJD30.summary.tsv	1524	70	24	535	595	300	0	0	0	0				0		0	0	0				0	background	reference	5,5	reference	5,5
CJD31	cjd	results/final_bam/CJD31.bam	results/repeats/manual_cohort/cjd/samples/CJD31.reads.tsv	results/repeats/manual_cohort/cjd/samples/CJD31.summary.tsv	397	17	8	118	176	78	0	0	0	0				0		0	0	0				0	background	reference	5,5	reference	5,5
CJD5	cjd	results/final_bam/CJD5.bam	results/repeats/manual_cohort/cjd/samples/CJD5.reads.tsv	results/repeats/manual_cohort/cjd/samples/CJD5.summary.tsv	498	33	5	169	191	100	0	0	0	0				0		2	0	0	reference:2	nearby_softclip:2	match:2	1	background	reference	5,5	reference	5,5
CJD8	cjd	results/final_bam/CJD8.bam	results/repeats/manual_cohort/cjd/samples/CJD8.reads.tsv	results/repeats/manual_cohort/cjd/samples/CJD8.summary.tsv	924	42	11	328	354	189	0	0	0	0				0		0	0	0				1	background	reference	5,5	reference	5,5
