variant,dbSNP id,position_GRCh38,REF,ALT
E200K,rs28933385,4699818,G,A
P102L,rs74315401 ,4699525,C,T
A117V,rs74315402,4699570,C,T
D178N,rs74315403,4699752,G,A
M232R,rs74315409,4699915,T,G
V180I,rs74315408,4699758,G,A
V210I,rs74315407,4699848,G,A
R208C,rs55826236,4699842,C,T
R208H,rs74315412,4699843,G,A
P105L_A,rs11538758,4699534,C,A
P105L_T,rs11538758,4699534,C,T
G131V_A,rs74315410,4699612,G,A
G131V_T,rs74315410,4699612,G,T
A133V,rs74315415,4699618,C,T
T183A,rs74315411,4699767,A,G
F198V,rs55871421,4699812,T,G
F198S,rs74315405,4699813,T,C
G217R,rs74315406,4699870,A,G
M129V,rs1799990,4699605,A,G
