"participant","group","histotype","code","brain_region","sample_id","mutation","n_wells","n_accepted_droplets","n_double_positive_droplets","n_ref_only_droplets","n_mut_only_droplets","n_signal_positive_droplets","n_signal_negative_droplets","n_ref_positive_droplets","n_mut_positive_droplets"
"CJD24","prion","MM2T","03-112","bg","03-112_bg","D178N",1,14289,23,14019,0,14042,247,14042,23
"CJD24","prion","MM2T","03-112","bg","03-112_bg","E200K",1,14338,9,14112,0,14121,217,14121,9
"CJD24","prion","MM2T","03-112","bg","03-112_bg","P102L",1,11002,21,10471,0,10492,510,10492,21
"CJD24","prion","MM2T","03-112","cb","03-112_cb","D178N",1,15203,9,15007,0,15016,187,15016,9
"CJD24","prion","MM2T","03-112","cb","03-112_cb","E200K",1,15304,11,15268,0,15279,25,15279,11
"CJD24","prion","MM2T","03-112","cb","03-112_cb","P102L",1,13584,15,13499,1,13515,69,13514,16
"CJD24","prion","MM2T","03-112","fr","03-112_fr","D178N",1,15387,22,15294,0,15316,71,15316,22
"CJD24","prion","MM2T","03-112","fr","03-112_fr","E200K",1,15738,8,15675,0,15683,55,15683,8
"CJD24","prion","MM2T","03-112","fr","03-112_fr","P102L",1,14405,23,14104,0,14127,278,14127,23
"CJD24","prion","MM2T","03-112","hc","03-112_hc","D178N",1,15983,18,15747,0,15765,218,15765,18
"CJD24","prion","MM2T","03-112","hc","03-112_hc","E200K",1,12847,11,12695,0,12706,141,12706,11
"CJD24","prion","MM2T","03-112","hc","03-112_hc","P102L",1,11630,20,11379,0,11399,231,11399,20
"CJD24","prion","MM2T","03-112","sn","03-112_sn","D178N",1,16665,25,16604,0,16629,36,16629,25
"CJD24","prion","MM2T","03-112","sn","03-112_sn","E200K",1,15126,11,15097,0,15108,18,15108,11
"CJD24","prion","MM2T","03-112","sn","03-112_sn","P102L",1,14262,31,14164,0,14195,67,14195,31
"CJD24","prion","MM2T","03-112","th","03-112_th","D178N",1,14304,22,14226,0,14248,56,14248,22
"CJD24","prion","MM2T","03-112","th","03-112_th","E200K",1,14257,17,14206,0,14223,34,14223,17
"CJD24","prion","MM2T","03-112","th","03-112_th","P102L",1,13984,21,13852,0,13873,111,13873,21
"CJD25","prion","MM2T","03-132","bg","03-132_bg","D178N",1,14787,8,14235,0,14243,544,14243,8
"CJD25","prion","MM2T","03-132","bg","03-132_bg","E200K",1,15981,16,15441,0,15457,524,15457,16
"CJD25","prion","MM2T","03-132","bg","03-132_bg","P102L",1,12260,14,10668,1,10683,1577,10682,15
"CJD25","prion","MM2T","03-132","cb","03-132_cb","D178N",1,13960,17,13649,0,13666,294,13666,17
"CJD25","prion","MM2T","03-132","cb","03-132_cb","E200K",1,13306,7,13054,1,13062,244,13061,8
"CJD25","prion","MM2T","03-132","cb","03-132_cb","P102L",1,14167,17,13640,0,13657,510,13657,17
"CJD25","prion","MM2T","03-132","fr","03-132_fr","D178N",1,11686,17,11658,0,11675,11,11675,17
"CJD25","prion","MM2T","03-132","fr","03-132_fr","E200K",1,13841,20,13813,0,13833,8,13833,20
"CJD25","prion","MM2T","03-132","fr","03-132_fr","P102L",1,14851,25,14763,0,14788,63,14788,25
"CJD25","prion","MM2T","03-132","hc","03-132_hc","D178N",1,14273,28,14198,0,14226,47,14226,28
"CJD25","prion","MM2T","03-132","hc","03-132_hc","E200K",1,12382,9,12333,0,12342,40,12342,9
"CJD25","prion","MM2T","03-132","hc","03-132_hc","P102L",1,14454,22,14213,0,14235,219,14235,22
"CJD25","prion","MM2T","03-132","sn","03-132_sn","D178N",1,14279,17,14239,0,14256,23,14256,17
"CJD25","prion","MM2T","03-132","sn","03-132_sn","E200K",1,14783,13,14576,0,14589,194,14589,13
"CJD25","prion","MM2T","03-132","sn","03-132_sn","P102L",1,15861,20,15574,0,15594,267,15594,20
"CJD25","prion","MM2T","03-132","th","03-132_th","D178N",1,13885,21,13834,0,13855,30,13855,21
"CJD25","prion","MM2T","03-132","th","03-132_th","E200K",1,13460,16,13391,0,13407,53,13407,16
"CJD25","prion","MM2T","03-132","th","03-132_th","P102L",1,15474,24,15324,1,15349,125,15348,25
"CJD26","prion","MM2T","04-045","bg","04-045_bg","D178N",1,14517,27,14481,0,14508,9,14508,27
"CJD26","prion","MM2T","04-045","bg","04-045_bg","E200K",1,13713,23,13677,0,13700,13,13700,23
"CJD26","prion","MM2T","04-045","bg","04-045_bg","P102L",1,15822,30,15745,0,15775,47,15775,30
"CJD26","prion","MM2T","04-045","cb","04-045_cb","D178N",1,12571,21,12520,0,12541,30,12541,21
"CJD26","prion","MM2T","04-045","cb","04-045_cb","E200K",1,13607,25,13544,0,13569,38,13569,25
"CJD26","prion","MM2T","04-045","cb","04-045_cb","P102L",1,15140,13,15090,0,15103,37,15103,13
"CJD26","prion","MM2T","04-045","fr","04-045_fr","D178N",1,13779,28,13745,0,13773,6,13773,28
"CJD26","prion","MM2T","04-045","fr","04-045_fr","E200K",1,14290,30,14239,0,14269,21,14269,30
"CJD26","prion","MM2T","04-045","fr","04-045_fr","P102L",1,16658,27,16569,0,16596,62,16596,27
"CJD26","prion","MM2T","04-045","hc","04-045_hc","D178N",1,16459,34,16417,0,16451,8,16451,34
"CJD26","prion","MM2T","04-045","hc","04-045_hc","E200K",1,15860,24,15828,0,15852,8,15852,24
"CJD26","prion","MM2T","04-045","hc","04-045_hc","P102L",1,16195,20,16138,0,16158,37,16158,20
"CJD26","prion","MM2T","04-045","sn","04-045_sn","D178N",1,16331,36,16285,0,16321,10,16321,36
"CJD26","prion","MM2T","04-045","sn","04-045_sn","E200K",1,16701,24,16674,0,16698,3,16698,24
"CJD26","prion","MM2T","04-045","sn","04-045_sn","P102L",1,15208,19,15163,0,15182,26,15182,19
"CJD26","prion","MM2T","04-045","th","04-045_th","D178N",1,16845,36,16769,0,16805,40,16805,36
"CJD26","prion","MM2T","04-045","th","04-045_th","E200K",1,17289,20,17219,0,17239,50,17239,20
"CJD26","prion","MM2T","04-045","th","04-045_th","P102L",1,16825,13,16723,0,16736,89,16736,13
"CJD23","prion","VV1","09-100","bg","09-100_bg","D178N",1,15009,19,14413,0,14432,577,14432,19
"CJD23","prion","VV1","09-100","bg","09-100_bg","E200K",1,15148,7,14837,1,14845,303,14844,8
"CJD23","prion","VV1","09-100","bg","09-100_bg","P102L",1,16417,26,15428,0,15454,963,15454,26
"CJD23","prion","VV1","09-100","cb","09-100_cb","D178N",1,14858,10,13235,0,13245,1613,13245,10
"CJD23","prion","VV1","09-100","cb","09-100_cb","E200K",1,14491,15,13000,0,13015,1476,13015,15
"CJD23","prion","VV1","09-100","cb","09-100_cb","P102L",1,15357,9,12949,0,12958,2399,12958,9
"CJD23","prion","VV1","09-100","fr","09-100_fr","D178N",1,14875,17,14624,1,14642,233,14641,18
"CJD23","prion","VV1","09-100","fr","09-100_fr","E200K",1,14590,12,14352,0,14364,226,14364,12
"CJD23","prion","VV1","09-100","fr","09-100_fr","P102L",1,15825,15,15578,0,15593,232,15593,15
"CJD23","prion","VV1","09-100","hc","09-100_hc","D178N",1,14653,25,14335,0,14360,293,14360,25
"CJD23","prion","VV1","09-100","hc","09-100_hc","E200K",1,14618,10,14533,0,14543,75,14543,10
"CJD23","prion","VV1","09-100","hc","09-100_hc","P102L",1,14766,26,14485,0,14511,255,14511,26
"CJD23","prion","VV1","09-100","sn","09-100_sn","D178N",1,14149,28,13851,0,13879,270,13879,28
"CJD23","prion","VV1","09-100","sn","09-100_sn","E200K",1,15162,13,14932,0,14945,217,14945,13
"CJD23","prion","VV1","09-100","sn","09-100_sn","P102L",1,16037,22,15730,0,15752,285,15752,22
"CJD23","prion","VV1","09-100","th","09-100_th","D178N",1,14619,23,14376,1,14400,219,14399,24
"CJD23","prion","VV1","09-100","th","09-100_th","E200K",1,14857,7,14672,0,14679,178,14679,7
"CJD23","prion","VV1","09-100","th","09-100_th","P102L",1,9420,14,9005,0,9019,401,9019,14
"CJD1","prion","MM1+2C","13-21","bg","13-21_bg","D178N",1,12264,4,10779,0,10783,1481,10783,4
"CJD1","prion","MM1+2C","13-21","bg","13-21_bg","E200K",1,13815,10,12401,0,12411,1404,12411,10
"CJD1","prion","MM1+2C","13-21","bg","13-21_bg","P102L",1,13301,7,12235,0,12242,1059,12242,7
"CJD1","prion","MM1+2C","13-21","cb","13-21_cb","D178N",1,14662,2,13183,0,13185,1477,13185,2
"CJD1","prion","MM1+2C","13-21","cb","13-21_cb","E200K",1,11502,8,10881,0,10889,613,10889,8
"CJD1","prion","MM1+2C","13-21","cb","13-21_cb","P102L",1,13600,5,13083,1,13089,511,13088,6
"CJD1","prion","MM1+2C","13-21","fr","13-21_fr","D178N",1,12251,4,10757,0,10761,1490,10761,4
"CJD1","prion","MM1+2C","13-21","fr","13-21_fr","E200K",1,12242,3,10554,0,10557,1685,10557,3
"CJD1","prion","MM1+2C","13-21","fr","13-21_fr","P102L",1,14833,9,12551,0,12560,2273,12560,9
"CJD1","prion","MM1+2C","13-21","sn","13-21_sn","D178N",1,14375,2,12252,1,12255,2120,12254,3
"CJD1","prion","MM1+2C","13-21","sn","13-21_sn","E200K",1,12635,1,10882,0,10883,1752,10883,1
"CJD1","prion","MM1+2C","13-21","sn","13-21_sn","P102L",1,14187,9,13054,0,13063,1124,13063,9
"CJD1","prion","MM1+2C","13-21","th","13-21_th","D178N",1,14479,0,6012,0,6012,8467,6012,0
"CJD1","prion","MM1+2C","13-21","th","13-21_th","E200K",1,15751,2,6733,2,6737,9014,6735,4
"CJD1","prion","MM1+2C","13-21","th","13-21_th","P102L",1,17514,10,15977,0,15987,1527,15987,10
"CJD2","prion","MM1","14-24","bg","14-24_bg","D178N",1,12544,12,9501,0,9513,3031,9513,12
"CJD2","prion","MM1","14-24","bg","14-24_bg","E200K",1,12838,4,8996,0,9000,3838,9000,4
"CJD2","prion","MM1","14-24","bg","14-24_bg","P102L",1,21407,3,12555,1,12559,8848,12558,4
"CJD2","prion","MM1","14-24","cb","14-24_cb","D178N",1,12304,3,8190,0,8193,4111,8193,3
"CJD2","prion","MM1","14-24","cb","14-24_cb","E200K",1,12273,3,8001,0,8004,4269,8004,3
"CJD2","prion","MM1","14-24","cb","14-24_cb","P102L",1,15571,0,10641,0,10641,4930,10641,0
"CJD2","prion","MM1","14-24","fr","14-24_fr","D178N",1,13971,5,10674,0,10679,3292,10679,5
"CJD2","prion","MM1","14-24","fr","14-24_fr","E200K",1,13570,5,10691,2,10698,2872,10696,7
"CJD2","prion","MM1","14-24","fr","14-24_fr","P102L",1,17355,9,12657,1,12667,4688,12666,10
"CJD2","prion","MM1","14-24","hc","14-24_hc","D178N",1,10276,0,8816,0,8816,1460,8816,0
"CJD2","prion","MM1","14-24","hc","14-24_hc","E200K",1,15429,4,11366,0,11370,4059,11370,4
"CJD2","prion","MM1","14-24","hc","14-24_hc","P102L",1,16280,2,10034,0,10036,6244,10036,2
"CJD2","prion","MM1","14-24","sn","14-24_sn","D178N",1,13886,3,13307,0,13310,576,13310,3
"CJD2","prion","MM1","14-24","sn","14-24_sn","E200K",1,13643,8,12822,1,12831,812,12830,9
"CJD2","prion","MM1","14-24","sn","14-24_sn","P102L",1,15625,1,12565,4,12570,3055,12566,5
"CJD2","prion","MM1","14-24","th","14-24_th","D178N",1,12777,2,12657,0,12659,118,12659,2
"CJD2","prion","MM1","14-24","th","14-24_th","E200K",1,14783,14,14727,0,14741,42,14741,14
"CJD2","prion","MM1","14-24","th","14-24_th","P102L",2,27842,25,22007,1,22033,5809,22032,26
"CJD30","prion","VV2","14-2","bg","14-2_bg","D178N",1,14658,4,14436,0,14440,218,14440,4
"CJD30","prion","VV2","14-2","bg","14-2_bg","E200K",1,14851,10483,2046,1932,14461,390,12529,12415
"CJD30","prion","VV2","14-2","bg","14-2_bg","P102L",1,15364,33,14873,0,14906,458,14906,33
"CJD30","prion","VV2","14-2","cb","14-2_cb","D178N",1,12684,4,12141,0,12145,539,12145,4
"CJD30","prion","VV2","14-2","cb","14-2_cb","E200K",1,14565,8459,2723,2596,13778,787,11182,11055
"CJD30","prion","VV2","14-2","cb","14-2_cb","P102L",1,13530,23,12602,0,12625,905,12625,23
"CJD30","prion","VV2","14-2","fr","14-2_fr","D178N",1,16424,2,16058,1,16061,363,16060,3
"CJD30","prion","VV2","14-2","fr","14-2_fr","E200K",1,14952,10529,2066,2018,14613,339,12595,12547
"CJD30","prion","VV2","14-2","fr","14-2_fr","P102L",1,14339,22,13844,0,13866,473,13866,22
"CJD30","prion","VV2","14-2","hc","14-2_hc","D178N",1,13249,16,13146,0,13162,87,13162,16
"CJD30","prion","VV2","14-2","hc","14-2_hc","E200K",1,14995,12422,1257,1198,14877,118,13679,13620
"CJD30","prion","VV2","14-2","hc","14-2_hc","P102L",1,14947,21,14798,0,14819,128,14819,21
"CJD30","prion","VV2","14-2","sn","14-2_sn","D178N",1,12722,10,12389,0,12399,323,12399,10
"CJD30","prion","VV2","14-2","sn","14-2_sn","E200K",1,16377,12466,1844,1853,16163,214,14310,14319
"CJD30","prion","VV2","14-2","sn","14-2_sn","P102L",1,15758,23,15562,0,15585,173,15585,23
"CJD30","prion","VV2","14-2","th","14-2_th","D178N",1,14914,25,14710,1,14736,178,14735,26
"CJD30","prion","VV2","14-2","th","14-2_th","E200K",1,17378,15552,893,882,17327,51,16445,16434
"CJD30","prion","VV2","14-2","th","14-2_th","P102L",1,16883,26,16764,0,16790,93,16790,26
"CJD3","prion","atypical","15-1","bg","15-1_bg","D178N",1,14079,14,12837,2,12853,1226,12851,16
"CJD3","prion","atypical","15-1","bg","15-1_bg","E200K",1,15109,18,14084,0,14102,1007,14102,18
"CJD3","prion","atypical","15-1","bg","15-1_bg","P102L",1,15760,8,14642,0,14650,1110,14650,8
"CJD3","prion","atypical","15-1","cb","15-1_cb","D178N",1,14641,7,13057,2,13066,1575,13064,9
"CJD3","prion","atypical","15-1","cb","15-1_cb","E200K",1,13694,14,12608,0,12622,1072,12622,14
"CJD3","prion","atypical","15-1","cb","15-1_cb","P102L",1,15354,7,14043,1,14051,1303,14050,8
"CJD3","prion","atypical","15-1","fr","15-1_fr","D178N",1,15580,2,11571,0,11573,4007,11573,2
"CJD3","prion","atypical","15-1","fr","15-1_fr","E200K",1,15545,10,11992,0,12002,3543,12002,10
"CJD3","prion","atypical","15-1","fr","15-1_fr","P102L",1,14966,6,8764,1,8771,6195,8770,7
"CJD3","prion","atypical","15-1","hc","15-1_hc","D178N",1,11622,17,11523,0,11540,82,11540,17
"CJD3","prion","atypical","15-1","hc","15-1_hc","E200K",1,14951,4,14782,0,14786,165,14786,4
"CJD3","prion","atypical","15-1","hc","15-1_hc","P102L",1,12201,20,11995,0,12015,186,12015,20
"CJD3","prion","atypical","15-1","sn","15-1_sn","D178N",1,11715,21,11619,1,11641,74,11640,22
"CJD3","prion","atypical","15-1","sn","15-1_sn","E200K",1,16472,13,16323,0,16336,136,16336,13
"CJD3","prion","atypical","15-1","sn","15-1_sn","P102L",1,12490,35,12383,0,12418,72,12418,35
"CJD3","prion","atypical","15-1","th","15-1_th","D178N",1,14102,11,12450,2,12463,1639,12461,13
"CJD3","prion","atypical","15-1","th","15-1_th","E200K",1,14383,10,11334,0,11344,3039,11344,10
"CJD3","prion","atypical","15-1","th","15-1_th","P102L",1,15058,3,11613,0,11616,3442,11616,3
"CJD4","prion","VV2","15-27","bg","15-27_bg","D178N",1,9808,10,9558,0,9568,240,9568,10
"CJD4","prion","VV2","15-27","bg","15-27_bg","E200K",2,28515,11,27240,1,27252,1263,27251,12
"CJD4","prion","VV2","15-27","bg","15-27_bg","P102L",1,11303,18,10852,0,10870,433,10870,18
"CJD4","prion","VV2","15-27","cb","15-27_cb","D178N",2,25938,15,19171,1,19187,6751,19186,16
"CJD4","prion","VV2","15-27","cb","15-27_cb","E200K",3,45458,20,38291,0,38311,7147,38311,20
"CJD4","prion","VV2","15-27","cb","15-27_cb","P102L",1,13651,16,13093,0,13109,542,13109,16
"CJD4","prion","VV2","15-27","fr","15-27_fr","D178N",1,11027,4,8998,0,9002,2025,9002,4
"CJD4","prion","VV2","15-27","fr","15-27_fr","E200K",2,33901,9,24772,3,24784,9117,24781,12
"CJD4","prion","VV2","15-27","fr","15-27_fr","P102L",2,28557,24,20177,1,20202,8355,20201,25
"CJD4","prion","VV2","15-27","ps","15-27_ps","D178N",1,10976,19,10869,1,10889,87,10888,20
"CJD4","prion","VV2","15-27","ps","15-27_ps","E200K",3,43094,27,39644,316,39987,3107,39671,343
"CJD4","prion","VV2","15-27","ps","15-27_ps","P102L",1,12089,30,12044,0,12074,15,12074,30
"CJD4","prion","VV2","15-27","th","15-27_th","D178N",1,12387,25,12203,0,12228,159,12228,25
"CJD4","prion","VV2","15-27","th","15-27_th","E200K",2,30531,17,30224,0,30241,290,30241,17
"CJD4","prion","VV2","15-27","th","15-27_th","P102L",1,11891,21,11719,0,11740,151,11740,21
"CJD31","prion","VV2","15-6","bg","15-6_bg","D178N",1,13563,12,13435,0,13447,116,13447,12
"CJD31","prion","VV2","15-6","bg","15-6_bg","E200K",1,16249,27,16128,0,16155,94,16155,27
"CJD31","prion","VV2","15-6","bg","15-6_bg","P102L",1,15505,22,15304,0,15326,179,15326,22
"CJD31","prion","VV2","15-6","cb","15-6_cb","D178N",1,12595,10,12509,0,12519,76,12519,10
"CJD31","prion","VV2","15-6","cb","15-6_cb","E200K",1,17263,19,17075,0,17094,169,17094,19
"CJD31","prion","VV2","15-6","cb","15-6_cb","P102L",1,15361,11,14989,0,15000,361,15000,11
"CJD31","prion","VV2","15-6","fr","15-6_fr","D178N",1,13657,12,13269,0,13281,376,13281,12
"CJD31","prion","VV2","15-6","fr","15-6_fr","E200K",1,14768,26,14135,1,14162,606,14161,27
"CJD31","prion","VV2","15-6","fr","15-6_fr","P102L",1,15473,20,14812,0,14832,641,14832,20
"CJD31","prion","VV2","15-6","hc","15-6_hc","D178N",1,12105,18,12060,0,12078,27,12078,18
"CJD31","prion","VV2","15-6","hc","15-6_hc","E200K",1,17113,29,17064,0,17093,20,17093,29
"CJD31","prion","VV2","15-6","hc","15-6_hc","P102L",1,14985,19,14947,0,14966,19,14966,19
"CJD31","prion","VV2","15-6","sn","15-6_sn","D178N",1,13587,26,13547,0,13573,14,13573,26
"CJD31","prion","VV2","15-6","sn","15-6_sn","E200K",1,17582,30,17546,0,17576,6,17576,30
"CJD31","prion","VV2","15-6","sn","15-6_sn","P102L",1,14731,23,14698,0,14721,10,14721,23
"CJD31","prion","VV2","15-6","th","15-6_th","D178N",1,12815,20,12766,0,12786,29,12786,20
"CJD31","prion","VV2","15-6","th","15-6_th","E200K",1,11805,21,11772,0,11793,12,11793,21
"CJD31","prion","VV2","15-6","th","15-6_th","P102L",1,13166,44,12957,0,13001,165,13001,44
"Control1","control","control","17-11","bg","17-11_bg","D178N",1,15385,6,14881,0,14887,498,14887,6
"Control1","control","control","17-11","bg","17-11_bg","E200K",1,15056,9,14502,0,14511,545,14511,9
"Control1","control","control","17-11","bg","17-11_bg","P102L",1,13171,5,12673,0,12678,493,12678,5
"Control1","control","control","17-11","cb","17-11_cb","D178N",1,12260,7,7351,0,7358,4902,7358,7
"Control1","control","control","17-11","cb","17-11_cb","E200K",1,16392,12,12377,0,12389,4003,12389,12
"Control1","control","control","17-11","cb","17-11_cb","P102L",1,16368,5,8222,0,8227,8141,8227,5
"Control1","control","control","17-11","fr","17-11_fr","D178N",1,16710,3,16674,0,16677,33,16677,3
"Control1","control","control","17-11","fr","17-11_fr","E200K",1,15160,5,15152,0,15157,3,15157,5
"Control1","control","control","17-11","fr","17-11_fr","P102L",1,13687,3,13533,0,13536,151,13536,3
"Control1","control","control","17-11","hc","17-11_hc","D178N",1,16927,4,16720,0,16724,203,16724,4
"Control1","control","control","17-11","hc","17-11_hc","E200K",1,16723,8,16504,0,16512,211,16512,8
"Control1","control","control","17-11","hc","17-11_hc","P102L",1,14966,2,14685,0,14687,279,14687,2
"Control1","control","control","17-11","sn","17-11_sn","D178N",1,15577,2,15539,0,15541,36,15541,2
"Control1","control","control","17-11","sn","17-11_sn","E200K",1,13585,2,13539,0,13541,44,13541,2
"Control1","control","control","17-11","sn","17-11_sn","P102L",1,14238,18,14189,0,14207,31,14207,18
"Control1","control","control","17-11","th","17-11_th","D178N",1,14403,2,14184,0,14186,217,14186,2
"Control1","control","control","17-11","th","17-11_th","E200K",1,14916,5,14633,0,14638,278,14638,5
"Control1","control","control","17-11","th","17-11_th","P102L",1,13475,16,13229,0,13245,230,13245,16
"CJD5","prion","MV2K+C","17-12","bg","17-12_bg","D178N",1,15852,3,15799,0,15802,50,15802,3
"CJD5","prion","MV2K+C","17-12","bg","17-12_bg","E200K",1,15775,6,15726,0,15732,43,15732,6
"CJD5","prion","MV2K+C","17-12","bg","17-12_bg","P102L",1,15655,6,15477,0,15483,172,15483,6
"CJD5","prion","MV2K+C","17-12","cb","17-12_cb","D178N",1,11528,0,11424,0,11424,104,11424,0
"CJD5","prion","MV2K+C","17-12","cb","17-12_cb","E200K",1,15243,5,15111,0,15116,127,15116,5
"CJD5","prion","MV2K+C","17-12","cb","17-12_cb","P102L",1,13601,12,13464,0,13476,125,13476,12
"CJD5","prion","MV2K+C","17-12","fr","17-12_fr","D178N",1,15797,2,15508,0,15510,287,15510,2
"CJD5","prion","MV2K+C","17-12","fr","17-12_fr","E200K",1,16123,9,15826,0,15835,288,15835,9
"CJD5","prion","MV2K+C","17-12","fr","17-12_fr","P102L",1,14442,1,14396,0,14397,45,14397,1
"CJD5","prion","MV2K+C","17-12","hc","17-12_hc","D178N",1,16235,7,15758,0,15765,470,15765,7
"CJD5","prion","MV2K+C","17-12","hc","17-12_hc","E200K",1,14544,3,14141,0,14144,400,14144,3
"CJD5","prion","MV2K+C","17-12","hc","17-12_hc","P102L",1,14400,13,13895,1,13909,491,13908,14
"CJD5","prion","MV2K+C","17-12","sn","17-12_sn","D178N",1,16596,2,16590,0,16592,4,16592,2
"CJD5","prion","MV2K+C","17-12","sn","17-12_sn","E200K",1,17518,4,17508,0,17512,6,17512,4
"CJD5","prion","MV2K+C","17-12","sn","17-12_sn","P102L",2,25846,35,25806,0,25841,5,25841,35
"CJD5","prion","MV2K+C","17-12","th","17-12_th","D178N",1,15563,31,15402,0,15433,130,15433,31
"CJD5","prion","MV2K+C","17-12","th","17-12_th","E200K",1,12731,20,12701,0,12721,10,12721,20
"CJD5","prion","MV2K+C","17-12","th","17-12_th","P102L",1,15223,7,15107,0,15114,109,15114,7
"CJD6","prion","MV2C","17-13","bg","17-13_bg","D178N",2,33447,39,33220,0,33259,188,33259,39
"CJD6","prion","MV2C","17-13","bg","17-13_bg","E200K",1,15736,26,15237,0,15263,473,15263,26
"CJD6","prion","MV2C","17-13","bg","17-13_bg","P102L",1,13049,2,12980,0,12982,67,12982,2
"CJD6","prion","MV2C","17-13","cb","17-13_cb","D178N",1,16582,8,16572,0,16580,2,16580,8
"CJD6","prion","MV2C","17-13","cb","17-13_cb","E200K",1,16294,15,16273,0,16288,6,16288,15
"CJD6","prion","MV2C","17-13","cb","17-13_cb","P102L",1,13973,4,13967,0,13971,2,13971,4
"CJD6","prion","MV2C","17-13","fr","17-13_fr","D178N",1,13975,5,13707,0,13712,263,13712,5
"CJD6","prion","MV2C","17-13","fr","17-13_fr","E200K",1,15002,9,14769,1,14779,223,14778,10
"CJD6","prion","MV2C","17-13","fr","17-13_fr","P102L",1,13399,18,13105,1,13124,275,13123,19
"CJD6","prion","MV2C","17-13","hc","17-13_hc","D178N",1,17509,5,17418,3,17426,83,17423,8
"CJD6","prion","MV2C","17-13","hc","17-13_hc","E200K",1,17828,7,17785,0,17792,36,17792,7
"CJD6","prion","MV2C","17-13","hc","17-13_hc","P102L",1,14207,0,14115,0,14115,92,14115,0
"CJD6","prion","MV2C","17-13","sn","17-13_sn","D178N",1,18145,2,18136,0,18138,7,18138,2
"CJD6","prion","MV2C","17-13","sn","17-13_sn","E200K",1,17488,3,17472,0,17475,13,17475,3
"CJD6","prion","MV2C","17-13","sn","17-13_sn","P102L",1,11101,0,10836,0,10836,265,10836,0
"CJD6","prion","MV2C","17-13","th","17-13_th","D178N",2,32348,7,31639,0,31646,702,31646,7
"CJD6","prion","MV2C","17-13","th","17-13_th","E200K",2,31192,14,30453,1,30468,724,30467,15
"CJD6","prion","MV2C","17-13","th","17-13_th","P102L",2,27145,21,26003,0,26024,1121,26024,21
"Control2","control","control","17-15","cb","17-15_cb","D178N",1,14913,0,14911,0,14911,2,14911,0
"Control2","control","control","17-15","cb","17-15_cb","E200K",1,16578,3,16542,0,16545,33,16545,3
"Control2","control","control","17-15","cb","17-15_cb","P102L",1,13201,0,12777,0,12777,424,12777,0
"Control2","control","control","17-15","fr","17-15_fr","E200K",1,15330,12,14693,0,14705,625,14705,12
"Control2","control","control","17-15","th","17-15_th","D178N",2,30244,6,29435,1,29442,802,29441,7
"Control2","control","control","17-15","th","17-15_th","E200K",1,16937,3,16222,0,16225,712,16225,3
"Control3","control","control","17-20","bg","17-20_bg","D178N",1,13855,1,11889,0,11890,1965,11890,1
"Control3","control","control","17-20","bg","17-20_bg","E200K",1,12131,3,11165,0,11168,963,11168,3
"Control3","control","control","17-20","bg","17-20_bg","P102L",2,32310,19,29709,0,29728,2582,29728,19
"Control3","control","control","17-20","cb","17-20_cb","D178N",1,14753,1,13330,0,13331,1422,13331,1
"Control3","control","control","17-20","cb","17-20_cb","E200K",1,13993,2,13178,0,13180,813,13180,2
"Control3","control","control","17-20","cb","17-20_cb","P102L",2,29769,9,28968,0,28977,792,28977,9
"Control3","control","control","17-20","fr","17-20_fr","D178N",1,15258,2,14227,0,14229,1029,14229,2
"Control3","control","control","17-20","fr","17-20_fr","E200K",1,13521,1,12540,0,12541,980,12541,1
"Control3","control","control","17-20","fr","17-20_fr","P102L",2,30686,27,29310,0,29337,1349,29337,27
"Control3","control","control","17-20","hc","17-20_hc","D178N",1,14367,26,14331,0,14357,10,14357,26
"Control3","control","control","17-20","hc","17-20_hc","E200K",1,12541,3,12518,0,12521,20,12521,3
"Control3","control","control","17-20","hc","17-20_hc","P102L",1,11215,32,11178,0,11210,5,11210,32
"Control3","control","control","17-20","sn","17-20_sn","D178N",1,16105,2,12952,0,12954,3151,12954,2
"Control3","control","control","17-20","sn","17-20_sn","E200K",1,12527,11,11661,0,11672,855,11672,11
"Control3","control","control","17-20","sn","17-20_sn","P102L",2,30037,27,27942,0,27969,2068,27969,27
"Control3","control","control","17-20","th","17-20_th","D178N",1,11134,1,4003,0,4004,7130,4004,1
"Control3","control","control","17-20","th","17-20_th","E200K",1,10087,1,8892,0,8893,1194,8893,1
"Control3","control","control","17-20","th","17-20_th","P102L",2,31425,24,25791,1,25816,5609,25815,25
"Control4","control","control","17-30","bg","17-30_bg","D178N",1,14680,2,14474,1,14477,203,14476,3
"Control4","control","control","17-30","bg","17-30_bg","E200K",1,14645,12,14581,0,14593,52,14593,12
"Control4","control","control","17-30","bg","17-30_bg","P102L",1,14695,1,14638,0,14639,56,14639,1
"Control4","control","control","17-30","cb","17-30_cb","D178N",1,15020,1,12881,3,12885,2135,12882,4
"Control4","control","control","17-30","cb","17-30_cb","E200K",1,15881,0,13494,0,13494,2387,13494,0
"Control4","control","control","17-30","cb","17-30_cb","P102L",1,14631,4,11527,0,11531,3100,11531,4
"Control4","control","control","17-30","fr","17-30_fr","D178N",1,14770,6,14499,0,14505,265,14505,6
"Control4","control","control","17-30","fr","17-30_fr","E200K",1,15271,7,15102,0,15109,162,15109,7
"Control4","control","control","17-30","fr","17-30_fr","P102L",1,14416,0,13946,0,13946,470,13946,0
"Control4","control","control","17-30","hc","17-30_hc","D178N",1,15000,4,11370,0,11374,3626,11374,4
"Control4","control","control","17-30","hc","17-30_hc","E200K",1,15845,8,12357,0,12365,3480,12365,8
"Control4","control","control","17-30","hc","17-30_hc","P102L",1,14618,8,12743,0,12751,1867,12751,8
"Control4","control","control","17-30","sn","17-30_sn","D178N",1,15018,4,14046,0,14050,968,14050,4
"Control4","control","control","17-30","sn","17-30_sn","E200K",1,16087,3,15162,0,15165,922,15165,3
"Control4","control","control","17-30","sn","17-30_sn","P102L",1,13465,15,13377,0,13392,73,13392,15
"Control4","control","control","17-30","th","17-30_th","D178N",1,14247,3,13244,0,13247,1000,13247,3
"Control4","control","control","17-30","th","17-30_th","E200K",1,12687,8,12135,0,12143,544,12143,8
"Control4","control","control","17-30","th","17-30_th","P102L",1,15022,6,14150,1,14157,865,14156,7
"Control5","control","control","17-31","bg","17-31_bg","D178N",1,12458,1,11413,0,11414,1044,11414,1
"Control5","control","control","17-31","bg","17-31_bg","E200K",1,13165,3,12969,0,12972,193,12972,3
"Control5","control","control","17-31","bg","17-31_bg","P102L",1,12075,1,11751,0,11752,323,11752,1
"Control5","control","control","17-31","cb","17-31_cb","D178N",1,14943,2,12857,1,12860,2083,12859,3
"Control5","control","control","17-31","cb","17-31_cb","E200K",1,15436,2,12704,0,12706,2730,12706,2
"Control5","control","control","17-31","cb","17-31_cb","P102L",1,15549,7,12713,0,12720,2829,12720,7
"Control5","control","control","17-31","fr","17-31_fr","D178N",1,14119,4,13174,0,13178,941,13178,4
"Control5","control","control","17-31","fr","17-31_fr","E200K",1,14930,15,13966,1,13982,948,13981,16
"Control5","control","control","17-31","fr","17-31_fr","P102L",1,15533,20,14459,1,14480,1053,14479,21
"Control5","control","control","17-31","hc","17-31_hc","D178N",1,12127,4,11308,0,11312,815,11312,4
"Control5","control","control","17-31","hc","17-31_hc","E200K",1,15587,16,12945,1,12962,2625,12961,17
"Control5","control","control","17-31","hc","17-31_hc","P102L",1,14478,10,14397,0,14407,71,14407,10
"Control5","control","control","17-31","sn","17-31_sn","D178N",1,11707,0,7718,1,7719,3988,7718,1
"Control5","control","control","17-31","sn","17-31_sn","E200K",1,12428,6,12232,0,12238,190,12238,6
"Control5","control","control","17-31","sn","17-31_sn","P102L",1,11306,0,10343,0,10343,963,10343,0
"Control5","control","control","17-31","th","17-31_th","D178N",1,13511,2,10543,0,10545,2966,10545,2
"Control5","control","control","17-31","th","17-31_th","E200K",1,12309,4,10605,0,10609,1700,10609,4
"Control5","control","control","17-31","th","17-31_th","P102L",1,13811,4,13536,0,13540,271,13540,4
"CJD7","prion","atypical","17-32","bg","17-32_bg","D178N",2,23524,4,19448,1,19453,4071,19452,5
"CJD7","prion","atypical","17-32","bg","17-32_bg","E200K",1,12223,6,11555,0,11561,662,11561,6
"CJD7","prion","atypical","17-32","bg","17-32_bg","P102L",1,14309,19,12863,0,12882,1427,12882,19
"CJD7","prion","atypical","17-32","cb","17-32_cb","D178N",1,12057,1,6786,1,6788,5269,6787,2
"CJD7","prion","atypical","17-32","cb","17-32_cb","E200K",2,29150,9,22700,0,22709,6441,22709,9
"CJD7","prion","atypical","17-32","cb","17-32_cb","P102L",1,14901,6,11430,0,11436,3465,11436,6
"CJD7","prion","atypical","17-32","fr","17-32_fr","D178N",1,13361,1,7044,0,7045,6316,7045,1
"CJD7","prion","atypical","17-32","fr","17-32_fr","E200K",1,13533,4,13012,0,13016,517,13016,4
"CJD7","prion","atypical","17-32","fr","17-32_fr","P102L",1,15851,13,14549,0,14562,1289,14562,13
"CJD7","prion","atypical","17-32","hc","17-32_hc","D178N",1,13153,0,5516,0,5516,7637,5516,0
"CJD7","prion","atypical","17-32","hc","17-32_hc","E200K",1,13493,8,12668,0,12676,817,12676,8
"CJD7","prion","atypical","17-32","hc","17-32_hc","P102L",2,28232,13,27552,1,27566,666,27565,14
"CJD7","prion","atypical","17-32","sn","17-32_sn","D178N",1,12502,2,10887,0,10889,1613,10889,2
"CJD7","prion","atypical","17-32","sn","17-32_sn","E200K",1,13726,2,13587,0,13589,137,13589,2
"CJD7","prion","atypical","17-32","sn","17-32_sn","P102L",2,27904,3,27123,0,27126,778,27126,3
"CJD7","prion","atypical","17-32","th","17-32_th","D178N",2,22639,7,19871,0,19878,2761,19878,7
"CJD7","prion","atypical","17-32","th","17-32_th","E200K",1,12547,5,11524,0,11529,1018,11529,5
"CJD7","prion","atypical","17-32","th","17-32_th","P102L",2,29455,23,27663,0,27686,1769,27686,23
"CJD8","prion","MM1","17-34","bg","17-34_bg","D178N",2,30392,3,30028,1,30032,360,30031,4
"CJD8","prion","MM1","17-34","bg","17-34_bg","E200K",2,31198,9,30834,0,30843,355,30843,9
"CJD8","prion","MM1","17-34","bg","17-34_bg","P102L",2,27270,29,26113,0,26142,1128,26142,29
"CJD8","prion","MM1","17-34","cb","17-34_cb","D178N",1,15455,27,15259,9,15295,160,15286,36
"CJD8","prion","MM1","17-34","cb","17-34_cb","E200K",1,12545,4,8599,0,8603,3942,8603,4
"CJD8","prion","MM1","17-34","cb","17-34_cb","P102L",1,14125,16,6897,0,6913,7212,6913,16
"CJD8","prion","MM1","17-34","fr","17-34_fr","D178N",1,15767,0,15723,0,15723,44,15723,0
"CJD8","prion","MM1","17-34","fr","17-34_fr","E200K",1,13488,1,13486,0,13487,1,13487,1
"CJD8","prion","MM1","17-34","fr","17-34_fr","P102L",1,12727,0,12490,0,12490,237,12490,0
"CJD8","prion","MM1","17-34","hc","17-34_hc","D178N",1,15846,4,15659,0,15663,183,15663,4
"CJD8","prion","MM1","17-34","hc","17-34_hc","E200K",1,15668,8,15459,1,15468,200,15467,9
"CJD8","prion","MM1","17-34","hc","17-34_hc","P102L",1,10313,20,10043,0,10063,250,10063,20
"CJD8","prion","MM1","17-34","sn","17-34_sn","D178N",1,15748,19,15726,0,15745,3,15745,19
"CJD8","prion","MM1","17-34","sn","17-34_sn","E200K",1,16856,11,16810,0,16821,35,16821,11
"CJD8","prion","MM1","17-34","sn","17-34_sn","P102L",1,13474,1,13436,0,13437,37,13437,1
"CJD8","prion","MM1","17-34","th","17-34_th","D178N",1,14456,16,14422,0,14438,18,14438,16
"CJD8","prion","MM1","17-34","th","17-34_th","E200K",1,15136,33,15013,1,15047,89,15046,34
"CJD8","prion","MM1","17-34","th","17-34_th","P102L",1,11701,7,11670,0,11677,24,11677,7
"CJD9","prion","atypical","17-5","bg","17-5_bg","D178N",1,13928,5,13371,0,13376,552,13376,5
"CJD9","prion","atypical","17-5","bg","17-5_bg","E200K",1,16119,3,15274,0,15277,842,15277,3
"CJD9","prion","atypical","17-5","bg","17-5_bg","P102L",1,15538,10,14796,1,14807,731,14806,11
"CJD9","prion","atypical","17-5","cb","17-5_cb","D178N",1,15774,4,15763,0,15767,7,15767,4
"CJD9","prion","atypical","17-5","cb","17-5_cb","E200K",1,16209,2,16203,0,16205,4,16205,2
"CJD9","prion","atypical","17-5","cb","17-5_cb","P102L",1,14062,2,13984,0,13986,76,13986,2
"CJD9","prion","atypical","17-5","fr","17-5_fr","D178N",1,15525,1,15523,0,15524,1,15524,1
"CJD9","prion","atypical","17-5","fr","17-5_fr","E200K",1,15925,4,15920,0,15924,1,15924,4
"CJD9","prion","atypical","17-5","fr","17-5_fr","P102L",1,13632,1,13439,0,13440,192,13440,1
"CJD9","prion","atypical","17-5","hc","17-5_hc","D178N",1,15997,2,15842,0,15844,153,15844,2
"CJD9","prion","atypical","17-5","hc","17-5_hc","E200K",1,15255,3,15039,0,15042,213,15042,3
"CJD9","prion","atypical","17-5","hc","17-5_hc","P102L",1,15779,20,15562,0,15582,197,15582,20
"CJD9","prion","atypical","17-5","sn","17-5_sn","D178N",1,15868,9,15247,0,15256,612,15256,9
"CJD9","prion","atypical","17-5","sn","17-5_sn","E200K",1,17084,9,16347,0,16356,728,16356,9
"CJD9","prion","atypical","17-5","sn","17-5_sn","P102L",1,14560,11,13960,0,13971,589,13971,11
"CJD9","prion","atypical","17-5","th","17-5_th","D178N",1,16376,1,16369,0,16370,6,16370,1
"CJD9","prion","atypical","17-5","th","17-5_th","E200K",1,16877,3,16866,0,16869,8,16869,3
"CJD9","prion","atypical","17-5","th","17-5_th","P102L",1,13268,5,13083,0,13088,180,13088,5
"CJD10","prion","MM1+2C","17-8","bg","17-8_bg","D178N",1,15956,4,15895,0,15899,57,15899,4
"CJD10","prion","MM1+2C","17-8","bg","17-8_bg","E200K",1,15897,1,15818,0,15819,78,15819,1
"CJD10","prion","MM1+2C","17-8","bg","17-8_bg","P102L",2,31703,3,31368,1,31372,331,31371,4
"CJD10","prion","MM1+2C","17-8","cb","17-8_cb","D178N",1,17466,35,17428,0,17463,3,17463,35
"CJD10","prion","MM1+2C","17-8","cb","17-8_cb","E200K",1,14482,17,14462,0,14479,3,14479,17
"CJD10","prion","MM1+2C","17-8","cb","17-8_cb","P102L",2,31611,2,31600,0,31602,9,31602,2
"CJD10","prion","MM1+2C","17-8","fr","17-8_fr","D178N",1,17620,27,17477,0,17504,116,17504,27
"CJD10","prion","MM1+2C","17-8","fr","17-8_fr","E200K",1,15669,24,15523,0,15547,122,15547,24
"CJD10","prion","MM1+2C","17-8","fr","17-8_fr","P102L",1,13677,5,13664,0,13669,8,13669,5
"CJD10","prion","MM1+2C","17-8","hc","17-8_hc","D178N",1,15677,1,15633,0,15634,43,15634,1
"CJD10","prion","MM1+2C","17-8","hc","17-8_hc","E200K",1,16354,7,16257,0,16264,90,16264,7
"CJD10","prion","MM1+2C","17-8","hc","17-8_hc","P102L",1,15242,17,15107,0,15124,118,15124,17
"CJD10","prion","MM1+2C","17-8","sn","17-8_sn","D178N",1,14269,2,14015,0,14017,252,14017,2
"CJD10","prion","MM1+2C","17-8","sn","17-8_sn","E200K",1,14955,4,14692,0,14696,259,14696,4
"CJD10","prion","MM1+2C","17-8","sn","17-8_sn","P102L",1,14008,42,13567,1,13610,398,13609,43
"CJD10","prion","MM1+2C","17-8","th","17-8_th","D178N",1,14437,29,14279,0,14308,129,14308,29
"CJD10","prion","MM1+2C","17-8","th","17-8_th","E200K",1,15631,5,15551,0,15556,75,15556,5
"CJD10","prion","MM1+2C","17-8","th","17-8_th","P102L",1,13492,39,13250,0,13289,203,13289,39
"CJD11","prion","MM1","18-17","bg","18-17_bg","D178N",1,10268,4,9252,0,9256,1012,9256,4
"CJD11","prion","MM1","18-17","bg","18-17_bg","E200K",1,12362,2,9606,0,9608,2754,9608,2
"CJD11","prion","MM1","18-17","bg","18-17_bg","P102L",1,16687,14,14260,0,14274,2413,14274,14
"CJD11","prion","MM1","18-17","cb","18-17_cb","D178N",1,10313,3,8016,0,8019,2294,8019,3
"CJD11","prion","MM1","18-17","cb","18-17_cb","E200K",1,12125,4,10064,0,10068,2057,10068,4
"CJD11","prion","MM1","18-17","cb","18-17_cb","P102L",1,13473,11,12312,0,12323,1150,12323,11
"CJD11","prion","MM1","18-17","fr","18-17_fr","D178N",1,12483,6,10526,0,10532,1951,10532,6
"CJD11","prion","MM1","18-17","fr","18-17_fr","E200K",1,13876,2,10060,0,10062,3814,10062,2
"CJD11","prion","MM1","18-17","fr","18-17_fr","P102L",1,14122,11,13383,0,13394,728,13394,11
"CJD11","prion","MM1","18-17","hc","18-17_hc","D178N",1,12076,5,9828,0,9833,2243,9833,5
"CJD11","prion","MM1","18-17","hc","18-17_hc","E200K",1,11519,3,9519,0,9522,1997,9522,3
"CJD11","prion","MM1","18-17","hc","18-17_hc","P102L",1,13687,6,12140,0,12146,1541,12146,6
"CJD11","prion","MM1","18-17","sn","18-17_sn","D178N",1,12418,3,9018,0,9021,3397,9021,3
"CJD11","prion","MM1","18-17","sn","18-17_sn","E200K",1,12204,6,10950,0,10956,1248,10956,6
"CJD11","prion","MM1","18-17","sn","18-17_sn","P102L",1,14091,12,13029,0,13041,1050,13041,12
"CJD11","prion","MM1","18-17","th","18-17_th","D178N",1,11937,6,9739,1,9746,2191,9745,7
"CJD11","prion","MM1","18-17","th","18-17_th","E200K",1,8274,2,7006,0,7008,1266,7008,2
"CJD11","prion","MM1","18-17","th","18-17_th","P102L",1,14933,18,13883,0,13901,1032,13901,18
"Control6","control","control","18-1","bg","18-1_bg","D178N",1,12422,1,5764,1,5766,6656,5765,2
"Control6","control","control","18-1","bg","18-1_bg","E200K",1,12767,10,12237,0,12247,520,12247,10
"Control6","control","control","18-1","bg","18-1_bg","P102L",2,28658,20,26658,0,26678,1980,26678,20
"Control6","control","control","18-1","cb","18-1_cb","D178N",1,13223,1,7636,1,7638,5585,7637,2
"Control6","control","control","18-1","cb","18-1_cb","E200K",1,12464,9,10094,0,10103,2361,10103,9
"Control6","control","control","18-1","cb","18-1_cb","P102L",2,30406,17,24413,1,24431,5975,24430,18
"Control6","control","control","18-1","fr","18-1_fr","D178N",1,12148,5,10500,1,10506,1642,10505,6
"Control6","control","control","18-1","fr","18-1_fr","E200K",1,10303,3,10151,0,10154,149,10154,3
"Control6","control","control","18-1","fr","18-1_fr","P102L",2,28811,19,27747,0,27766,1045,27766,19
"Control6","control","control","18-1","hc","18-1_hc","D178N",1,11883,1,7776,0,7777,4106,7777,1
"Control6","control","control","18-1","hc","18-1_hc","E200K",1,12140,2,11819,0,11821,319,11821,2
"Control6","control","control","18-1","hc","18-1_hc","P102L",2,26718,15,25681,0,25696,1022,25696,15
"Control6","control","control","18-1","sn","18-1_sn","D178N",1,14599,2,14547,0,14549,50,14549,2
"Control6","control","control","18-1","sn","18-1_sn","E200K",1,13593,12,13518,0,13530,63,13530,12
"Control6","control","control","18-1","sn","18-1_sn","P102L",1,14161,19,14042,0,14061,100,14061,19
"Control6","control","control","18-1","th","18-1_th","D178N",1,13924,1,13917,0,13918,6,13918,1
"Control6","control","control","18-1","th","18-1_th","E200K",1,15254,9,15225,0,15234,20,15234,9
"Control6","control","control","18-1","th","18-1_th","P102L",1,15679,22,15642,0,15664,15,15664,22
"CJD12","prion","MM1","18-24","bg","18-24_bg","D178N",1,12348,6,8676,0,8682,3666,8682,6
"CJD12","prion","MM1","18-24","bg","18-24_bg","E200K",1,11062,10,9616,1,9627,1435,9626,11
"CJD12","prion","MM1","18-24","bg","18-24_bg","P102L",1,14733,19,13940,1,13960,773,13959,20
"CJD12","prion","MM1","18-24","cb","18-24_cb","D178N",1,12461,3,9398,0,9401,3060,9401,3
"CJD12","prion","MM1","18-24","cb","18-24_cb","E200K",1,12977,3,11126,0,11129,1848,11129,3
"CJD12","prion","MM1","18-24","cb","18-24_cb","P102L",1,14876,11,13096,0,13107,1769,13107,11
"CJD12","prion","MM1","18-24","fr","18-24_fr","D178N",1,13337,6,11644,0,11650,1687,11650,6
"CJD12","prion","MM1","18-24","fr","18-24_fr","E200K",1,12578,8,9912,2,9922,2656,9920,10
"CJD12","prion","MM1","18-24","fr","18-24_fr","P102L",1,14484,12,13719,0,13731,753,13731,12
"CJD12","prion","MM1","18-24","hc","18-24_hc","D178N",1,11132,6,9725,0,9731,1401,9731,6
"CJD12","prion","MM1","18-24","hc","18-24_hc","E200K",1,8863,7,7379,0,7386,1477,7386,7
"CJD12","prion","MM1","18-24","hc","18-24_hc","P102L",1,13415,12,12807,0,12819,596,12819,12
"CJD12","prion","MM1","18-24","sn","18-24_sn","D178N",1,10094,3,7776,0,7779,2315,7779,3
"CJD12","prion","MM1","18-24","sn","18-24_sn","E200K",1,13172,2,11316,0,11318,1854,11318,2
"CJD12","prion","MM1","18-24","sn","18-24_sn","P102L",1,13587,11,12675,1,12687,900,12686,12
"CJD12","prion","MM1","18-24","th","18-24_th","D178N",1,16233,2,15741,0,15743,490,15743,2
"CJD12","prion","MM1","18-24","th","18-24_th","E200K",1,16787,1,15929,0,15930,857,15930,1
"CJD12","prion","MM1","18-24","th","18-24_th","P102L",1,14347,11,13981,0,13992,355,13992,11
"CJD13","prion","MM1","18-31","bg","18-31_bg","D178N",1,11589,3,9235,0,9238,2351,9238,3
"CJD13","prion","MM1","18-31","bg","18-31_bg","E200K",1,14156,4,9657,1,9662,4494,9661,5
"CJD13","prion","MM1","18-31","bg","18-31_bg","P102L",1,14820,9,14142,1,14152,668,14151,10
"CJD13","prion","MM1","18-31","cb","18-31_cb","D178N",1,13896,2,11069,0,11071,2825,11071,2
"CJD13","prion","MM1","18-31","cb","18-31_cb","E200K",1,11388,13,8722,0,8735,2653,8735,13
"CJD13","prion","MM1","18-31","cb","18-31_cb","P102L",1,13633,0,13321,0,13321,312,13321,0
"CJD13","prion","MM1","18-31","fr","18-31_fr","D178N",1,12357,2,8250,0,8252,4105,8252,2
"CJD13","prion","MM1","18-31","fr","18-31_fr","E200K",1,12572,3,11164,0,11167,1405,11167,3
"CJD13","prion","MM1","18-31","fr","18-31_fr","P102L",1,14795,4,13093,1,13098,1697,13097,5
"CJD13","prion","MM1","18-31","hc","18-31_hc","D178N",1,9109,1,6120,0,6121,2988,6121,1
"CJD13","prion","MM1","18-31","hc","18-31_hc","E200K",1,15118,2,11897,1,11900,3218,11899,3
"CJD13","prion","MM1","18-31","hc","18-31_hc","P102L",1,16065,13,14800,1,14814,1251,14813,14
"CJD13","prion","MM1","18-31","sn","18-31_sn","D178N",1,10324,12,8220,0,8232,2092,8232,12
"CJD13","prion","MM1","18-31","sn","18-31_sn","E200K",1,9518,5,8302,0,8307,1211,8307,5
"CJD13","prion","MM1","18-31","sn","18-31_sn","P102L",2,31582,25,30979,0,31004,578,31004,25
"CJD13","prion","MM1","18-31","th","18-31_th","D178N",1,15196,0,12242,1,12243,2953,12242,1
"CJD13","prion","MM1","18-31","th","18-31_th","E200K",1,14945,0,12190,0,12190,2755,12190,0
"CJD13","prion","MM1","18-31","th","18-31_th","P102L",2,29950,15,27412,0,27427,2523,27427,15
"CJD14","prion","atypical","18-5","bg","18-5_bg","D178N",1,12341,0,9243,0,9243,3098,9243,0
"CJD14","prion","atypical","18-5","bg","18-5_bg","E200K",2,23180,9,22605,0,22614,566,22614,9
"CJD14","prion","atypical","18-5","bg","18-5_bg","P102L",2,28182,7,22949,0,22956,5226,22956,7
"CJD14","prion","atypical","18-5","cb","18-5_cb","D178N",2,24554,4,23044,0,23048,1506,23048,4
"CJD14","prion","atypical","18-5","cb","18-5_cb","E200K",1,12220,1,11425,0,11426,794,11426,1
"CJD14","prion","atypical","18-5","cb","18-5_cb","P102L",2,28429,21,27828,0,27849,580,27849,21
"CJD14","prion","atypical","18-5","fr","18-5_fr","D178N",1,11962,3,10394,0,10397,1565,10397,3
"CJD14","prion","atypical","18-5","fr","18-5_fr","E200K",1,11032,6,10675,0,10681,351,10681,6
"CJD14","prion","atypical","18-5","fr","18-5_fr","P102L",2,30330,4,26531,1,26536,3794,26535,5
"CJD14","prion","atypical","18-5","hc","18-5_hc","D178N",1,10563,3,8978,0,8981,1582,8981,3
"CJD14","prion","atypical","18-5","hc","18-5_hc","E200K",1,11689,12,11060,0,11072,617,11072,12
"CJD14","prion","atypical","18-5","hc","18-5_hc","P102L",2,28144,16,27513,0,27529,615,27529,16
"CJD14","prion","atypical","18-5","sn","18-5_sn","D178N",1,12365,5,10151,2,10158,2207,10156,7
"CJD14","prion","atypical","18-5","sn","18-5_sn","E200K",1,12649,2,12590,0,12592,57,12592,2
"CJD14","prion","atypical","18-5","sn","18-5_sn","P102L",2,31087,6,30726,0,30732,355,30732,6
"CJD14","prion","atypical","18-5","th","18-5_th","D178N",1,14004,2,12838,0,12840,1164,12840,2
"CJD14","prion","atypical","18-5","th","18-5_th","E200K",1,15078,10,13956,4,13970,1108,13966,14
"CJD14","prion","atypical","18-5","th","18-5_th","P102L",3,42567,30,40619,0,40649,1918,40649,30
"CJD15","prion","MM1+2C","18-6","bg","18-6_bg","D178N",1,12762,6,10661,0,10667,2095,10667,6
"CJD15","prion","MM1+2C","18-6","bg","18-6_bg","E200K",1,12442,2,10812,0,10814,1628,10814,2
"CJD15","prion","MM1+2C","18-6","bg","18-6_bg","P102L",1,13821,14,13226,0,13240,581,13240,14
"CJD15","prion","MM1+2C","18-6","cb","18-6_cb","D178N",1,13227,5,10541,0,10546,2681,10546,5
"CJD15","prion","MM1+2C","18-6","cb","18-6_cb","E200K",1,13150,2,10915,0,10917,2233,10917,2
"CJD15","prion","MM1+2C","18-6","cb","18-6_cb","P102L",1,14491,4,13936,0,13940,551,13940,4
"CJD15","prion","MM1+2C","18-6","fr","18-6_fr","D178N",1,14251,4,10491,0,10495,3756,10495,4
"CJD15","prion","MM1+2C","18-6","fr","18-6_fr","E200K",1,12387,10,10585,0,10595,1792,10595,10
"CJD15","prion","MM1+2C","18-6","fr","18-6_fr","P102L",1,14764,10,13063,2,13075,1689,13073,12
"CJD15","prion","MM1+2C","18-6","hc","18-6_hc","D178N",1,11985,4,10162,0,10166,1819,10166,4
"CJD15","prion","MM1+2C","18-6","hc","18-6_hc","E200K",1,9069,1,8005,0,8006,1063,8006,1
"CJD15","prion","MM1+2C","18-6","hc","18-6_hc","P102L",1,15828,10,15288,0,15298,530,15298,10
"CJD15","prion","MM1+2C","18-6","sn","18-6_sn","D178N",1,12158,4,10154,0,10158,2000,10158,4
"CJD15","prion","MM1+2C","18-6","sn","18-6_sn","E200K",1,13255,2,11148,0,11150,2105,11150,2
"CJD15","prion","MM1+2C","18-6","sn","18-6_sn","P102L",1,12091,11,6035,0,6046,6045,6046,11
"CJD15","prion","MM1+2C","18-6","th","18-6_th","D178N",1,9520,7,8336,0,8343,1177,8343,7
"CJD15","prion","MM1+2C","18-6","th","18-6_th","E200K",1,8621,3,7716,0,7719,902,7719,3
"CJD15","prion","MM1+2C","18-6","th","18-6_th","P102L",1,17481,17,12600,0,12617,4864,12617,17
"CJD29","prion","MV2K","19-082","bg","19-082_bg","D178N",1,14745,29,14561,0,14590,155,14590,29
"CJD29","prion","MV2K","19-082","bg","19-082_bg","E200K",1,12884,21,12783,0,12804,80,12804,21
"CJD29","prion","MV2K","19-082","bg","19-082_bg","P102L",1,15002,18,14786,0,14804,198,14804,18
"CJD29","prion","MV2K","19-082","cb","19-082_cb","D178N",1,15057,33,15012,0,15045,12,15045,33
"CJD29","prion","MV2K","19-082","cb","19-082_cb","E200K",1,16158,18,16130,0,16148,10,16148,18
"CJD29","prion","MV2K","19-082","cb","19-082_cb","P102L",1,15395,11,15362,0,15373,22,15373,11
"CJD29","prion","MV2K","19-082","fr","19-082_fr","D178N",1,15844,27,15625,0,15652,192,15652,27
"CJD29","prion","MV2K","19-082","fr","19-082_fr","E200K",1,16612,12,16380,0,16392,220,16392,12
"CJD29","prion","MV2K","19-082","fr","19-082_fr","P102L",1,15876,16,15568,0,15584,292,15584,16
"CJD29","prion","MV2K","19-082","hc","19-082_hc","D178N",1,16330,16,14732,0,14748,1582,14748,16
"CJD29","prion","MV2K","19-082","hc","19-082_hc","E200K",1,15835,4,14327,0,14331,1504,14331,4
"CJD29","prion","MV2K","19-082","hc","19-082_hc","P102L",1,16646,17,14468,0,14485,2161,14485,17
"CJD29","prion","MV2K","19-082","sn","19-082_sn","D178N",1,15850,27,15756,0,15783,67,15783,27
"CJD29","prion","MV2K","19-082","sn","19-082_sn","E200K",1,16606,17,16509,1,16527,79,16526,18
"CJD29","prion","MV2K","19-082","sn","19-082_sn","P102L",1,15824,17,15671,0,15688,136,15688,17
"CJD29","prion","MV2K","19-082","th","19-082_th","D178N",1,16813,21,16740,0,16761,52,16761,21
"CJD29","prion","MV2K","19-082","th","19-082_th","E200K",1,17176,29,17110,0,17139,37,17139,29
"CJD29","prion","MV2K","19-082","th","19-082_th","P102L",1,14714,16,14614,1,14631,83,14630,17
"CJD16","prion","MM1","19-29","fr","19-29_fr","D178N",1,14236,7,8539,0,8546,5690,8546,7
"CJD16","prion","MM1","19-29","fr","19-29_fr","E200K",1,15246,3,9797,1,9801,5445,9800,4
"CJD16","prion","MM1","19-29","fr","19-29_fr","P102L",1,14766,19,7742,0,7761,7005,7761,19
"CJD17","prion","MM1+2C","20-08","bg","20-08_bg","D178N",1,14007,2,10279,0,10281,3726,10281,2
"CJD17","prion","MM1+2C","20-08","bg","20-08_bg","E200K",1,13807,3,10163,0,10166,3641,10166,3
"CJD17","prion","MM1+2C","20-08","bg","20-08_bg","P102L",1,15883,7,14913,1,14921,962,14920,8
"CJD17","prion","MM1+2C","20-08","cb","20-08_cb","D178N",1,12623,8,10247,0,10255,2368,10255,8
"CJD17","prion","MM1+2C","20-08","cb","20-08_cb","E200K",1,13482,7,10298,0,10305,3177,10305,7
"CJD17","prion","MM1+2C","20-08","cb","20-08_cb","P102L",1,14172,8,12012,0,12020,2152,12020,8
"CJD17","prion","MM1+2C","20-08","fr","20-08_fr","D178N",1,15057,4,11427,0,11431,3626,11431,4
"CJD17","prion","MM1+2C","20-08","fr","20-08_fr","E200K",1,15619,4,11812,0,11816,3803,11816,4
"CJD17","prion","MM1+2C","20-08","fr","20-08_fr","P102L",1,14241,12,12605,0,12617,1624,12617,12
"CJD17","prion","MM1+2C","20-08","hc","20-08_hc","D178N",1,11515,27,11472,0,11499,16,11499,27
"CJD17","prion","MM1+2C","20-08","hc","20-08_hc","E200K",1,11440,5,11426,0,11431,9,11431,5
"CJD17","prion","MM1+2C","20-08","hc","20-08_hc","P102L",1,11073,28,11002,0,11030,43,11030,28
"CJD17","prion","MM1+2C","20-08","sn","20-08_sn","D178N",1,13650,4,10516,0,10520,3130,10520,4
"CJD17","prion","MM1+2C","20-08","sn","20-08_sn","E200K",1,13344,9,9429,0,9438,3906,9438,9
"CJD17","prion","MM1+2C","20-08","sn","20-08_sn","P102L",1,15864,6,10333,1,10340,5524,10339,7
"CJD17","prion","MM1+2C","20-08","th","20-08_th","D178N",2,23490,20,18392,0,18412,5078,18412,20
"CJD17","prion","MM1+2C","20-08","th","20-08_th","E200K",2,25064,11,18831,1,18843,6221,18842,12
"CJD17","prion","MM1+2C","20-08","th","20-08_th","P102L",1,10780,35,10624,0,10659,121,10659,35
"CJD28","prion","MV2K","20-169","bg","20-169_bg","D178N",1,14663,18,14442,0,14460,203,14460,18
"CJD28","prion","MV2K","20-169","bg","20-169_bg","E200K",1,14590,18,14339,0,14357,233,14357,18
"CJD28","prion","MV2K","20-169","bg","20-169_bg","P102L",1,14987,20,14657,0,14677,310,14677,20
"CJD28","prion","MV2K","20-169","cb","20-169_cb","D178N",1,14628,23,14564,0,14587,41,14587,23
"CJD28","prion","MV2K","20-169","cb","20-169_cb","E200K",1,15225,16,15122,0,15138,87,15138,16
"CJD28","prion","MV2K","20-169","cb","20-169_cb","P102L",1,15700,16,15476,0,15492,208,15492,16
"CJD28","prion","MV2K","20-169","fr","20-169_fr","D178N",1,13951,14,13775,0,13789,162,13789,14
"CJD28","prion","MV2K","20-169","fr","20-169_fr","E200K",1,12661,15,12416,1,12432,229,12431,16
"CJD28","prion","MV2K","20-169","fr","20-169_fr","P102L",1,15013,18,14769,0,14787,226,14787,18
"CJD28","prion","MV2K","20-169","hc","20-169_hc","D178N",1,13736,12,13607,0,13619,117,13619,12
"CJD28","prion","MV2K","20-169","hc","20-169_hc","E200K",1,13243,18,13132,0,13150,93,13150,18
"CJD28","prion","MV2K","20-169","hc","20-169_hc","P102L",1,13814,16,13658,0,13674,140,13674,16
"CJD28","prion","MV2K","20-169","sn","20-169_sn","D178N",1,15022,20,14769,0,14789,233,14789,20
"CJD28","prion","MV2K","20-169","sn","20-169_sn","E200K",1,12363,18,12115,0,12133,230,12133,18
"CJD28","prion","MV2K","20-169","sn","20-169_sn","P102L",1,14722,22,14499,0,14521,201,14521,22
"CJD28","prion","MV2K","20-169","th","20-169_th","D178N",1,14209,18,13155,0,13173,1036,13173,18
"CJD28","prion","MV2K","20-169","th","20-169_th","E200K",1,12171,11,11314,0,11325,846,11325,11
"CJD28","prion","MV2K","20-169","th","20-169_th","P102L",1,13989,11,12884,0,12895,1094,12895,11
"CJD27","prion","MV2K","20-357","bg","20-357_bg","D178N",1,15631,14,12699,1,12714,2917,12713,15
"CJD27","prion","MV2K","20-357","bg","20-357_bg","E200K",1,16948,10,14011,0,14021,2927,14021,10
"CJD27","prion","MV2K","20-357","bg","20-357_bg","P102L",1,16984,10,13997,0,14007,2977,14007,10
"CJD27","prion","MV2K","20-357","cb","20-357_cb","D178N",1,16224,27,15582,0,15609,615,15609,27
"CJD27","prion","MV2K","20-357","cb","20-357_cb","E200K",1,16673,14,15829,0,15843,830,15843,14
"CJD27","prion","MV2K","20-357","cb","20-357_cb","P102L",1,15803,11,15142,0,15153,650,15153,11
"CJD27","prion","MV2K","20-357","fr","20-357_fr","D178N",1,15835,21,15657,0,15678,157,15678,21
"CJD27","prion","MV2K","20-357","fr","20-357_fr","E200K",1,17512,16,17291,0,17307,205,17307,16
"CJD27","prion","MV2K","20-357","fr","20-357_fr","P102L",1,16054,15,15980,0,15995,59,15995,15
"CJD27","prion","MV2K","20-357","hc","20-357_hc","D178N",1,16539,20,16267,0,16287,252,16287,20
"CJD27","prion","MV2K","20-357","hc","20-357_hc","E200K",1,17724,14,17364,0,17378,346,17378,14
"CJD27","prion","MV2K","20-357","hc","20-357_hc","P102L",1,15501,15,15255,0,15270,231,15270,15
"CJD27","prion","MV2K","20-357","sn","20-357_sn","D178N",1,16860,27,16821,0,16848,12,16848,27
"CJD27","prion","MV2K","20-357","sn","20-357_sn","E200K",1,18272,29,18223,0,18252,20,18252,29
"CJD27","prion","MV2K","20-357","sn","20-357_sn","P102L",1,16055,22,16017,0,16039,16,16039,22
"CJD27","prion","MV2K","20-357","th","20-357_th","D178N",1,14662,19,14395,0,14414,248,14414,19
"CJD27","prion","MV2K","20-357","th","20-357_th","E200K",1,16167,20,15956,0,15976,191,15976,20
"CJD27","prion","MV2K","20-357","th","20-357_th","P102L",1,15202,9,14946,0,14955,247,14955,9
"CJD18","prion","MV2K+C","238501","bg","238501_bg","D178N",1,14415,9,14378,1,14388,27,14387,10
"CJD18","prion","MV2K+C","238501","bg","238501_bg","E200K",1,15635,18,15463,0,15481,154,15481,18
"CJD18","prion","MV2K+C","238501","bg","238501_bg","P102L",1,14708,1,14679,0,14680,28,14680,1
"CJD18","prion","MV2K+C","238501","cb","238501_cb","D178N",1,14773,7,10615,0,10622,4151,10622,7
"CJD18","prion","MV2K+C","238501","cb","238501_cb","E200K",1,15281,6,10813,0,10819,4462,10819,6
"CJD18","prion","MV2K+C","238501","cb","238501_cb","P102L",1,14748,5,10391,0,10396,4352,10396,5
"CJD18","prion","MV2K+C","238501","fr","238501_fr","D178N",1,15204,9,14734,3,14746,458,14743,12
"CJD18","prion","MV2K+C","238501","fr","238501_fr","E200K",1,14579,9,14027,0,14036,543,14036,9
"CJD18","prion","MV2K+C","238501","fr","238501_fr","P102L",1,14313,1,13698,0,13699,614,13699,1
"CJD18","prion","MV2K+C","238501","hc","238501_hc","D178N",1,14233,9,13417,1,13427,806,13426,10
"CJD18","prion","MV2K+C","238501","hc","238501_hc","E200K",1,13914,6,13067,1,13074,840,13073,7
"CJD18","prion","MV2K+C","238501","hc","238501_hc","P102L",1,14509,5,13588,0,13593,916,13593,5
"CJD18","prion","MV2K+C","238501","sn","238501_sn","D178N",1,11568,12,11349,0,11361,207,11361,12
"CJD18","prion","MV2K+C","238501","sn","238501_sn","E200K",1,14794,2,7578,3,7583,7211,7580,5
"CJD18","prion","MV2K+C","238501","sn","238501_sn","P102L",1,16754,16,16181,0,16197,557,16197,16
"CJD18","prion","MV2K+C","238501","th","238501_th","D178N",1,14850,6,13868,0,13874,976,13874,6
"CJD18","prion","MV2K+C","238501","th","238501_th","E200K",1,15173,7,14411,3,14421,752,14418,10
"CJD18","prion","MV2K+C","238501","th","238501_th","P102L",1,13175,4,12520,0,12524,651,12524,4
"Control7","control","control","924486","bg","924486_bg","D178N",1,13047,4,12030,1,12035,1012,12034,5
"Control7","control","control","924486","bg","924486_bg","E200K",1,11520,7,11057,1,11065,455,11064,8
"Control7","control","control","924486","bg","924486_bg","P102L",1,14435,5,13897,0,13902,533,13902,5
"Control7","control","control","924486","cb","924486_cb","D178N",1,12368,2,11251,0,11253,1115,11253,2
"Control7","control","control","924486","cb","924486_cb","E200K",1,10905,6,10138,0,10144,761,10144,6
"Control7","control","control","924486","cb","924486_cb","P102L",1,13647,4,12172,0,12176,1471,12176,4
"Control7","control","control","924486","fr","924486_fr","D178N",1,13360,1,12640,0,12641,719,12641,1
"Control7","control","control","924486","fr","924486_fr","E200K",1,12475,2,11813,0,11815,660,11815,2
"Control7","control","control","924486","fr","924486_fr","P102L",1,14811,4,13681,0,13685,1126,13685,4
"Control7","control","control","924486","hc","924486_hc","D178N",1,13678,10,12004,0,12014,1664,12014,10
"Control7","control","control","924486","hc","924486_hc","E200K",1,12328,4,11348,1,11353,975,11352,5
"Control7","control","control","924486","hc","924486_hc","P102L",1,14861,8,13140,0,13148,1713,13148,8
"Control7","control","control","924486","sn","924486_sn","D178N",1,14065,14,12964,0,12978,1087,12978,14
"Control7","control","control","924486","sn","924486_sn","E200K",1,13307,10,12447,9,12466,841,12457,19
"Control7","control","control","924486","sn","924486_sn","P102L",1,14150,9,13338,0,13347,803,13347,9
"Control7","control","control","924486","th","924486_th","D178N",1,12055,2,10715,2,10719,1336,10717,4
"Control7","control","control","924486","th","924486_th","E200K",1,12128,10,11280,0,11290,838,11290,10
"Control7","control","control","924486","th","924486_th","P102L",1,13926,7,12425,0,12432,1494,12432,7
"CJD19","prion","atypical","929474","bg","929474_bg","D178N",1,16164,10,15977,0,15987,177,15987,10
"CJD19","prion","atypical","929474","bg","929474_bg","E200K",1,13223,12,13064,0,13076,147,13076,12
"CJD19","prion","atypical","929474","bg","929474_bg","P102L",1,13414,16,13204,0,13220,194,13220,16
"CJD19","prion","atypical","929474","cb","929474_cb","D178N",1,14092,4,13959,0,13963,129,13963,4
"CJD19","prion","atypical","929474","cb","929474_cb","E200K",1,12334,9,12240,0,12249,85,12249,9
"CJD19","prion","atypical","929474","cb","929474_cb","P102L",1,14157,9,14016,0,14025,132,14025,9
"CJD19","prion","atypical","929474","fr","929474_fr","D178N",1,14862,9,13036,1,13046,1816,13045,10
"CJD19","prion","atypical","929474","fr","929474_fr","E200K",1,15566,6,13915,0,13921,1645,13921,6
"CJD19","prion","atypical","929474","fr","929474_fr","P102L",1,13902,8,13210,0,13218,684,13218,8
"CJD19","prion","atypical","929474","hc","929474_hc","D178N",1,14507,9,13319,1,13329,1178,13328,10
"CJD19","prion","atypical","929474","hc","929474_hc","E200K",1,17532,9,16263,2,16274,1258,16272,11
"CJD19","prion","atypical","929474","hc","929474_hc","P102L",1,14550,6,13871,0,13877,673,13877,6
"CJD19","prion","atypical","929474","sn","929474_sn","D178N",1,16765,21,16355,0,16376,389,16376,21
"CJD19","prion","atypical","929474","sn","929474_sn","E200K",1,15663,18,15172,0,15190,473,15190,18
"CJD19","prion","atypical","929474","sn","929474_sn","P102L",1,15881,14,15081,0,15095,786,15095,14
"CJD19","prion","atypical","929474","th","929474_th","D178N",1,15254,2,15130,0,15132,122,15132,2
"CJD19","prion","atypical","929474","th","929474_th","E200K",1,15815,10,15700,0,15710,105,15710,10
"CJD19","prion","atypical","929474","th","929474_th","P102L",1,13078,27,12885,0,12912,166,12912,27
"CJD20","prion","MM1","933892","bg","933892_bg","D178N",1,14788,27,14657,0,14684,104,14684,27
"CJD20","prion","MM1","933892","bg","933892_bg","E200K",1,16833,5,15701,2,15708,1125,15706,7
"CJD20","prion","MM1","933892","bg","933892_bg","P102L",1,15211,7,13426,0,13433,1778,13433,7
"CJD20","prion","MM1","933892","cb","933892_cb","D178N",1,11261,2,10572,0,10574,687,10574,2
"CJD20","prion","MM1","933892","cb","933892_cb","E200K",1,13394,0,12581,0,12581,813,12581,0
"CJD20","prion","MM1","933892","cb","933892_cb","P102L",1,15111,3,14574,0,14577,534,14577,3
"CJD20","prion","MM1","933892","fr","933892_fr","D178N",1,10586,3,10359,0,10362,224,10362,3
"CJD20","prion","MM1","933892","fr","933892_fr","E200K",1,14666,1,14278,0,14279,387,14279,1
"CJD20","prion","MM1","933892","fr","933892_fr","P102L",1,14683,1,14522,0,14523,160,14523,1
"CJD20","prion","MM1","933892","hc","933892_hc","D178N",1,15525,1,14939,2,14942,583,14940,3
"CJD20","prion","MM1","933892","hc","933892_hc","E200K",1,14929,0,14297,0,14297,632,14297,0
"CJD20","prion","MM1","933892","hc","933892_hc","P102L",1,13812,4,13142,0,13146,666,13146,4
"CJD20","prion","MM1","933892","sn","933892_sn","D178N",1,15242,2,13015,0,13017,2225,13017,2
"CJD20","prion","MM1","933892","sn","933892_sn","E200K",1,15480,2,12800,0,12802,2678,12802,2
"CJD20","prion","MM1","933892","sn","933892_sn","P102L",1,14214,3,11448,0,11451,2763,11451,3
"CJD20","prion","MM1","933892","th","933892_th","D178N",1,13925,5,13405,0,13410,515,13410,5
"CJD20","prion","MM1","933892","th","933892_th","E200K",1,14928,0,14607,0,14607,321,14607,0
"CJD20","prion","MM1","933892","th","933892_th","P102L",1,13746,6,13488,0,13494,252,13494,6
"CJD21","prion","MM1","943497","bg","943497_bg","D178N",1,16158,11,13680,3,13694,2464,13691,14
"CJD21","prion","MM1","943497","bg","943497_bg","E200K",2,27447,17,24240,1,24258,3189,24257,18
"CJD21","prion","MM1","943497","bg","943497_bg","P102L",1,13882,7,12158,0,12165,1717,12165,7
"CJD21","prion","MM1","943497","cb","943497_cb","D178N",1,13822,7,13130,0,13137,685,13137,7
"CJD21","prion","MM1","943497","cb","943497_cb","E200K",2,28361,18,26751,1,26770,1591,26769,19
"CJD21","prion","MM1","943497","cb","943497_cb","P102L",1,13765,2,13342,0,13344,421,13344,2
"CJD21","prion","MM1","943497","fr","943497_fr","D178N",1,15006,4,13681,1,13686,1320,13685,5
"CJD21","prion","MM1","943497","fr","943497_fr","E200K",2,28954,17,23324,1,23342,5612,23341,18
"CJD21","prion","MM1","943497","fr","943497_fr","P102L",1,14479,3,12546,0,12549,1930,12549,3
"CJD21","prion","MM1","943497","hc","943497_hc","D178N",1,12691,2,12293,1,12296,395,12295,3
"CJD21","prion","MM1","943497","hc","943497_hc","E200K",2,29704,8,24075,0,24083,5621,24083,8
"CJD21","prion","MM1","943497","hc","943497_hc","P102L",1,14460,4,13642,0,13646,814,13646,4
"CJD21","prion","MM1","943497","sn","943497_sn","D178N",1,11770,4,11644,3,11651,119,11648,7
"CJD21","prion","MM1","943497","sn","943497_sn","E200K",2,30327,6,28536,1,28543,1784,28542,7
"CJD21","prion","MM1","943497","sn","943497_sn","P102L",1,14318,5,14220,0,14225,93,14225,5
"CJD21","prion","MM1","943497","th","943497_th","D178N",1,11877,1,10415,0,10416,1461,10416,1
"CJD21","prion","MM1","943497","th","943497_th","E200K",2,30815,14,28068,70,28152,2663,28082,84
"CJD21","prion","MM1","943497","th","943497_th","P102L",1,14545,5,12862,0,12867,1678,12867,5
"CJD22","prion","MM1","953891","bg","953891_bg","D178N",1,11821,3,11424,0,11427,394,11427,3
"CJD22","prion","MM1","953891","bg","953891_bg","E200K",1,11371,6,11110,0,11116,255,11116,6
"CJD22","prion","MM1","953891","bg","953891_bg","P102L",1,14692,7,14153,0,14160,532,14160,7
"CJD22","prion","MM1","953891","cb","953891_cb","D178N",1,12109,2,11746,0,11748,361,11748,2
"CJD22","prion","MM1","953891","cb","953891_cb","E200K",1,13666,8,13472,0,13480,186,13480,8
"CJD22","prion","MM1","953891","cb","953891_cb","P102L",1,14577,3,14040,0,14043,534,14043,3
"CJD22","prion","MM1","953891","fr","953891_fr","D178N",1,14371,1,13825,0,13826,545,13826,1
"CJD22","prion","MM1","953891","fr","953891_fr","E200K",1,14268,10,13965,0,13975,293,13975,10
"CJD22","prion","MM1","953891","fr","953891_fr","P102L",1,13580,5,13090,0,13095,485,13095,5
"CJD22","prion","MM1","953891","hc","953891_hc","D178N",1,12471,8,10358,0,10366,2105,10366,8
"CJD22","prion","MM1","953891","hc","953891_hc","E200K",1,16662,3,12289,2,12294,4368,12292,5
"CJD22","prion","MM1","953891","hc","953891_hc","P102L",1,15238,7,12288,0,12295,2943,12295,7
"CJD22","prion","MM1","953891","sn","953891_sn","D178N",1,12442,2,12148,0,12150,292,12150,2
"CJD22","prion","MM1","953891","sn","953891_sn","E200K",1,13149,12,12879,0,12891,258,12891,12
"CJD22","prion","MM1","953891","sn","953891_sn","P102L",1,14122,6,13691,0,13697,425,13697,6
"CJD22","prion","MM1","953891","th","953891_th","D178N",1,12817,1,12351,0,12352,465,12352,1
"CJD22","prion","MM1","953891","th","953891_th","E200K",1,14070,9,13644,0,13653,417,13653,9
"CJD22","prion","MM1","953891","th","953891_th","P102L",1,13207,8,12364,0,12372,835,12372,8
"Control8","control","control","955427","bg","955427_bg","D178N",1,16065,1,13173,1,13175,2890,13174,2
"Control8","control","control","955427","bg","955427_bg","E200K",1,15138,1,12156,0,12157,2981,12157,1
"Control8","control","control","955427","bg","955427_bg","P102L",1,13821,9,13224,1,13234,587,13233,10
"Control8","control","control","955427","cb","955427_cb","D178N",1,15624,2,15344,0,15346,278,15346,2
"Control8","control","control","955427","cb","955427_cb","E200K",1,12679,9,12514,0,12523,156,12523,9
"Control8","control","control","955427","cb","955427_cb","P102L",1,12605,2,12286,0,12288,317,12288,2
"Control8","control","control","955427","fr","955427_fr","D178N",1,15278,3,14490,0,14493,785,14493,3
"Control8","control","control","955427","fr","955427_fr","E200K",1,12316,6,11941,0,11947,369,11947,6
"Control8","control","control","955427","fr","955427_fr","P102L",1,14013,7,13415,1,13423,590,13422,8
"Control8","control","control","955427","hc","955427_hc","D178N",1,14731,1,14677,0,14678,53,14678,1
"Control8","control","control","955427","hc","955427_hc","E200K",1,12844,12,12813,0,12825,19,12825,12
"Control8","control","control","955427","hc","955427_hc","P102L",1,13945,8,13853,0,13861,84,13861,8
"Control8","control","control","955427","sn","955427_sn","D178N",1,14933,8,14881,0,14889,44,14889,8
"Control8","control","control","955427","sn","955427_sn","E200K",1,13347,9,13256,0,13265,82,13265,9
"Control8","control","control","955427","sn","955427_sn","P102L",1,13468,19,13337,0,13356,112,13356,19
"Control8","control","control","955427","th","955427_th","D178N",1,16190,4,15908,0,15912,278,15912,4
"Control8","control","control","955427","th","955427_th","E200K",1,13387,6,13250,0,13256,131,13256,6
"Control8","control","control","955427","th","955427_th","P102L",1,14310,8,14045,0,14053,257,14053,8
