sample_id	group	eh_interpretation	eh_total_repeat_counts	eh_locus_coverage	spanning_contraction_like_reads	spanning_contraction_like_fraction	spanning_expansion_like_reads	spanning_expansion_like_fraction	flanking_contraction_like_reads	flanking_contraction_like_fraction	flanking_expansion_like_reads	flanking_expansion_like_fraction	gangstr_interpretation	gangstr_vcf_status	gangstr_filter	gangstr_total_repeat_counts	gangstr_enclosing_nonreference_reads	gangstr_enclosing_nonreference_fraction	gangstr_top_enclosing_nonreference_repeat_count	gangstr_top_enclosing_nonreference_read_count	gangstr_flanking_nonreference_reads	gangstr_flanking_nonreference_fraction	gangstr_top_flanking_nonreference_repeat_count	gangstr_top_flanking_nonreference_read_count	gangstr_review_required	gangstr_vcf_path	manual_review_label	manual_review_notes
CJD1	cjd	reference	5,5	20069.064935	20	0.00234659	0	0.00000000	5403	0.47941437	12	0.00106477	reference	ok	.	5,5	0	0.00000000			0				no	results/repeats/raw/gangstr/CJD1/CJD1.vcf	not_reviewed	none
CJD11	cjd	reference	5,5	10085.298701	15	0.00297796	1	0.00019853	2798	0.47601225	9	0.00153113	reference	ok	.	5,5	0	0.00000000			0				no	results/repeats/raw/gangstr/CJD11/CJD11.vcf	not_reviewed	none
CJD12	cjd	reference	5,5	1367.767394	0	0.00000000	0	0.00000000	412	0.50552147	0	0.00000000	reference	ok	.	5,5	0	0.00000000			0				no	results/repeats/raw/gangstr/CJD12/CJD12.vcf	not_reviewed	none
CJD13	cjd	reference	5,5	16214.851506	6	0.00078421	5	0.00065351	4548	0.48882201	25	0.00268702	reference	ok	.	5,5	0	0.00000000			0				no	results/repeats/raw/gangstr/CJD13/CJD13.vcf	not_reviewed	none
CJD14	cjd	reference	5,5	75.660436	0	0.00000000	0	0.00000000	29	0.46774194	0	0.00000000	reference	ok	.	5,5	0	0.00000000			0				no	results/repeats/raw/gangstr/CJD14/CJD14.vcf	not_reviewed	none
CJD15	cjd	reference	5,5	113.722741	0	0.00000000	0	0.00000000	52	0.57142857	0	0.00000000	reference	ok	.	5,5	0	0.00000000			0				no	results/repeats/raw/gangstr/CJD15/CJD15.vcf	not_reviewed	none
CJD18	cjd	reference	5,5	126.332814	0	0.00000000	0	0.00000000	41	0.46590909	0	0.00000000	reference	ok	.	5,5	0	0.00000000			0				no	results/repeats/raw/gangstr/CJD18/CJD18.vcf	not_reviewed	none
CJD19	cjd	reference	5,5	952.950156	0	0.00000000	0	0.00000000	331	0.50075643	1	0.00151286	reference	ok	.	5,5	0	0.00000000			0				no	results/repeats/raw/gangstr/CJD19/CJD19.vcf	not_reviewed	none
CJD2	cjd	reference	5,5	18573.708723	12	0.00134243	1	0.00011187	5176	0.46222540	28	0.00250045	reference	ok	.	5,5	0	0.00000000			0				no	results/repeats/raw/gangstr/CJD2/CJD2.vcf	not_reviewed	none
CJD21	cjd	reference	5,5	6167.331256	4	0.00134771	1	0.00033693	1905	0.48362529	9	0.00228484	reference	ok	.	5,5	0	0.00000000			0				no	results/repeats/raw/gangstr/CJD21/CJD21.vcf	not_reviewed	none
CJD22	cjd	reference	5,5	33045.507788	36	0.00191918	7	0.00037317	11725	0.47816158	96	0.00391501	reference	ok	.	5,5	0	0.00000000			0				no	results/repeats/raw/gangstr/CJD22/CJD22.vcf	not_reviewed	none
CJD23	cjd	reference	5,5	24359.454545	23	0.00191731	5	0.00041681	6988	0.48044001	57	0.00391887	reference	ok	.	5,5	0	0.00000000			0				no	results/repeats/raw/gangstr/CJD23/CJD23.vcf	not_reviewed	none
CJD24	cjd	reference	5,5	244.465213	0	0.00000000	0	0.00000000	152	0.43804035	1	0.00288184	reference	ok	.	5,5	0	0.00000000			0				no	results/repeats/raw/gangstr/CJD24/CJD24.vcf	not_reviewed	none
CJD25	cjd	reference	5,5	41619.042056	64	0.00113022	20	0.00035319	28115	0.45464836	186	0.00300781	reference	ok	.	5,5	0	0.00000000			0				no	results/repeats/raw/gangstr/CJD25/CJD25.vcf	not_reviewed	none
CJD26	cjd	reference	5,5	662.995846	1	0.00347222	0	0.00000000	195	0.48994975	0	0.00000000	reference	ok	.	5,5	0	0.00000000			0				no	results/repeats/raw/gangstr/CJD26/CJD26.vcf	not_reviewed	none
CJD27	cjd	reference	5,5	51992.103323	41	0.00153875	7	0.00026271	15459	0.48043634	54	0.00167822	reference	ok	.	5,5	0	0.00000000			0				no	results/repeats/raw/gangstr/CJD27/CJD27.vcf	not_reviewed	none
CJD28	cjd	reference	5,5	578.516096	0	0.00000000	1	0.00411523	179	0.48641304	0	0.00000000	reference	ok	.	5,5	0	0.00000000			0				no	results/repeats/raw/gangstr/CJD28/CJD28.vcf	not_reviewed	none
CJD29	cjd	reference	5,5	1219.927830	2	0.00229885	0	0.00000000	484	0.46583253	2	0.00192493	reference	ok	.	5,5	0	0.00000000			0				no	results/repeats/raw/gangstr/CJD29/CJD29.vcf	not_reviewed	none
CJD3	cjd	reference	5,5	14818.051948	4	0.00064872	3	0.00048654	3604	0.47798408	44	0.00583554	reference	ok	.	5,5	0	0.00000000			0				no	results/repeats/raw/gangstr/CJD3/CJD3.vcf	not_reviewed	none
CJD30	cjd	reference	5,5	670.035826	0	0.00000000	1	0.00250000	251	0.46915888	2	0.00373832	reference	ok	.	5,5	0	0.00000000			0				no	results/repeats/raw/gangstr/CJD30/CJD30.vcf	not_reviewed	none
CJD31	cjd	reference	5,5	161.300623	1	0.01234568	1	0.01234568	62	0.44604317	1	0.00719424	reference	ok	.	5,5	0	0.00000000			0				no	results/repeats/raw/gangstr/CJD31/CJD31.vcf	not_reviewed	none
CJD4	cjd	reference	5,5	13453.168831	15	0.00282646	10	0.00188430	2904	0.48954821	14	0.00236008	reference	ok	.	5,5	0	0.00000000			0				no	results/repeats/raw/gangstr/CJD4/CJD4.vcf	not_reviewed	none
CJD5	cjd	reference	5,5	179.480789	0	0.00000000	0	0.00000000	68	0.43037975	2	0.01265823	reference	ok	.	5,5	0	0.00000000			0				no	results/repeats/raw/gangstr/CJD5/CJD5.vcf	not_reviewed	none
CJD6	cjd	reference	5,5	43784.880062	44	0.00179467	9	0.00036709	14508	0.47042802	95	0.00308042	reference	ok	.	5,5	2	0.00011616	1	2	0				yes	results/repeats/raw/gangstr/CJD6/CJD6.vcf	not_reviewed	none
CJD7	cjd	reference	5,5	6490.051948	0	0.00000000	0	0.00000000	1772	0.46779303	12	0.00316790	reference	ok	.	5,5	0	0.00000000			0				no	results/repeats/raw/gangstr/CJD7/CJD7.vcf	not_reviewed	none
CJD8	cjd	reference	5,5	378.793980	0	0.00000000	0	0.00000000	140	0.45751634	1	0.00326797	reference	ok	.	5,5	0	0.00000000			0				no	results/repeats/raw/gangstr/CJD8/CJD8.vcf	not_reviewed	none
Ctrl1	control	reference	5,5	22510.987013	25	0.00155183	1	0.00006207	8729	0.47316782	59	0.00319818	reference	ok	.	5,5	0	0.00000000			0				no	results/repeats/raw/gangstr/Ctrl1/Ctrl1.vcf	not_reviewed	none
Ctrl2	control	reference	5,5	4079.922078	6	0.00321888	1	0.00053648	1029	0.48355263	4	0.00187970	reference	ok	.	5,5	0	0.00000000			0				no	results/repeats/raw/gangstr/Ctrl2/Ctrl2.vcf	not_reviewed	none
Ctrl3	control	reference	5,5	14900.415584	3	0.00045345	0	0.00000000	3947	0.47571411	19	0.00228998	reference	ok	.	5,5	0	0.00000000			0				no	results/repeats/raw/gangstr/Ctrl3/Ctrl3.vcf	not_reviewed	none
Ctrl4	control	reference	5,5	547.300467	0	0.00000000	0	0.00000000	189	0.47969543	0	0.00000000	reference	ok	.	5,5	0	0.00000000			0				no	results/repeats/raw/gangstr/Ctrl4/Ctrl4.vcf	not_reviewed	none
Ctrl5	control	reference	5,5	8508.155844	12	0.00217510	5	0.00090629	3123	0.48388596	22	0.00340874	reference	ok	.	5,5	2	0.00051243	1	2	0				yes	results/repeats/raw/gangstr/Ctrl5/Ctrl5.vcf	not_reviewed	none
Ctrl7	control	reference	5,5	551.593977	0	0.00000000	0	0.00000000	164	0.44808743	1	0.00273224	reference	ok	.	5,5	0	0.00000000			0				no	results/repeats/raw/gangstr/Ctrl7/Ctrl7.vcf	not_reviewed	none
