assay,target_class,radius_d2,radius_source
D178N,NN,33.419912866723216,empirical_control_0.995
D178N,WT,13.367203986813028,empirical_control_0.995
D178N,MUT,52.739160924653284,empirical_control_0.995
D178N,DP,13.118571795585373,empirical_control_0.995
E200K,NN,17.361785731495218,empirical_control_0.995
E200K,WT,15.377834313675713,empirical_control_0.995
E200K,MUT,10.784727850289013,empirical_control_0.995
E200K,DP,14.033074714195031,empirical_control_0.995
P102L,NN,21.563177485881546,empirical_control_0.995
P102L,WT,23.68780571667579,empirical_control_0.995
P102L,MUT,18.252811854730297,empirical_control_0.995
P102L,DP,14.404185848727764,empirical_control_0.995
