Sample	ORR overlapping reads	ExpansionHunter call	LC	ADSP	ADFL	ADIR	GangSTR call	GangSTR depth (DP)	GangSTR enclosing nonreference reads	Manual exact nonreference reads	Manual synthetic nonreference reads	One-sided indel/soft-clip reads	Control-aware filter
CJD1	30554	Reference	20069.1	8503/8503	11258/11258	0/0	Reference	6697	0	4	0	21	No candidate
CJD2	30750	Reference	18573.7	8926/8926	11170/11170	0/0	Reference	7249	0	1	0	12	No candidate
CJD3	21678	Reference	14818.1	6159/6159	7496/7496	0/0	Reference	4300	0	2	0	18	No candidate
CJD4	18190	Reference	13453.2	5282/5282	5918/5918	0/0	Reference	3635	0	0	0	7	No candidate
CJD5	462	Reference	179.5	155/155	156/156	0/0	Reference	118	0	0	0	1	No candidate
CJD6	84806	Reference	43784.9	24464/24464	30745/30745	0/0	Reference	17775	2	8	1	71	No candidate
CJD7	11121	Reference	6490.1	3262/3262	3776/3776	0/0	Reference	2378	0	2	0	8	No candidate
CJD8	863	Reference	378.8	254/254	305/305	0/0	Reference	183	0	0	0	1	No candidate
CJD11	17109	Reference	10085.3	5021/5021	5869/5869	1/1	Reference	3587	0	1	0	9	No candidate
CJD12	2259	Reference	1367.8	629/629	815/815	0/0	Reference	522	0	0	0	1	No candidate
CJD13	26178	Reference	16214.9	7640/7640	9279/9279	1/1	Reference	6196	0	3	0	21	No candidate
CJD14	147	Reference	75.7	34/34	62/62	0/0	Reference	30	0	0	0	0	No candidate
CJD15	242	Reference	113.7	65/65	91/91	0/0	Reference	48	0	0	0	1	No candidate
CJD18	243	Reference	126.3	66/66	88/88	0/0	Reference	47	0	0	0	0	No candidate
CJD19	1804	Reference	953.0	479/479	660/660	0/0	Reference	369	0	0	0	1	No candidate
CJD21	10920	Reference	6167.3	2963/2963	3930/3930	0/0	Reference	2447	0	1	0	4	No candidate
CJD22	66871	Reference	33045.5	18715/18715	24425/24425	0/0	Reference	16690	0	4	0	31	No candidate
CJD23	40314	Reference	24359.5	11968/11968	14488/14488	0/0	Reference	8669	0	3	0	34	No candidate
CJD24	1088	Reference	244.5	347/347	346/346	0/0	Reference	268	0	0	0	1	No candidate
CJD25	173898	Reference	41619.0	56542/56542	61653/61653	0/0	Reference	42067	0	12	0	58	No candidate
CJD26	1071	Reference	663.0	287/287	398/398	0/0	Reference	227	0	0	0	0	No candidate
CJD27	88903	Reference	51992.1	26597/26597	32123/32123	8/8	Reference	19429	0	10	0	37	No candidate
CJD28	983	Reference	578.5	242/242	368/368	0/0	Reference	186	0	1	0	1	No candidate
CJD29	2973	Reference	1219.9	868/868	1037/1037	0/0	Reference	661	0	0	0	4	No candidate
CJD30	1488	Reference	670.0	399/399	533/533	0/0	Reference	301	0	0	0	0	No candidate
CJD31	350	Reference	161.3	79/79	138/138	0/0	Reference	67	0	0	0	0	No candidate
Control1	53233	Reference	22511.0	16084/16084	18389/18389	1/1	Reference	12398	0	4	1	25	
Control2	6510	Reference	4079.9	1857/1857	2124/2124	0/0	Reference	1498	0	0	0	3	
Control3	23740	Reference	14900.4	6613/6613	8278/8278	0/0	Reference	5480	0	1	0	13	
Control4	1103	Reference	547.3	301/301	394/394	0/0	Reference	236	0	0	0	1	
Control5	18603	Reference	8508.2	5500/5500	6432/6432	0/0	Reference	4238	2	6	1	18	
Control7	1048	Reference	551.6	304/304	365/365	0/0	Reference	220	0	0	0	0	
