Source,Sample,CHROM,POS,REF,BASE,COUNT,MEAN_BQ,MEAN_MQ,MEAN_POS,FWD,REV,FRAC,MMLQ,MEAN_READ_POS,FWD_BQ,REV_BQ,FRD,SB_RATIO
Sample,CJD11,chr2,178740452,G,=,0,0,0,0,0,0,0,0,0,0,0,0,0
Sample,CJD11,chr2,178740452,G,A,0,0,0,0,0,0,0,0,0,0,0,0,0
Sample,CJD11,chr2,178740452,G,C,0,0,0,0,0,0,0,0,0,0,0,0,0
Sample,CJD11,chr2,178740452,G,G,4950,60,20.66,0.41,2488,2462,0.51,0,11.68,2488,0.46,150.69,0.48
Sample,CJD11,chr2,178740452,G,T,0,0,0,0,0,0,0,0,0,0,0,0,0
Sample,CJD11,chr2,178740452,G,N,0,0,0,0,0,0,0,0,0,0,0,0,0
Sample,CJD11,chr2,178740453,C,=,0,0,0,0,0,0,0,0,0,0,0,0,0
Sample,CJD11,chr2,178740453,C,A,2,60,20,0,2,0,0.3,0.01,20,2,0.83,151,0.83
Sample,CJD11,chr2,178740453,C,C,2442,60,16.01,0.42,1221,1221,0.51,0,0.71,1221,0.46,150.74,0.49
Sample,CJD11,chr2,178740453,C,G,0,0,0,0,0,0,0,0,0,0,0,0,0
Sample,CJD11,chr2,178740453,C,T,2519,60,21.65,0.43,1266,1253,0.5,0.01,22.44,1266,0.45,150.64,0.48
Sample,CJD11,chr2,178740453,C,N,0,0,0,0,0,0,0,0,0,0,0,0,0
Sample,CJD13,chr20,4695613,g,=,0,0,0,0,0,0,0,0,0,0,0,0,0
Sample,CJD13,chr20,4695613,g,A,1,40,21,0,0,1,0.33,0.11,288,0,0,146,0.81
Sample,CJD13,chr20,4695613,g,C,0,0,0,0,0,0,0,0,0,0,0,0,0
Sample,CJD13,chr20,4695613,g,G,5357,59.73,22.71,0.18,2687,2670,0.49,0,13.78,2687,0.49,150.63,0.49
Sample,CJD13,chr20,4695613,g,T,0,0,0,0,0,0,0,0,0,0,0,0,0
Sample,CJD13,chr20,4695613,g,N,0,0,0,0,0,0,0,0,0,0,0,0,0
Sample,CJD13,chr20,4695614,g,=,0,0,0,0,0,0,0,0,0,0,0,0,0
Sample,CJD13,chr20,4695614,g,A,20,24.85,21.85,0.85,8,12,0.69,0.08,239.15,8,0.3,141.55,0.48
Sample,CJD13,chr20,4695614,g,C,1,60,25,0,0,1,0,0.01,25,0,0,151,0
Sample,CJD13,chr20,4695614,g,G,2703,59.72,21.81,0.27,1384,1319,0.49,0,2.03,1384,0.5,150.57,0.49
Sample,CJD13,chr20,4695614,g,T,2639,59.99,23.53,0.09,1305,1334,0.49,0.01,24.41,1305,0.49,150.76,0.5
Sample,CJD13,chr20,4695614,g,N,0,0,0,0,0,0,0,0,0,0,0,0,0
Sample,CJD14,chr20,4696445,c,=,0,0,0,0,0,0,0,0,0,0,0,0,0
Sample,CJD14,chr20,4696445,c,A,0,0,0,0,0,0,0,0,0,0,0,0,0
Sample,CJD14,chr20,4696445,c,C,75,60,13.25,0,37,38,0.49,0,10.69,37,0.52,150.11,0.54
Sample,CJD14,chr20,4696445,c,G,0,0,0,0,0,0,0,0,0,0,0,0,0
Sample,CJD14,chr20,4696445,c,T,0,0,0,0,0,0,0,0,0,0,0,0,0
Sample,CJD14,chr20,4696445,c,N,0,0,0,0,0,0,0,0,0,0,0,0,0
Sample,CJD14,chr20,4696446,g,=,0,0,0,0,0,0,0,0,0,0,0,0,0
Sample,CJD14,chr20,4696446,g,A,38,60,16.84,0,22,16,0.44,0.01,21.11,22,0.52,150.74,0.56
Sample,CJD14,chr20,4696446,g,C,0,0,0,0,0,0,0,0,0,0,0,0,0
Sample,CJD14,chr20,4696446,g,G,37,60,11.65,0,15,22,0.53,0,0,15,0.49,149.46,0.52
Sample,CJD14,chr20,4696446,g,T,0,0,0,0,0,0,0,0,0,0,0,0,0
Sample,CJD14,chr20,4696446,g,N,0,0,0,0,0,0,0,0,0,0,0,0,0
Sample,CJD18,chr2,178741810,G,=,0,0,0,0,0,0,0,0,0,0,0,0,0
Sample,CJD18,chr2,178741810,G,A,0,0,0,0,0,0,0,0,0,0,0,0,0
Sample,CJD18,chr2,178741810,G,C,0,0,0,0,0,0,0,0,0,0,0,0,0
Sample,CJD18,chr2,178741810,G,G,52,60,16.04,1.15,15,37,0.46,0,9.06,15,0.17,150.9,0.49
Sample,CJD18,chr2,178741810,G,T,0,0,0,0,0,0,0,0,0,0,0,0,0
Sample,CJD18,chr2,178741810,G,N,0,0,0,0,0,0,0,0,0,0,0,0,0
Sample,CJD18,chr2,178741811,G,=,0,0,0,0,0,0,0,0,0,0,0,0,0
Sample,CJD18,chr2,178741811,G,A,26,60,16.27,0,9,17,0.44,0.01,17.58,9,0.22,150.88,0.47
Sample,CJD18,chr2,178741811,G,C,0,0,0,0,0,0,0,0,0,0,0,0,0
Sample,CJD18,chr2,178741811,G,G,24,60,16.21,2.5,5,19,0.5,0,0,5,0.09,150.92,0.52
Sample,CJD18,chr2,178741811,G,T,0,0,0,0,0,0,0,0,0,0,0,0,0
Sample,CJD18,chr2,178741811,G,N,0,0,0,0,0,0,0,0,0,0,0,0,0
Sample,CJD19,chr20,4694508,A,=,0,0,0,0,0,0,0,0,0,0,0,0,0
Sample,CJD19,chr20,4694508,A,A,13,60,15.92,0,7,6,0.67,0,9.46,7,0.53,150.08,0.44
Sample,CJD19,chr20,4694508,A,C,0,0,0,0,0,0,0,0,0,0,0,0,0
Sample,CJD19,chr20,4694508,A,G,0,0,0,0,0,0,0,0,0,0,0,0,0
Sample,CJD19,chr20,4694508,A,T,0,0,0,0,0,0,0,0,0,0,0,0,0
Sample,CJD19,chr20,4694508,A,N,0,0,0,0,0,0,0,0,0,0,0,0,0
Sample,CJD19,chr20,4694509,A,=,0,0,0,0,0,0,0,0,0,0,0,0,0
Sample,CJD19,chr20,4694509,A,A,7,60,16.43,0,4,3,0.69,0,0,4,0.47,149.29,0.4
Sample,CJD19,chr20,4694509,A,C,0,0,0,0,0,0,0,0,0,0,0,0,0
Sample,CJD19,chr20,4694509,A,G,0,0,0,0,0,0,0,0,0,0,0,0,0
Sample,CJD19,chr20,4694509,A,T,7,60,17.57,0,3,4,0.56,0.01,17.57,3,0.6,151,0.42
Sample,CJD19,chr20,4694509,A,N,0,0,0,0,0,0,0,0,0,0,0,0,0
Sample,CJD2,chr20,4691919,t,=,0,0,0,0,0,0,0,0,0,0,0,0,0
Sample,CJD2,chr20,4691919,t,A,1,0,23,0,1,0,0.78,0.14,299,1,0.51,118,0.3
Sample,CJD2,chr20,4691919,t,C,0,0,0,0,0,0,0,0,0,0,0,0,0
Sample,CJD2,chr20,4691919,t,G,0,0,0,0,0,0,0,0,0,0,0,0,0
Sample,CJD2,chr20,4691919,t,T,4840,59.18,23.37,0.2,2410,2430,0.52,0,2.4,2410,0.48,148.43,0.48
Sample,CJD2,chr20,4691919,t,N,0,0,0,0,0,0,0,0,0,0,0,0,0
Sample,CJD2,chr20,4691920,g,=,0,0,0,0,0,0,0,0,0,0,0,0,0
Sample,CJD2,chr20,4691920,g,A,70,37.9,22.01,6.17,35,35,0.77,0.04,45.07,35,0.51,57.69,0.21
Sample,CJD2,chr20,4691920,g,C,1,60,28,0,0,1,0,0.01,28,0,0,151,0
Sample,CJD2,chr20,4691920,g,G,4769,59.48,21.99,0.11,2368,2401,0.52,0,1.83,2368,0.48,149.75,0.49
Sample,CJD2,chr20,4691920,g,T,0,0,0,0,0,0,0,0,0,0,0,0,0
Sample,CJD2,chr20,4691920,g,N,0,0,0,0,0,0,0,0,0,0,0,0,0
Sample,CJD21,chr20,4694654,T,=,0,0,0,0,0,0,0,0,0,0,0,0,0
Sample,CJD21,chr20,4694654,T,A,0,0,0,0,0,0,0,0,0,0,0,0,0
Sample,CJD21,chr20,4694654,T,C,0,0,0,0,0,0,0,0,0,0,0,0,0
Sample,CJD21,chr20,4694654,T,G,0,0,0,0,0,0,0,0,0,0,0,0,0
Sample,CJD21,chr20,4694654,T,T,243,60,23.72,0,147,96,0.4,0,12.77,147,0.64,150.89,0.6
Sample,CJD21,chr20,4694654,T,N,0,0,0,0,0,0,0,0,0,0,0,0,0
Sample,CJD21,chr20,4694655,C,=,0,0,0,0,0,0,0,0,0,0,0,0,0
Sample,CJD21,chr20,4694655,C,A,0,0,0,0,0,0,0,0,0,0,0,0,0
Sample,CJD21,chr20,4694655,C,C,122,60,23.55,0,77,45,0.42,0,1.2,77,0.6,150.89,0.57
Sample,CJD21,chr20,4694655,C,G,125,60,23.33,0,73,52,0.37,0.01,23.91,73,0.68,150.9,0.62
Sample,CJD21,chr20,4694655,C,T,0,0,0,0,0,0,0,0,0,0,0,0,0
Sample,CJD21,chr20,4694655,C,N,0,0,0,0,0,0,0,0,0,0,0,0,0
Sample,CJD22,chr20,4694248,c,=,0,0,0,0,0,0,0,0,0,0,0,0,0
Sample,CJD22,chr20,4694248,c,A,3,41.33,18,0,1,2,0.18,0.02,32,1,0.01,131.67,0.47
Sample,CJD22,chr20,4694248,c,C,1125,53.1,19.68,2.6,540,585,0.47,0.02,23.43,540,0.47,133.08,0.43
Sample,CJD22,chr20,4694248,c,G,0,0,0,0,0,0,0,0,0,0,0,0,0
Sample,CJD22,chr20,4694248,c,T,18,31.83,20.44,4.22,8,10,0.53,0.07,92.17,8,0.53,96.33,0.39
Sample,CJD22,chr20,4694248,c,N,0,0,0,0,0,0,0,0,0,0,0,0,0
Sample,CJD22,chr20,4694249,t,=,0,0,0,0,0,0,0,0,0,0,0,0,0
Sample,CJD22,chr20,4694249,t,A,0,0,0,0,0,0,0,0,0,0,0,0,0
Sample,CJD22,chr20,4694249,t,C,156,30.29,18.97,3.37,74,82,0.44,0.06,81.35,74,0.51,108.9,0.4
Sample,CJD22,chr20,4694249,t,G,0,0,0,0,0,0,0,0,0,0,0,0,0
Sample,CJD22,chr20,4694249,t,T,974,56.21,19.65,2.48,468,506,0.49,0.01,15.56,468,0.47,136.2,0.43
Sample,CJD22,chr20,4694249,t,N,0,0,0,0,0,0,0,0,0,0,0,0,0
Sample,CJD23,chr20,4691919,t,=,0,0,0,0,0,0,0,0,0,0,0,0,0
Sample,CJD23,chr20,4691919,t,A,2,60,24.5,0,1,1,0.14,0.01,38,1,0.46,114.5,0.25
Sample,CJD23,chr20,4691919,t,C,0,0,0,0,0,0,0,0,0,0,0,0,0
Sample,CJD23,chr20,4691919,t,G,1,60,26,0,1,0,0.01,0.01,47,1,0.01,151,0.01
Sample,CJD23,chr20,4691919,t,T,5283,59.43,22.68,0.43,2631,2652,0.51,0,2.04,2631,0.47,148.43,0.48
Sample,CJD23,chr20,4691919,t,N,0,0,0,0,0,0,0,0,0,0,0,0,0
Sample,CJD23,chr20,4691920,g,=,0,0,0,0,0,0,0,0,0,0,0,0,0
Sample,CJD23,chr20,4691920,g,A,80,38.49,21,6.86,41,39,0.76,0.04,42.08,41,0.52,57.22,0.19
Sample,CJD23,chr20,4691920,g,C,1,60,28,0,0,1,0.03,0.01,28,0,0,151,0.01
Sample,CJD23,chr20,4691920,g,G,5208,59.75,21.67,0.33,2583,2625,0.51,0,1.43,2583,0.48,149.81,0.48
Sample,CJD23,chr20,4691920,g,T,0,0,0,0,0,0,0,0,0,0,0,0,0
Sample,CJD23,chr20,4691920,g,N,0,0,0,0,0,0,0,0,0,0,0,0,0
Sample,CJD23,chr20,4694248,c,=,0,0,0,0,0,0,0,0,0,0,0,0,0
Sample,CJD23,chr20,4694248,c,A,0,0,0,0,0,0,0,0,0,0,0,0,0
Sample,CJD23,chr20,4694248,c,C,1573,55.91,22.06,0.93,811,762,0.45,0.01,16.56,811,0.48,140.61,0.42
Sample,CJD23,chr20,4694248,c,G,0,0,0,0,0,0,0,0,0,0,0,0,0
Sample,CJD23,chr20,4694248,c,T,18,25.89,22.22,4.5,9,9,0.6,0.09,122.11,9,0.58,92.44,0.36
Sample,CJD23,chr20,4694248,c,N,0,0,0,0,0,0,0,0,0,0,0,0,0
Sample,CJD23,chr20,4694249,t,=,0,0,0,0,0,0,0,0,0,0,0,0,0
Sample,CJD23,chr20,4694249,t,A,0,0,0,0,0,0,0,0,0,0,0,0,0
Sample,CJD23,chr20,4694249,t,C,103,30.01,20.62,5.15,59,44,0.48,0.07,97.26,59,0.52,103.83,0.37
Sample,CJD23,chr20,4694249,t,G,0,0,0,0,0,0,0,0,0,0,0,0,0
Sample,CJD23,chr20,4694249,t,T,1487,57.36,22.13,0.68,755,732,0.46,0.01,12.27,755,0.48,142.61,0.43
Sample,CJD23,chr20,4694249,t,N,0,0,0,0,0,0,0,0,0,0,0,0,0
Sample,CJD25,chr20,4690950,c,=,0,0,0,0,0,0,0,0,0,0,0,0,0
Sample,CJD25,chr20,4690950,c,A,12,56.33,19.08,5,6,6,0.61,0.07,102.67,6,0.38,138.83,0.44
Sample,CJD25,chr20,4690950,c,C,1470,59.04,18.25,3.84,744,726,0.52,0.01,13.63,744,0.45,142.11,0.46
Sample,CJD25,chr20,4690950,c,G,5,60,18.4,0,2,3,0.43,0.07,142.2,2,0.56,150.2,0.48
Sample,CJD25,chr20,4690950,c,T,9,54.78,17.33,8.11,3,6,0.58,0.05,81.11,3,0.24,140.33,0.47
Sample,CJD25,chr20,4690950,c,N,0,0,0,0,0,0,0,0,0,0,0,0,0
Sample,CJD25,chr20,4690950,c,+TGT,1,60,0,0,1,0,0.45,0.11,213,1,0.76,151,0.76
Sample,CJD25,chr20,4690950,c,-c,1,60,0,0,1,0,0.4,0.05,31,1,0.76,146,0.76
Sample,CJD25,chr20,4690951,t,=,0,0,0,0,0,0,0,0,0,0,0,0,0
Sample,CJD25,chr20,4690951,t,A,5,40.4,17.4,0.8,1,4,0.48,0.06,72,1,0.25,125.8,0.42
Sample,CJD25,chr20,4690951,t,C,2,58.5,18.5,28.5,1,1,0.31,0.07,117,1,0.87,146.5,0.57
Sample,CJD25,chr20,4690951,t,G,1,13,16,13,0,1,0.96,0.12,186,0,0,106,0.36
Sample,CJD25,chr20,4690951,t,T,1488,59.08,17.89,3.75,755,733,0.52,0.01,14.69,755,0.45,142.16,0.46
Sample,CJD25,chr20,4690951,t,N,0,0,0,0,0,0,0,0,0,0,0,0,0
Sample,CJD25,chr20,4690951,t,+AACA,1,60,0,0,0,1,0.56,0.07,106,0,0,151,0.72
Sample,CJD25,chr20,4690951,t,+AATA,1,60,0,0,0,1,0.5,0.1,154,0,0,151,0.75
Sample,CJD25,chr20,4690951,t,+AATGA,1,45,0,0,1,0,0.49,0.08,88,1,0.74,151,0.74
Sample,CJD25,chr20,4690951,t,+AGTTA,1,60,0,0,1,0,0.41,0.05,31,1,0.75,146,0.75
Sample,CJD25,chr20,4690951,t,+CATA,1,60,0,0,0,1,0.79,0.05,68,0,0,151,0.6
Sample,CJD25,chr20,4690951,t,+GAAA,1,60,0,0,0,1,0.41,0.05,49,0,0,151,0.79
Sample,CJD25,chr20,4690951,t,+GATA,17,55.41,0,10.59,8,9,0.65,0.08,100.59,8,0.65,142.12,0.54
Sample,CJD25,chr20,4690951,t,+GATC,6,45,0,0,3,3,0.72,0.07,66.83,3,0.38,126.5,0.41
Sample,CJD25,chr20,4690951,t,+GCTA,1,60,0,0,0,1,0.99,0.11,183,0,0,151,0.5
Sample,CJD25,chr20,4690951,t,+TATA,1,60,0,60,1,0,0.78,0.04,39,1,0.4,146,0.38
Sample,CJD25,chr20,4690951,t,+TTAA,1,15,0,0,1,0,0.19,0.11,196,1,0.89,151,0.89
Sample,CJD25,chr20,4690951,t,-taat,1,60,0,0,1,0,0.43,0.06,67,1,0.71,139,0.71
Sample,CJD27,chr20,4694263,g,=,0,0,0,0,0,0,0,0,0,0,0,0,0
Sample,CJD27,chr20,4694263,g,A,1,60,23,60,1,0,0.22,0.01,23,1,0.93,74,0.44
Sample,CJD27,chr20,4694263,g,C,0,0,0,0,0,0,0,0,0,0,0,0,0
Sample,CJD27,chr20,4694263,g,G,2801,54.31,20.05,0.83,1310,1491,0.53,0.01,18.69,1310,0.45,138.27,0.41
Sample,CJD27,chr20,4694263,g,T,0,0,0,0,0,0,0,0,0,0,0,0,0
Sample,CJD27,chr20,4694263,g,N,0,0,0,0,0,0,0,0,0,0,0,0,0
Sample,CJD27,chr20,4694264,g,=,0,0,0,0,0,0,0,0,0,0,0,0,0
Sample,CJD27,chr20,4694264,g,A,16,55.69,19.75,0,6,10,0.5,0.01,27.94,6,0.32,137.94,0.32
Sample,CJD27,chr20,4694264,g,C,0,0,0,0,0,0,0,0,0,0,0,0,0
Sample,CJD27,chr20,4694264,g,G,2778,54.29,19.57,0.86,1300,1478,0.53,0.01,18.69,1300,0.45,138.26,0.42
Sample,CJD27,chr20,4694264,g,T,0,0,0,0,0,0,0,0,0,0,0,0,0
Sample,CJD27,chr20,4694264,g,N,0,0,0,0,0,0,0,0,0,0,0,0,0
Sample,CJD27,chr20,4694508,A,=,0,0,0,0,0,0,0,0,0,0,0,0,0
Sample,CJD27,chr20,4694508,A,A,1985,60,20.62,0.06,1083,902,0.56,0,9.29,1083,0.5,150.73,0.46
Sample,CJD27,chr20,4694508,A,C,0,0,0,0,0,0,0,0,0,0,0,0,0
Sample,CJD27,chr20,4694508,A,G,0,0,0,0,0,0,0,0,0,0,0,0,0
Sample,CJD27,chr20,4694508,A,T,1,60,24,0,0,1,0.45,0.01,24,0,0,151,0.23
Sample,CJD27,chr20,4694508,A,N,0,0,0,0,0,0,0,0,0,0,0,0,0
Sample,CJD27,chr20,4694509,A,=,0,0,0,0,0,0,0,0,0,0,0,0,0
Sample,CJD27,chr20,4694509,A,A,1171,60,20.92,0.1,642,529,0.54,0,1.04,642,0.49,150.84,0.47
Sample,CJD27,chr20,4694509,A,C,0,0,0,0,0,0,0,0,0,0,0,0,0
Sample,CJD27,chr20,4694509,A,G,0,0,0,0,0,0,0,0,0,0,0,0,0
Sample,CJD27,chr20,4694509,A,T,820,60,20.45,0,446,374,0.6,0.01,21.15,446,0.51,150.58,0.46
Sample,CJD27,chr20,4694509,A,N,0,0,0,0,0,0,0,0,0,0,0,0,0
Sample,CJD3,chr20,4687681,A,=,0,0,0,0,0,0,0,0,0,0,0,0,0
Sample,CJD3,chr20,4687681,A,A,6493,60,21.99,0.2,3260,3233,0.5,0,1.41,3260,0.47,150.53,0.46
Sample,CJD3,chr20,4687681,A,C,1,60,28,0,0,1,0,0.01,28,0,0,151,0
Sample,CJD3,chr20,4687681,A,G,1,60,23,0,0,1,0.36,0.01,23,0,0,151,0.18
Sample,CJD3,chr20,4687681,A,T,0,0,0,0,0,0,0,0,0,0,0,0,0
Sample,CJD3,chr20,4687681,A,N,0,0,0,0,0,0,0,0,0,0,0,0,0
Sample,CJD3,chr20,4687682,T,=,0,0,0,0,0,0,0,0,0,0,0,0,0
Sample,CJD3,chr20,4687682,T,A,1,60,27,0,0,1,0,0.01,27,0,0,151,0
Sample,CJD3,chr20,4687682,T,C,2,60,23.5,0,1,1,0.37,0.01,23.5,1,0.1,151,0.18
Sample,CJD3,chr20,4687682,T,G,97,60,22.26,0,51,46,0.49,0.01,23.62,51,0.46,149.91,0.43
Sample,CJD3,chr20,4687682,T,T,6407,60,22.6,0.21,3204,3203,0.5,0,1.07,3204,0.47,150.54,0.46
Sample,CJD3,chr20,4687682,T,N,0,0,0,0,0,0,0,0,0,0,0,0,0
Sample,CJD3,chr20,4690578,t,=,0,0,0,0,0,0,0,0,0,0,0,0,0
Sample,CJD3,chr20,4690578,t,A,0,0,0,0,0,0,0,0,0,0,0,0,0
Sample,CJD3,chr20,4690578,t,C,1,60,11,0,0,1,0.17,0.01,11,0,0,151,0.91
Sample,CJD3,chr20,4690578,t,G,0,0,0,0,0,0,0,0,0,0,0,0,0
Sample,CJD3,chr20,4690578,t,T,4392,60,22.46,0.27,1868,2524,0.53,0,1.26,1868,0.39,150.64,0.49
Sample,CJD3,chr20,4690578,t,N,0,0,0,0,0,0,0,0,0,0,0,0,0
Sample,CJD3,chr20,4690579,t,=,0,0,0,0,0,0,0,0,0,0,0,0,0
Sample,CJD3,chr20,4690579,t,A,3,60,22.67,0,2,1,0.57,0.01,22.67,2,0.18,151,0.3
Sample,CJD3,chr20,4690579,t,C,0,0,0,0,0,0,0,0,0,0,0,0,0
Sample,CJD3,chr20,4690579,t,G,72,60,21.35,0,31,41,0.55,0.01,22.57,31,0.39,150.43,0.5
Sample,CJD3,chr20,4690579,t,T,4287,60,23.21,0.28,1823,2464,0.53,0,0.9,1823,0.38,150.65,0.49
Sample,CJD3,chr20,4690579,t,N,0,0,0,0,0,0,0,0,0,0,0,0,0
Sample,CJD3,chr20,4691628,a,=,0,0,0,0,0,0,0,0,0,0,0,0,0
Sample,CJD3,chr20,4691628,a,A,6661,59.98,23.42,0.5,3216,3445,0.49,0,1.62,3216,0.47,150.65,0.49
Sample,CJD3,chr20,4691628,a,C,0,0,0,0,0,0,0,0,0,0,0,0,0
Sample,CJD3,chr20,4691628,a,G,4,60,21,0,2,2,0.6,0.01,21,2,0.63,151,0.59
Sample,CJD3,chr20,4691628,a,T,2,60,23,0,1,1,0.53,0.01,23,1,0.43,151,0.26
Sample,CJD3,chr20,4691628,a,N,0,0,0,0,0,0,0,0,0,0,0,0,0
Sample,CJD3,chr20,4691629,a,=,0,0,0,0,0,0,0,0,0,0,0,0,0
Sample,CJD3,chr20,4691629,a,A,6538,59.98,22.54,0.49,3154,3384,0.49,0,0.81,3154,0.47,150.66,0.48
Sample,CJD3,chr20,4691629,a,C,0,0,0,0,0,0,0,0,0,0,0,0,0
Sample,CJD3,chr20,4691629,a,G,141,60,22.26,0.85,70,71,0.46,0.01,39.72,70,0.46,150.78,0.47
Sample,CJD3,chr20,4691629,a,T,2,60,25.5,0,1,1,0.09,0.01,25.5,1,0.89,151,0.45
Sample,CJD3,chr20,4691629,a,N,0,0,0,0,0,0,0,0,0,0,0,0,0
Sample,CJD3,chr20,4691660,t,=,0,0,0,0,0,0,0,0,0,0,0,0,0
Sample,CJD3,chr20,4691660,t,A,2,60,15.5,0,1,1,0.33,0.01,15.5,1,0.01,151,0.17
Sample,CJD3,chr20,4691660,t,C,1,60,26,0,1,0,0.21,0.01,26,1,0.09,151,0.09
Sample,CJD3,chr20,4691660,t,G,0,0,0,0,0,0,0,0,0,0,0,0,0
Sample,CJD3,chr20,4691660,t,T,6532,59.99,22.42,0.55,3088,3444,0.48,0,1.48,3088,0.48,150.67,0.49
Sample,CJD3,chr20,4691660,t,N,0,0,0,0,0,0,0,0,0,0,0,0,0
Sample,CJD3,chr20,4691661,c,=,0,0,0,0,0,0,0,0,0,0,0,0,0
Sample,CJD3,chr20,4691661,c,A,6,50,22,0,2,4,0.44,0.02,33.33,2,0.18,133.67,0.41
Sample,CJD3,chr20,4691661,c,C,6411,60,17.38,0.55,3036,3375,0.48,0,0.67,3036,0.48,150.68,0.49
Sample,CJD3,chr20,4691661,c,G,0,0,0,0,0,0,0,0,0,0,0,0,0
Sample,CJD3,chr20,4691661,c,T,125,60,23.15,0.48,58,67,0.54,0.01,41.86,58,0.47,150.8,0.49
Sample,CJD3,chr20,4691661,c,N,0,0,0,0,0,0,0,0,0,0,0,0,0
Sample,CJD3,chr20,4691661,c,-cg,2,60,0,0,1,1,0.4,0.01,0,1,0.2,151,0.2
Sample,CJD3,chr20,4695333,c,=,0,0,0,0,0,0,0,0,0,0,0,0,0
Sample,CJD3,chr20,4695333,c,A,0,0,0,0,0,0,0,0,0,0,0,0,0
Sample,CJD3,chr20,4695333,c,C,6392,60,17.6,0.55,3411,2981,0.51,0,1.11,3411,0.5,150.6,0.48
Sample,CJD3,chr20,4695333,c,G,2,60,20.5,0,1,1,0.67,0.01,20.5,1,0.62,150.5,0.46
Sample,CJD3,chr20,4695333,c,T,4,60,22.75,0,2,2,0.6,0.01,22.75,2,0.53,151,0.34
Sample,CJD3,chr20,4695333,c,N,0,0,0,0,0,0,0,0,0,0,0,0,0
Sample,CJD3,chr20,4695334,g,=,0,0,0,0,0,0,0,0,0,0,0,0,0
Sample,CJD3,chr20,4695334,g,A,100,60,21.96,2.4,61,39,0.52,0.01,22.91,61,0.51,150.96,0.51
Sample,CJD3,chr20,4695334,g,C,0,0,0,0,0,0,0,0,0,0,0,0,0
Sample,CJD3,chr20,4695334,g,G,6300,60,16.67,0.52,3365,2935,0.51,0,0.82,3365,0.51,150.58,0.49
Sample,CJD3,chr20,4695334,g,T,0,0,0,0,0,0,0,0,0,0,0,0,0
Sample,CJD3,chr20,4695334,g,N,0,0,0,0,0,0,0,0,0,0,0,0,0
Sample,CJD3,chr20,4696445,c,=,0,0,0,0,0,0,0,0,0,0,0,0,0
Sample,CJD3,chr20,4696445,c,A,0,0,0,0,0,0,0,0,0,0,0,0,0
Sample,CJD3,chr20,4696445,c,C,7134,60,17.57,0.56,3724,3410,0.5,0,1.26,3724,0.52,150.67,0.5
Sample,CJD3,chr20,4696445,c,G,0,0,0,0,0,0,0,0,0,0,0,0,0
Sample,CJD3,chr20,4696445,c,T,2,60,25,0,1,1,0.23,0.01,25,1,0.21,151,0.11
Sample,CJD3,chr20,4696445,c,N,0,0,0,0,0,0,0,0,0,0,0,0,0
Sample,CJD3,chr20,4696446,g,=,0,0,0,0,0,0,0,0,0,0,0,0,0
Sample,CJD3,chr20,4696446,g,A,121,60,22.58,0.5,65,56,0.52,0.01,27.77,65,0.45,150.8,0.44
Sample,CJD3,chr20,4696446,g,C,0,0,0,0,0,0,0,0,0,0,0,0,0
Sample,CJD3,chr20,4696446,g,G,7030,60,16.2,0.56,3687,3343,0.5,0,0.8,3687,0.52,150.66,0.5
Sample,CJD3,chr20,4696446,g,T,0,0,0,0,0,0,0,0,0,0,0,0,0
Sample,CJD3,chr20,4696446,g,N,0,0,0,0,0,0,0,0,0,0,0,0,0
Sample,CJD30,chr20,4699817,C,=,0,0,0,0,0,0,0,0,0,0,0,0,0
Sample,CJD30,chr20,4699817,C,A,0,0,0,0,0,0,0,0,0,0,0,0,0
Sample,CJD30,chr20,4699817,C,C,950,60,14.17,0.25,458,492,0.52,0,8.63,458,0.45,150.07,0.46
Sample,CJD30,chr20,4699817,C,G,0,0,0,0,0,0,0,0,0,0,0,0,0
Sample,CJD30,chr20,4699817,C,T,0,0,0,0,0,0,0,0,0,0,0,0,0
Sample,CJD30,chr20,4699817,C,N,0,0,0,0,0,0,0,0,0,0,0,0,0
Sample,CJD30,chr20,4699818,G,=,0,0,0,0,0,0,0,0,0,0,0,0,0
Sample,CJD30,chr20,4699818,G,A,434,60,17.56,0.28,207,227,0.51,0.01,18.45,207,0.47,150.12,0.47
Sample,CJD30,chr20,4699818,G,C,0,0,0,0,0,0,0,0,0,0,0,0,0
Sample,CJD30,chr20,4699818,G,G,525,60,12.66,0.23,258,267,0.52,0,0.42,258,0.45,150.04,0.46
Sample,CJD30,chr20,4699818,G,T,0,0,0,0,0,0,0,0,0,0,0,0,0
Sample,CJD30,chr20,4699818,G,N,0,0,0,0,0,0,0,0,0,0,0,0,0
Sample,CJD4,chr4,105234396,A,=,0,0,0,0,0,0,0,0,0,0,0,0,0
Sample,CJD4,chr4,105234396,A,A,3423,60,20.18,0.23,1821,1602,0.5,0,10.94,1821,0.51,150.78,0.5
Sample,CJD4,chr4,105234396,A,C,0,0,0,0,0,0,0,0,0,0,0,0,0
Sample,CJD4,chr4,105234396,A,G,0,0,0,0,0,0,0,0,0,0,0,0,0
Sample,CJD4,chr4,105234396,A,T,1,60,2,0,1,0,0.66,0.01,17,1,0.32,151,0.32
Sample,CJD4,chr4,105234396,A,N,0,0,0,0,0,0,0,0,0,0,0,0,0
Sample,CJD4,chr4,105234397,G,=,0,0,0,0,0,0,0,0,0,0,0,0,0
Sample,CJD4,chr4,105234397,G,A,1712,60,20.39,0.18,907,805,0.51,0.01,21.01,907,0.51,150.77,0.49
Sample,CJD4,chr4,105234397,G,C,0,0,0,0,0,0,0,0,0,0,0,0,0
Sample,CJD4,chr4,105234397,G,G,1720,60,19.78,0.31,919,801,0.49,0,1.06,919,0.5,150.79,0.5
Sample,CJD4,chr4,105234397,G,T,0,0,0,0,0,0,0,0,0,0,0,0,0
Sample,CJD4,chr4,105234397,G,N,0,0,0,0,0,0,0,0,0,0,0,0,0
Sample,CJD6,chr20,4691919,t,=,0,0,0,0,0,0,0,0,0,0,0,0,0
Sample,CJD6,chr20,4691919,t,A,3,60,20,0,1,2,0.59,0.01,35,1,0.21,149,0.5
Sample,CJD6,chr20,4691919,t,C,0,0,0,0,0,0,0,0,0,0,0,0,0
Sample,CJD6,chr20,4691919,t,G,0,0,0,0,0,0,0,0,0,0,0,0,0
Sample,CJD6,chr20,4691919,t,T,3650,58.65,21.31,1.14,1892,1758,0.51,0,3.28,1892,0.48,145.5,0.47
Sample,CJD6,chr20,4691919,t,N,0,0,0,0,0,0,0,0,0,0,0,0,0
Sample,CJD6,chr20,4691920,g,=,0,0,0,0,0,0,0,0,0,0,0,0,0
Sample,CJD6,chr20,4691920,g,A,71,33.44,20.1,5.41,39,32,0.77,0.04,41.55,39,0.47,55.45,0.2
Sample,CJD6,chr20,4691920,g,C,0,0,0,0,0,0,0,0,0,0,0,0,0
Sample,CJD6,chr20,4691920,g,G,3591,59.15,19.93,1.05,1856,1735,0.51,0,2.54,1856,0.48,147.26,0.47
Sample,CJD6,chr20,4691920,g,T,0,0,0,0,0,0,0,0,0,0,0,0,0
Sample,CJD6,chr20,4691920,g,N,0,0,0,0,0,0,0,0,0,0,0,0,0
Sample,CJD6,chr20,4694508,A,=,0,0,0,0,0,0,0,0,0,0,0,0,0
Sample,CJD6,chr20,4694508,A,A,1109,60,21.17,0.16,559,550,0.55,0,8.65,559,0.5,150.63,0.46
Sample,CJD6,chr20,4694508,A,C,0,0,0,0,0,0,0,0,0,0,0,0,0
Sample,CJD6,chr20,4694508,A,G,0,0,0,0,0,0,0,0,0,0,0,0,0
Sample,CJD6,chr20,4694508,A,T,0,0,0,0,0,0,0,0,0,0,0,0,0
Sample,CJD6,chr20,4694508,A,N,0,0,0,0,0,0,0,0,0,0,0,0,0
Sample,CJD6,chr20,4694509,A,=,0,0,0,0,0,0,0,0,0,0,0,0,0
Sample,CJD6,chr20,4694509,A,A,684,60,20.73,0.26,349,335,0.55,0,0.69,349,0.47,150.61,0.45
Sample,CJD6,chr20,4694509,A,C,0,0,0,0,0,0,0,0,0,0,0,0,0
Sample,CJD6,chr20,4694509,A,G,0,0,0,0,0,0,0,0,0,0,0,0,0
Sample,CJD6,chr20,4694509,A,T,425,60,20.78,0,212,213,0.55,0.01,21.51,212,0.54,150.67,0.48
Sample,CJD6,chr20,4694509,A,N,0,0,0,0,0,0,0,0,0,0,0,0,0
Sample,CJD7,chr20,4694269,g,=,0,0,0,0,0,0,0,0,0,0,0,0,0
Sample,CJD7,chr20,4694269,g,A,5,33.2,17.6,0,2,3,0.78,0.08,81.6,2,0.25,91.4,0.27
Sample,CJD7,chr20,4694269,g,C,0,0,0,0,0,0,0,0,0,0,0,0,0
Sample,CJD7,chr20,4694269,g,G,1404,57.19,21.06,0.16,674,730,0.54,0.01,7.9,674,0.47,144.9,0.45
Sample,CJD7,chr20,4694269,g,T,0,0,0,0,0,0,0,0,0,0,0,0,0
Sample,CJD7,chr20,4694269,g,N,0,0,0,0,0,0,0,0,0,0,0,0,0
Sample,CJD7,chr20,4694270,a,=,0,0,0,0,0,0,0,0,0,0,0,0,0
Sample,CJD7,chr20,4694270,a,A,1369,57.96,21.02,0.16,649,720,0.53,0,5.41,649,0.47,146.14,0.45
Sample,CJD7,chr20,4694270,a,C,0,0,0,0,0,0,0,0,0,0,0,0,0
Sample,CJD7,chr20,4694270,a,G,37,28.38,19.86,0.14,22,15,0.83,0.07,107.11,22,0.41,97.68,0.3
Sample,CJD7,chr20,4694270,a,T,2,0,19.5,0,2,0,0.9,0.05,41.5,2,0.68,42,0.33
Sample,CJD7,chr20,4694270,a,N,0,0,0,0,0,0,0,0,0,0,0,0,0
Sample,CJD8,chr20,4692885,T,=,0,0,0,0,0,0,0,0,0,0,0,0,0
Sample,CJD8,chr20,4692885,T,A,0,0,0,0,0,0,0,0,0,0,0,0,0
Sample,CJD8,chr20,4692885,T,C,0,0,0,0,0,0,0,0,0,0,0,0,0
Sample,CJD8,chr20,4692885,T,G,0,0,0,0,0,0,0,0,0,0,0,0,0
Sample,CJD8,chr20,4692885,T,T,57,60,16.63,0,31,26,0.53,0,8.67,31,0.51,149.95,0.44
Sample,CJD8,chr20,4692885,T,N,0,0,0,0,0,0,0,0,0,0,0,0,0
Sample,CJD8,chr20,4692886,G,=,0,0,0,0,0,0,0,0,0,0,0,0,0
Sample,CJD8,chr20,4692886,G,A,26,60,16.15,0,14,12,0.56,0.01,17.88,14,0.44,149.31,0.42
Sample,CJD8,chr20,4692886,G,C,0,0,0,0,0,0,0,0,0,0,0,0,0
Sample,CJD8,chr20,4692886,G,G,32,60,15.88,0,18,14,0.49,0,0.91,18,0.59,150.5,0.47
Sample,CJD8,chr20,4692886,G,T,0,0,0,0,0,0,0,0,0,0,0,0,0
Sample,CJD8,chr20,4692886,G,N,0,0,0,0,0,0,0,0,0,0,0,0,0
Sample,Ctrl1,chr20,4691494,a,=,0,0,0,0,0,0,0,0,0,0,0,0,0
Sample,Ctrl1,chr20,4691494,a,A,1937,58.84,17.54,1.15,959,978,0.48,0.01,8.1,959,0.48,148.1,0.49
Sample,Ctrl1,chr20,4691494,a,C,0,0,0,0,0,0,0,0,0,0,0,0,0
Sample,Ctrl1,chr20,4691494,a,G,1,60,6,0,0,1,0.65,0.01,6,0,0,151,0.32
Sample,Ctrl1,chr20,4691494,a,T,1,60,8,0,1,0,0,0.01,8,1,0.99,151,0.99
Sample,Ctrl1,chr20,4691494,a,N,0,0,0,0,0,0,0,0,0,0,0,0,0
Sample,Ctrl1,chr20,4691495,c,=,0,0,0,0,0,0,0,0,0,0,0,0,0
Sample,Ctrl1,chr20,4691495,c,A,2,60,16,0,0,2,0.48,0.06,129.5,0,0,147.5,0.75
Sample,Ctrl1,chr20,4691495,c,C,1837,59.69,13.58,0.86,903,934,0.49,0,3.51,903,0.48,149.32,0.49
Sample,Ctrl1,chr20,4691495,c,G,40,56.25,18.83,11.05,21,19,0.25,0.03,74.3,21,0.57,144.1,0.53
Sample,Ctrl1,chr20,4691495,c,T,40,41.7,18.05,4.5,19,21,0.41,0.07,93.32,19,0.47,118.18,0.43
Sample,Ctrl1,chr20,4691495,c,N,0,0,0,0,0,0,0,0,0,0,0,0,0
Sample,Ctrl1,chr20,4691495,c,-cgc,1,41,0,0,1,0,0.11,0.2,129,1,0.03,110,0.03
Sample,Ctrl2,chr20,4692683,T,=,0,0,0,0,0,0,0,0,0,0,0,0,0
Sample,Ctrl2,chr20,4692683,T,A,0,0,0,0,0,0,0,0,0,0,0,0,0
Sample,Ctrl2,chr20,4692683,T,C,1,60,16,0,0,1,0.87,0.01,16,0,0,151,0.56
Sample,Ctrl2,chr20,4692683,T,G,0,0,0,0,0,0,0,0,0,0,0,0,0
Sample,Ctrl2,chr20,4692683,T,T,822,60,17.01,0.15,447,375,0.49,0.01,0.88,447,0.56,150.7,0.55
Sample,Ctrl2,chr20,4692683,T,N,0,0,0,0,0,0,0,0,0,0,0,0,0
Sample,Ctrl2,chr20,4692684,C,=,0,0,0,0,0,0,0,0,0,0,0,0,0
Sample,Ctrl2,chr20,4692684,C,A,0,0,0,0,0,0,0,0,0,0,0,0,0
Sample,Ctrl2,chr20,4692684,C,C,819,60,16.32,0.15,447,372,0.49,0.01,0.84,447,0.56,150.7,0.54
Sample,Ctrl2,chr20,4692684,C,G,0,0,0,0,0,0,0,0,0,0,0,0,0
Sample,Ctrl2,chr20,4692684,C,T,5,60,20.2,0,3,2,0.01,0.01,23,3,0.98,151,0.59
Sample,Ctrl2,chr20,4692684,C,N,0,0,0,0,0,0,0,0,0,0,0,0,0
Sample,Ctrl2,chr20,4692684,C,+TTT,353,60,0,0.34,197,156,0.56,0.02,0.51,197,0.59,150.71,0.53
Sample,Ctrl3,chr20,4700653,T,=,0,0,0,0,0,0,0,0,0,0,0,0,0
Sample,Ctrl3,chr20,4700653,T,A,2,60,1,0,0,2,0.65,0.02,25.5,0,0,151,0.32
Sample,Ctrl3,chr20,4700653,T,C,1,60,25,0,1,0,0.08,0.01,25,1,0.03,151,0.03
Sample,Ctrl3,chr20,4700653,T,G,0,0,0,0,0,0,0,0,0,0,0,0,0
Sample,Ctrl3,chr20,4700653,T,T,4177,60,20.98,0.32,2046,2131,0.49,0,10.44,2046,0.5,150.86,0.49
Sample,Ctrl3,chr20,4700653,T,N,0,0,0,0,0,0,0,0,0,0,0,0,0
Sample,Ctrl3,chr20,4700654,C,=,0,0,0,0,0,0,0,0,0,0,0,0,0
Sample,Ctrl3,chr20,4700654,C,A,0,0,0,0,0,0,0,0,0,0,0,0,0
Sample,Ctrl3,chr20,4700654,C,C,2099,60,19.68,0.37,1023,1076,0.5,0,0.68,1023,0.5,150.88,0.49
Sample,Ctrl3,chr20,4700654,C,G,2076,60,19.83,0.23,1023,1053,0.49,0.01,20.5,1023,0.51,150.84,0.5
Sample,Ctrl3,chr20,4700654,C,T,0,0,0,0,0,0,0,0,0,0,0,0,0
Sample,Ctrl3,chr20,4700654,C,N,0,0,0,0,0,0,0,0,0,0,0,0,0
Sample,Ctrl4,chr20,4694248,c,=,0,0,0,0,0,0,0,0,0,0,0,0,0
Sample,Ctrl4,chr20,4694248,c,A,0,0,0,0,0,0,0,0,0,0,0,0,0
Sample,Ctrl4,chr20,4694248,c,C,41,60,15.61,0,22,19,0.26,0,6.56,22,0.74,144.49,0.5
Sample,Ctrl4,chr20,4694248,c,G,0,0,0,0,0,0,0,0,0,0,0,0,0
Sample,Ctrl4,chr20,4694248,c,T,2,56,15.5,0,1,1,0.61,0.09,94,1,0.74,99,0.33
Sample,Ctrl4,chr20,4694248,c,N,0,0,0,0,0,0,0,0,0,0,0,0,0
Sample,Ctrl4,chr20,4694249,t,=,0,0,0,0,0,0,0,0,0,0,0,0,0
Sample,Ctrl4,chr20,4694249,t,A,0,0,0,0,0,0,0,0,0,0,0,0,0
Sample,Ctrl4,chr20,4694249,t,C,10,59.2,15.8,0,7,3,0.3,0.03,35.8,7,0.78,134.1,0.55
Sample,Ctrl4,chr20,4694249,t,G,0,0,0,0,0,0,0,0,0,0,0,0,0
Sample,Ctrl4,chr20,4694249,t,T,32,60,16,0,15,17,0.29,0,3.09,15,0.75,144.72,0.5
Sample,Ctrl4,chr20,4694249,t,N,0,0,0,0,0,0,0,0,0,0,0,0,0
Sample,Ctrl5,chr20,4694508,A,=,0,0,0,0,0,0,0,0,0,0,0,0,0
Sample,Ctrl5,chr20,4694508,A,A,789,60,20.5,0,379,410,0.58,0,8.59,379,0.48,150.83,0.47
Sample,Ctrl5,chr20,4694508,A,C,0,0,0,0,0,0,0,0,0,0,0,0,0
Sample,Ctrl5,chr20,4694508,A,G,0,0,0,0,0,0,0,0,0,0,0,0,0
Sample,Ctrl5,chr20,4694508,A,T,0,0,0,0,0,0,0,0,0,0,0,0,0
Sample,Ctrl5,chr20,4694508,A,N,0,0,0,0,0,0,0,0,0,0,0,0,0
Sample,Ctrl5,chr20,4694509,A,=,0,0,0,0,0,0,0,0,0,0,0,0,0
Sample,Ctrl5,chr20,4694509,A,A,491,60,20.68,0,236,255,0.58,0,0.71,236,0.48,150.94,0.47
Sample,Ctrl5,chr20,4694509,A,C,0,0,0,0,0,0,0,0,0,0,0,0,0
Sample,Ctrl5,chr20,4694509,A,G,0,0,0,0,0,0,0,0,0,0,0,0,0
Sample,Ctrl5,chr20,4694509,A,T,299,60,20.44,0,144,155,0.6,0.01,21.56,144,0.49,150.64,0.47
Sample,Ctrl5,chr20,4694509,A,N,0,0,0,0,0,0,0,0,0,0,0,0,0
Dilution,A100_1to2,chr20,4699189,C,=,0,0,0,0,0,0,0,0,0,0,0,0,0
Dilution,A100_1to2,chr20,4699189,C,A,0,0,0,0,0,0,0,0,0,0,0,0,0
Dilution,A100_1to2,chr20,4699189,C,C,6670,60,19.36,0.24,3083,3587,0.5,0,12.27,3083,0.48,150.64,0.5
Dilution,A100_1to2,chr20,4699189,C,G,0,0,0,0,0,0,0,0,0,0,0,0,0
Dilution,A100_1to2,chr20,4699189,C,T,2,60,22.5,0,1,1,0.74,0.01,22.5,1,0.53,151,0.41
Dilution,A100_1to2,chr20,4699189,C,N,0,0,0,0,0,0,0,0,0,0,0,0,0
Dilution,A100_1to2,chr20,4699190,G,=,0,0,0,0,0,0,0,0,0,0,0,0,0
Dilution,A100_1to2,chr20,4699190,G,A,3423,60,22.83,0.18,1588,1835,0.5,0.01,23.48,1588,0.48,150.57,0.5
Dilution,A100_1to2,chr20,4699190,G,C,0,0,0,0,0,0,0,0,0,0,0,0,0
Dilution,A100_1to2,chr20,4699190,G,G,3234,60,17.33,0.3,1504,1730,0.5,0,0.64,1504,0.49,150.71,0.5
Dilution,A100_1to2,chr20,4699190,G,T,1,60,29,0,0,1,0,0.01,29,0,0,151,0
Dilution,A100_1to2,chr20,4699190,G,N,0,0,0,0,0,0,0,0,0,0,0,0,0
Dilution,NA100_undil,chr20,4692386,a,=,0,0,0,0,0,0,0,0,0,0,0,0,0
Dilution,NA100_undil,chr20,4692386,a,A,5123,60,22.64,0.29,2509,2614,0.5,0.01,20.53,2509,0.46,150.58,0.49
Dilution,NA100_undil,chr20,4692386,a,C,0,0,0,0,0,0,0,0,0,0,0,0,0
Dilution,NA100_undil,chr20,4692386,a,G,1,60,11,0,1,0,0.21,0.01,11,1,0.09,151,0.09
Dilution,NA100_undil,chr20,4692386,a,T,2,60,20,0,1,1,0.13,0.02,34.5,1,0.87,151,0.44
Dilution,NA100_undil,chr20,4692386,a,N,0,0,0,0,0,0,0,0,0,0,0,0,0
Dilution,NA100_undil,chr20,4692387,t,=,0,0,0,0,0,0,0,0,0,0,0,0,0
Dilution,NA100_undil,chr20,4692387,t,A,1,60,29,0,1,0,0.03,0.01,55,1,0,151,0
Dilution,NA100_undil,chr20,4692387,t,C,2260,60,21.21,0.35,1104,1156,0.52,0.02,44.83,1104,0.46,150.58,0.49
Dilution,NA100_undil,chr20,4692387,t,G,0,0,0,0,0,0,0,0,0,0,0,0,0
Dilution,NA100_undil,chr20,4692387,t,T,2786,60,22.91,0.22,1362,1424,0.5,0,0.67,1362,0.47,150.66,0.49
Dilution,NA100_undil,chr20,4692387,t,N,0,0,0,0,0,0,0,0,0,0,0,0,0
Dilution,NA100_undil,chr20,4694508,A,=,0,0,0,0,0,0,0,0,0,0,0,0,0
Dilution,NA100_undil,chr20,4694508,A,A,1585,60,22.41,0.08,879,706,0.59,0,10.33,879,0.51,150.56,0.46
Dilution,NA100_undil,chr20,4694508,A,C,0,0,0,0,0,0,0,0,0,0,0,0,0
Dilution,NA100_undil,chr20,4694508,A,G,0,0,0,0,0,0,0,0,0,0,0,0,0
Dilution,NA100_undil,chr20,4694508,A,T,0,0,0,0,0,0,0,0,0,0,0,0,0
Dilution,NA100_undil,chr20,4694508,A,N,0,0,0,0,0,0,0,0,0,0,0,0,0
Dilution,NA100_undil,chr20,4694509,A,=,0,0,0,0,0,0,0,0,0,0,0,0,0
Dilution,NA100_undil,chr20,4694509,A,A,924,60,22.57,0.13,506,418,0.59,0,0.79,506,0.5,150.58,0.46
Dilution,NA100_undil,chr20,4694509,A,C,0,0,0,0,0,0,0,0,0,0,0,0,0
Dilution,NA100_undil,chr20,4694509,A,G,0,0,0,0,0,0,0,0,0,0,0,0,0
Dilution,NA100_undil,chr20,4694509,A,T,664,60,22.77,0,376,288,0.58,0.01,23.66,376,0.52,150.54,0.46
Dilution,NA100_undil,chr20,4694509,A,N,0,0,0,0,0,0,0,0,0,0,0,0,0
Dilution,NA995A05_undil,chr2,178740452,G,=,0,0,0,0,0,0,0,0,0,0,0,0,0
Dilution,NA995A05_undil,chr2,178740452,G,A,1,60,21,0,0,1,0.11,0.01,21,0,0,151,0.95
Dilution,NA995A05_undil,chr2,178740452,G,C,0,0,0,0,0,0,0,0,0,0,0,0,0
Dilution,NA995A05_undil,chr2,178740452,G,G,13132,60,21.55,0.57,6591,6541,0.5,0,0.85,6591,0.47,150.6,0.49
Dilution,NA995A05_undil,chr2,178740452,G,T,0,0,0,0,0,0,0,0,0,0,0,0,0
Dilution,NA995A05_undil,chr2,178740452,G,N,0,0,0,0,0,0,0,0,0,0,0,0,0
Dilution,NA995A05_undil,chr2,178740453,C,=,0,0,0,0,0,0,0,0,0,0,0,0,0
Dilution,NA995A05_undil,chr2,178740453,C,A,0,0,0,0,0,0,0,0,0,0,0,0,0
Dilution,NA995A05_undil,chr2,178740453,C,C,12909,60,17.21,0.58,6459,6450,0.5,0,0.55,6459,0.47,150.59,0.49
Dilution,NA995A05_undil,chr2,178740453,C,G,0,0,0,0,0,0,0,0,0,0,0,0,0
Dilution,NA995A05_undil,chr2,178740453,C,T,180,60,22.73,0.33,99,81,0.47,0.01,23.25,99,0.49,150.72,0.5
Dilution,NA995A05_undil,chr2,178740453,C,N,0,0,0,0,0,0,0,0,0,0,0,0,0
Dilution,NA995A05_undil,chr20,4692376,t,=,0,0,0,0,0,0,0,0,0,0,0,0,0
Dilution,NA995A05_undil,chr20,4692376,t,A,0,0,0,0,0,0,0,0,0,0,0,0,0
Dilution,NA995A05_undil,chr20,4692376,t,C,1,60,15,0,1,0,0.01,0.01,15,1,0.98,151,0.98
Dilution,NA995A05_undil,chr20,4692376,t,G,0,0,0,0,0,0,0,0,0,0,0,0,0
Dilution,NA995A05_undil,chr20,4692376,t,T,9804,60,22.46,0.57,4793,5011,0.5,0.01,19.65,4793,0.47,150.51,0.49
Dilution,NA995A05_undil,chr20,4692376,t,N,0,0,0,0,0,0,0,0,0,0,0,0,0
Dilution,NA995A05_undil,chr20,4692377,g,=,0,0,0,0,0,0,0,0,0,0,0,0,0
Dilution,NA995A05_undil,chr20,4692377,g,A,0,0,0,0,0,0,0,0,0,0,0,0,0
Dilution,NA995A05_undil,chr20,4692377,g,C,4477,60,21.86,0.56,2220,2257,0.49,0.02,42.72,2220,0.47,150.48,0.49
Dilution,NA995A05_undil,chr20,4692377,g,G,5332,60,20.7,0.57,2570,2762,0.51,0,0.61,2570,0.47,150.57,0.5
Dilution,NA995A05_undil,chr20,4692377,g,T,0,0,0,0,0,0,0,0,0,0,0,0,0
Dilution,NA995A05_undil,chr20,4692377,g,N,0,0,0,0,0,0,0,0,0,0,0,0,0
Dilution,NA995A05_undil,chr20,4692386,a,=,0,0,0,0,0,0,0,0,0,0,0,0,0
Dilution,NA995A05_undil,chr20,4692386,a,A,9664,60,22.71,0.6,4706,4958,0.5,0.01,19.86,4706,0.47,150.46,0.49
Dilution,NA995A05_undil,chr20,4692386,a,C,0,0,0,0,0,0,0,0,0,0,0,0,0
Dilution,NA995A05_undil,chr20,4692386,a,G,1,60,13,0,1,0,0.61,0.01,13,1,0.29,151,0.29
Dilution,NA995A05_undil,chr20,4692386,a,T,1,60,29,0,0,1,0.03,0.01,29,0,0,151,0.01
Dilution,NA995A05_undil,chr20,4692386,a,N,0,0,0,0,0,0,0,0,0,0,0,0,0
Dilution,NA995A05_undil,chr20,4692387,t,=,0,0,0,0,0,0,0,0,0,0,0,0,0
Dilution,NA995A05_undil,chr20,4692387,t,A,1,60,19,0,0,1,0.42,0.01,19,0,0,151,0.79
Dilution,NA995A05_undil,chr20,4692387,t,C,4211,60,20.58,0.58,2075,2136,0.52,0.02,43.82,2075,0.47,150.6,0.49
Dilution,NA995A05_undil,chr20,4692387,t,G,0,0,0,0,0,0,0,0,0,0,0,0,0
Dilution,NA995A05_undil,chr20,4692387,t,T,5280,60,22.72,0.64,2528,2752,0.5,0,0.62,2528,0.48,150.45,0.5
Dilution,NA995A05_undil,chr20,4692387,t,N,0,0,0,0,0,0,0,0,0,0,0,0,0
Dilution,NA995A05_undil,chr20,4692683,T,=,0,0,0,0,0,0,0,0,0,0,0,0,0
Dilution,NA995A05_undil,chr20,4692683,T,A,0,0,0,0,0,0,0,0,0,0,0,0,0
Dilution,NA995A05_undil,chr20,4692683,T,C,0,0,0,0,0,0,0,0,0,0,0,0,0
Dilution,NA995A05_undil,chr20,4692683,T,G,0,0,0,0,0,0,0,0,0,0,0,0,0
Dilution,NA995A05_undil,chr20,4692683,T,T,8449,60,21.88,0.71,4491,3958,0.5,0.01,1.22,4491,0.56,150.59,0.53
Dilution,NA995A05_undil,chr20,4692683,T,N,0,0,0,0,0,0,0,0,0,0,0,0,0
Dilution,NA995A05_undil,chr20,4692684,C,=,0,0,0,0,0,0,0,0,0,0,0,0,0
Dilution,NA995A05_undil,chr20,4692684,C,A,1,60,19,0,0,1,0.5,0.01,19,0,0,151,0.75
Dilution,NA995A05_undil,chr20,4692684,C,C,8393,60,21.56,0.71,4466,3927,0.5,0.01,1.13,4466,0.56,150.59,0.53
Dilution,NA995A05_undil,chr20,4692684,C,G,0,0,0,0,0,0,0,0,0,0,0,0,0
Dilution,NA995A05_undil,chr20,4692684,C,T,38,60,26.61,0,22,16,0.01,0.01,27.63,22,0.98,150.84,0.57
Dilution,NA995A05_undil,chr20,4692684,C,N,0,0,0,0,0,0,0,0,0,0,0,0,0
Dilution,NA995A05_undil,chr20,4692684,C,+CTT,2,60,0,0,2,0,0.21,0.02,0,2,0.88,151,0.88
Dilution,NA995A05_undil,chr20,4692684,C,+TAT,1,60,0,0,1,0,0.65,0.02,0,1,0.66,151,0.66
Dilution,NA995A05_undil,chr20,4692684,C,+TTT,3454,60,0,0.75,1908,1546,0.53,0.02,0.58,1908,0.6,150.75,0.54
Dilution,NA995A05_undil,chr20,4692684,C,+TTTT,1,60,0,0,1,0,0.49,0.03,0,1,0.74,151,0.74
Dilution,NA995A05_undil,chr20,4694508,A,=,0,0,0,0,0,0,0,0,0,0,0,0,0
Dilution,NA995A05_undil,chr20,4694508,A,A,4194,60,21.85,0.34,2303,1891,0.55,0,10.2,2303,0.51,150.62,0.47
Dilution,NA995A05_undil,chr20,4694508,A,C,0,0,0,0,0,0,0,0,0,0,0,0,0
Dilution,NA995A05_undil,chr20,4694508,A,G,0,0,0,0,0,0,0,0,0,0,0,0,0
Dilution,NA995A05_undil,chr20,4694508,A,T,1,60,22,0,0,1,0.5,0.01,22,0,0,151,0.25
Dilution,NA995A05_undil,chr20,4694508,A,N,0,0,0,0,0,0,0,0,0,0,0,0,0
Dilution,NA995A05_undil,chr20,4694509,A,=,0,0,0,0,0,0,0,0,0,0,0,0,0
Dilution,NA995A05_undil,chr20,4694509,A,A,2374,60,22.36,0.43,1301,1073,0.56,0,0.69,1301,0.5,150.55,0.47
Dilution,NA995A05_undil,chr20,4694509,A,C,0,0,0,0,0,0,0,0,0,0,0,0,0
Dilution,NA995A05_undil,chr20,4694509,A,G,0,0,0,0,0,0,0,0,0,0,0,0,0
Dilution,NA995A05_undil,chr20,4694509,A,T,1814,60,22.13,0.23,1002,812,0.55,0.01,22.7,1002,0.51,150.7,0.47
Dilution,NA995A05_undil,chr20,4694509,A,N,0,0,0,0,0,0,0,0,0,0,0,0,0
Dilution,NA995A05_undil,chr20,4699189,C,=,0,0,0,0,0,0,0,0,0,0,0,0,0
Dilution,NA995A05_undil,chr20,4699189,C,A,0,0,0,0,0,0,0,0,0,0,0,0,0
Dilution,NA995A05_undil,chr20,4699189,C,C,9729,60,16.34,0.46,4166,5563,0.48,0,0.93,4166,0.5,150.59,0.51
Dilution,NA995A05_undil,chr20,4699189,C,G,1,60,28,0,1,0,0.01,0.01,28,1,0.01,151,0.01
Dilution,NA995A05_undil,chr20,4699189,C,T,2,60,22.5,0,1,1,0.44,0.01,22.5,1,0.74,151,0.46
Dilution,NA995A05_undil,chr20,4699189,C,N,0,0,0,0,0,0,0,0,0,0,0,0,0
Dilution,NA995A05_undil,chr20,4699190,G,=,0,0,0,0,0,0,0,0,0,0,0,0,0
Dilution,NA995A05_undil,chr20,4699190,G,A,127,60,22.5,0.47,64,63,0.49,0.01,23.02,64,0.49,150.78,0.52
Dilution,NA995A05_undil,chr20,4699190,G,C,1,60,24,0,0,1,0,0.01,24,0,0,151,0
Dilution,NA995A05_undil,chr20,4699190,G,G,9554,60,17.18,0.45,4139,5415,0.48,0,0.64,4139,0.51,150.58,0.51
Dilution,NA995A05_undil,chr20,4699190,G,T,1,60,24,0,0,1,0,0.01,24,0,0,150,0
Dilution,NA995A05_undil,chr20,4699190,G,N,0,0,0,0,0,0,0,0,0,0,0,0,0
Dilution,NA995A05_undil,chr20,4699569,G,=,0,0,0,0,0,0,0,0,0,0,0,0,0
Dilution,NA995A05_undil,chr20,4699569,G,A,0,0,0,0,0,0,0,0,0,0,0,0,0
Dilution,NA995A05_undil,chr20,4699569,G,C,0,0,0,0,0,0,0,0,0,0,0,0,0
Dilution,NA995A05_undil,chr20,4699569,G,G,9390,60,21.54,0.35,5059,4331,0.5,0,7.02,5059,0.52,149.31,0.5
Dilution,NA995A05_undil,chr20,4699569,G,T,0,0,0,0,0,0,0,0,0,0,0,0,0
Dilution,NA995A05_undil,chr20,4699569,G,N,0,0,0,0,0,0,0,0,0,0,0,0,0
Dilution,NA995A05_undil,chr20,4699570,C,=,0,0,0,0,0,0,0,0,0,0,0,0,0
Dilution,NA995A05_undil,chr20,4699570,C,A,1,60,20,0,0,1,0.44,0.01,20,0,0,151,0.78
Dilution,NA995A05_undil,chr20,4699570,C,C,9225,60,20.87,0.34,4985,4240,0.51,0,6.68,4985,0.52,149.34,0.5
Dilution,NA995A05_undil,chr20,4699570,C,G,0,0,0,0,0,0,0,0,0,0,0,0,0
Dilution,NA995A05_undil,chr20,4699570,C,T,128,60,21.88,0.47,61,67,0.56,0.02,34.16,61,0.48,148.68,0.5
Dilution,NA995A05_undil,chr20,4699570,C,N,0,0,0,0,0,0,0,0,0,0,0,0,0
Dilution,NA99A1_1to5,chr20,4694081,a,=,0,0,0,0,0,0,0,0,0,0,0,0,0
Dilution,NA99A1_1to5,chr20,4694081,a,A,3157,60,20,0.13,1514,1643,0.46,0.01,5.69,1514,0.4,143.58,0.44
Dilution,NA99A1_1to5,chr20,4694081,a,C,0,0,0,0,0,0,0,0,0,0,0,0,0
Dilution,NA99A1_1to5,chr20,4694081,a,G,0,0,0,0,0,0,0,0,0,0,0,0,0
Dilution,NA99A1_1to5,chr20,4694081,a,T,0,0,0,0,0,0,0,0,0,0,0,0,0
Dilution,NA99A1_1to5,chr20,4694081,a,N,0,0,0,0,0,0,0,0,0,0,0,0,0
Dilution,NA99A1_1to5,chr20,4694081,a,-aag,14,60,0,0,3,11,0.75,0.02,0.79,3,0.4,146.36,0.49
Dilution,NA99A1_1to5,chr20,4694081,a,-aaga,5,60,0,0,2,3,0.6,0.03,0,2,0.4,150.8,0.6
Dilution,NA99A1_1to5,chr20,4694081,a,-aagaa,1,60,0,0,0,1,0.91,0.03,0,0,0,151,0.54
Dilution,NA99A1_1to5,chr20,4694082,a,=,0,0,0,0,0,0,0,0,0,0,0,0,0
Dilution,NA99A1_1to5,chr20,4694082,a,A,3050,60,19.78,0.14,1456,1594,0.46,0,6.11,1456,0.4,143.32,0.43
Dilution,NA99A1_1to5,chr20,4694082,a,C,0,0,0,0,0,0,0,0,0,0,0,0,0
Dilution,NA99A1_1to5,chr20,4694082,a,G,0,0,0,0,0,0,0,0,0,0,0,0,0
Dilution,NA99A1_1to5,chr20,4694082,a,T,0,0,0,0,0,0,0,0,0,0,0,0,0
Dilution,NA99A1_1to5,chr20,4694082,a,N,0,0,0,0,0,0,0,0,0,0,0,0,0
Dilution,NA99A1_1to5,chr20,4694082,a,-ag,124,60,0,0,58,66,0.54,0.01,0.56,58,0.39,143.87,0.43
Dilution,NA99A1_undil,chr20,4692386,a,=,0,0,0,0,0,0,0,0,0,0,0,0,0
Dilution,NA99A1_undil,chr20,4692386,a,A,4688,60,22.8,0.24,2329,2359,0.5,0.01,20.64,2329,0.47,150.74,0.49
Dilution,NA99A1_undil,chr20,4692386,a,C,0,0,0,0,0,0,0,0,0,0,0,0,0
Dilution,NA99A1_undil,chr20,4692386,a,G,0,0,0,0,0,0,0,0,0,0,0,0,0
Dilution,NA99A1_undil,chr20,4692386,a,T,0,0,0,0,0,0,0,0,0,0,0,0,0
Dilution,NA99A1_undil,chr20,4692386,a,N,0,0,0,0,0,0,0,0,0,0,0,0,0
Dilution,NA99A1_undil,chr20,4692387,t,=,0,0,0,0,0,0,0,0,0,0,0,0,0
Dilution,NA99A1_undil,chr20,4692387,t,A,0,0,0,0,0,0,0,0,0,0,0,0,0
Dilution,NA99A1_undil,chr20,4692387,t,C,2085,60,21.57,0.2,1079,1006,0.52,0.02,44.38,1079,0.47,150.83,0.49
Dilution,NA99A1_undil,chr20,4692387,t,G,0,0,0,0,0,0,0,0,0,0,0,0,0
Dilution,NA99A1_undil,chr20,4692387,t,T,2525,60,22.9,0.29,1209,1316,0.49,0,0.91,1209,0.47,150.79,0.5
Dilution,NA99A1_undil,chr20,4692387,t,N,0,0,0,0,0,0,0,0,0,0,0,0,0
Dilution,NA99A1_undil,chr20,4692683,T,=,0,0,0,0,0,0,0,0,0,0,0,0,0
Dilution,NA99A1_undil,chr20,4692683,T,A,0,0,0,0,0,0,0,0,0,0,0,0,0
Dilution,NA99A1_undil,chr20,4692683,T,C,1,60,14,0,0,1,0.79,0.01,14,0,0,151,0.4
Dilution,NA99A1_undil,chr20,4692683,T,G,0,0,0,0,0,0,0,0,0,0,0,0,0
Dilution,NA99A1_undil,chr20,4692683,T,T,4177,60,21.79,0.13,2070,2107,0.51,0.01,1.25,2070,0.53,150.73,0.52
Dilution,NA99A1_undil,chr20,4692683,T,N,0,0,0,0,0,0,0,0,0,0,0,0,0
Dilution,NA99A1_undil,chr20,4692684,C,=,0,0,0,0,0,0,0,0,0,0,0,0,0
Dilution,NA99A1_undil,chr20,4692684,C,A,0,0,0,0,0,0,0,0,0,0,0,0,0
Dilution,NA99A1_undil,chr20,4692684,C,C,4138,60,21.9,0.13,2047,2091,0.51,0.01,1.19,2047,0.53,150.73,0.52
Dilution,NA99A1_undil,chr20,4692684,C,G,0,0,0,0,0,0,0,0,0,0,0,0,0
Dilution,NA99A1_undil,chr20,4692684,C,T,21,60,24.86,0,15,6,0.01,0.01,25.86,15,0.98,150.95,0.7
Dilution,NA99A1_undil,chr20,4692684,C,N,0,0,0,0,0,0,0,0,0,0,0,0,0
Dilution,NA99A1_undil,chr20,4692684,C,+CTT,1,60,0,0,0,1,0.38,0.03,46,0,0,151,0.81
Dilution,NA99A1_undil,chr20,4692684,C,+TTT,1679,60,0,0.07,845,834,0.55,0.02,0.62,845,0.58,150.76,0.52
Dilution,NA99A1_undil,chr20,4694508,A,=,0,0,0,0,0,0,0,0,0,0,0,0,0
Dilution,NA99A1_undil,chr20,4694508,A,A,2421,60,22.35,0.05,1248,1173,0.55,0,9.82,1248,0.47,150.7,0.45
Dilution,NA99A1_undil,chr20,4694508,A,C,0,0,0,0,0,0,0,0,0,0,0,0,0
Dilution,NA99A1_undil,chr20,4694508,A,G,0,0,0,0,0,0,0,0,0,0,0,0,0
Dilution,NA99A1_undil,chr20,4694508,A,T,0,0,0,0,0,0,0,0,0,0,0,0,0
Dilution,NA99A1_undil,chr20,4694508,A,N,0,0,0,0,0,0,0,0,0,0,0,0,0
Dilution,NA99A1_undil,chr20,4694508,A,-A,1,60,0,0,1,0,0.83,0.01,24,1,0.4,151,0.4
Dilution,NA99A1_undil,chr20,4694509,A,=,0,0,0,0,0,0,0,0,0,0,0,0,0
Dilution,NA99A1_undil,chr20,4694509,A,A,1413,60,22.52,0.08,719,694,0.55,0,0.62,719,0.46,150.65,0.44
Dilution,NA99A1_undil,chr20,4694509,A,C,0,0,0,0,0,0,0,0,0,0,0,0,0
Dilution,NA99A1_undil,chr20,4694509,A,G,1,60,23,0,0,1,0.42,0.01,23,0,0,151,0.21
Dilution,NA99A1_undil,chr20,4694509,A,T,1007,60,22.26,0,529,478,0.56,0.01,22.78,529,0.49,150.77,0.47
Dilution,NA99A1_undil,chr20,4694509,A,N,0,0,0,0,0,0,0,0,0,0,0,0,0
Dilution,NA99A1_undil,chr20,4699569,G,=,0,0,0,0,0,0,0,0,0,0,0,0,0
Dilution,NA99A1_undil,chr20,4699569,G,A,0,0,0,0,0,0,0,0,0,0,0,0,0
Dilution,NA99A1_undil,chr20,4699569,G,C,0,0,0,0,0,0,0,0,0,0,0,0,0
Dilution,NA99A1_undil,chr20,4699569,G,G,4302,60,21.56,0.15,2209,2093,0.51,0,7.72,2209,0.52,149.61,0.5
Dilution,NA99A1_undil,chr20,4699569,G,T,1,60,23,0,1,0,0.08,0.01,33,1,0.95,151,0.95
Dilution,NA99A1_undil,chr20,4699569,G,N,0,0,0,0,0,0,0,0,0,0,0,0,0
Dilution,NA99A1_undil,chr20,4699570,C,=,0,0,0,0,0,0,0,0,0,0,0,0,0
Dilution,NA99A1_undil,chr20,4699570,C,A,0,0,0,0,0,0,0,0,0,0,0,0,0
Dilution,NA99A1_undil,chr20,4699570,C,C,4270,60,21.33,0.15,2202,2068,0.51,0,7.53,2202,0.52,149.6,0.5
Dilution,NA99A1_undil,chr20,4699570,C,G,0,0,0,0,0,0,0,0,0,0,0,0,0
Dilution,NA99A1_undil,chr20,4699570,C,T,33,60,22.24,0,14,19,0.51,0.02,37.61,14,0.38,148.27,0.41
Dilution,NA99A1_undil,chr20,4699570,C,N,0,0,0,0,0,0,0,0,0,0,0,0,0
