assay,run_id,well,sample,sample_type,classification_status_dPCP_control_projected,classification_status_dPCP_native,n_mut_expected_dPCP_control_projected,n_mut_expected_dPCP_native,n_wt_expected_dPCP_control_projected,n_wt_expected_dPCP_native,n_rain_dPCP_control_projected,n_rain_dPCP_native,delta_native_minus_control_mut,delta_native_minus_control_wt
D178N,2020-10-12_SNV_D178N,A01,NTC_D178N,NTC,ok,ok,154,15248,0,0,0,0,15094,0
D178N,2020-10-12_SNV_D178N,A07,CJD15-1_fr_D178N,biological_sample,ok,ok,28,4856,12419,12491,76,0,4828,72
D178N,2020-10-12_SNV_D178N,B01,WT_D178N,WT_control,ok,ok,28,1989,11821,12021,202,0,1961,200
D178N,2020-10-12_SNV_D178N,B04,CJD15-27_cb_D178N,biological_sample,ok,ok,37,7529,7967,8015,49,0,7492,48
D178N,2020-10-12_SNV_D178N,C01,Mut_D178N,positive_control,ok,ok,2397,13193,2301,4001,84,0,10796,1700
D178N,2020-10-12_SNV_D178N,C04,CJD15-27_fr_D178N,biological_sample,ok,ok,32,2750,10429,10566,138,0,2718,137
D178N,2020-10-15_SNV_D178N,A01,NTC_D178N,NTC,ok,failed,2,NA,0,NA,0,NA,NA,NA
D178N,2020-10-15_SNV_D178N,A03,CJD18-6_bg_D178N,biological_sample,ok,failed,16,NA,11573,NA,92,NA,NA,NA
D178N,2020-10-15_SNV_D178N,A05,CJD18-17_bg_D178N,biological_sample,ok,failed,152,NA,10265,NA,433,NA,NA,NA
D178N,2020-10-15_SNV_D178N,A07,CJD18-24_bg_D178N,biological_sample,ok,failed,1496,NA,8403,NA,1211,NA,NA,NA
D178N,2020-10-15_SNV_D178N,A09,CJD18-31_bg_D178N,biological_sample,ok,failed,1854,NA,7750,NA,2354,NA,NA,NA
D178N,2020-10-15_SNV_D178N,B01,WT_D178N,WT_control,ok,failed,16,NA,9866,NA,203,NA,NA,NA
D178N,2020-10-15_SNV_D178N,B03,CJD18-6_cb_D178N,biological_sample,ok,failed,1173,NA,10544,NA,997,NA,NA,NA
D178N,2020-10-15_SNV_D178N,B05,CJD18-17_cb_D178N,biological_sample,ok,failed,301,NA,9206,NA,404,NA,NA,NA
D178N,2020-10-15_SNV_D178N,B07,CJD18-24_cb_D178N,biological_sample,ok,failed,384,NA,9807,NA,571,NA,NA,NA
D178N,2020-10-15_SNV_D178N,B09,CJD18-31_cb_D178N,biological_sample,ok,failed,373,NA,11182,NA,984,NA,NA,NA
D178N,2020-10-15_SNV_D178N,C01,Mut_D178N,positive_control,ok,failed,1550,NA,1490,NA,47,NA,NA,NA
D178N,2020-10-15_SNV_D178N,C03,CJD18-6_fr_D178N,biological_sample,ok,failed,184,NA,11104,NA,298,NA,NA,NA
D178N,2020-10-15_SNV_D178N,C05,CJD18-17_fr_D178N,biological_sample,ok,failed,620,NA,10548,NA,1057,NA,NA,NA
D178N,2020-10-15_SNV_D178N,C07,CJD18-24_fr_D178N,biological_sample,ok,failed,919,NA,11009,NA,1980,NA,NA,NA
D178N,2020-10-15_SNV_D178N,D03,CJD18-6_hc_D178N,biological_sample,ok,failed,8,NA,10431,NA,19,NA,NA,NA
D178N,2020-10-15_SNV_D178N,D05,CJD18-17_hc_D178N,biological_sample,ok,failed,13,NA,10341,NA,107,NA,NA,NA
D178N,2020-10-15_SNV_D178N,D07,CJD18-24_hc_D178N,biological_sample,ok,failed,40,NA,10363,NA,133,NA,NA,NA
D178N,2020-10-15_SNV_D178N,D09,CJD18-31_hc_D178N,biological_sample,ok,failed,124,NA,6086,NA,480,NA,NA,NA
D178N,2020-10-15_SNV_D178N,E03,CJD18-6_sn_D178N,biological_sample,ok,failed,73,NA,10501,NA,247,NA,NA,NA
D178N,2020-10-15_SNV_D178N,E05,CJD18-17_sn_D178N,biological_sample,ok,failed,170,NA,8997,NA,357,NA,NA,NA
D178N,2020-10-15_SNV_D178N,E07,CJD18-24_sn_D178N,biological_sample,ok,failed,179,NA,7752,NA,736,NA,NA,NA
D178N,2020-10-15_SNV_D178N,E09,CJD18-31_sn_D178N,biological_sample,ok,failed,196,NA,7408,NA,1315,NA,NA,NA
D178N,2020-10-15_SNV_D178N,F03,CJD18-6_th_D178N,biological_sample,ok,failed,22,NA,9348,NA,171,NA,NA,NA
D178N,2020-10-15_SNV_D178N,F05,CJD18-17_th_D178N,biological_sample,ok,failed,19,NA,10023,NA,45,NA,NA,NA
D178N,2020-10-22_SNV_D178N,A01,NTC_E200K,NTC,ok,ok,116,14577,1,1,0,0,14461,0
D178N,2020-10-22_SNV_D178N,A03,CJD13-21_bg_D178N,biological_sample,ok,ok,295,6114,10966,12017,1053,0,5819,1051
D178N,2020-10-22_SNV_D178N,A05,CJD14-24_bg_D178N,biological_sample,ok,ok,427,5563,9994,10430,467,0,5136,436
D178N,2020-10-22_SNV_D178N,A07,CJD20-08_bg_D178N,biological_sample,ok,ok,134,4986,10613,10782,167,0,4852,169
D178N,2020-10-22_SNV_D178N,A09,CJD19-29_fr_D178N,biological_sample,ok,ok,1757,10189,7927,9331,1403,0,8432,1404
D178N,2020-10-22_SNV_D178N,B01,WT_D178N,WT_control,ok,ok,46,3430,8312,8379,66,0,3384,67
D178N,2020-10-22_SNV_D178N,B03,CJD13-21_cb_D178N,biological_sample,ok,ok,258,5129,13612,14412,841,0,4871,800
D178N,2020-10-22_SNV_D178N,B05,CJD14-24_cb_D178N,biological_sample,ok,ok,615,5842,8369,8839,471,0,5227,470
D178N,2020-10-22_SNV_D178N,B07,CJD20-08_cb_D178N,biological_sample,ok,ok,209,6893,10362,11100,739,0,6684,738
D178N,2020-10-22_SNV_D178N,C01,D178N-mut,positive_control,ok,ok,1933,11280,1591,1662,63,0,9347,71
D178N,2020-10-22_SNV_D178N,C03,CJD13-21_fr_D178N,biological_sample,ok,ok,58,3152,10861,11006,143,0,3094,145
D178N,2020-10-22_SNV_D178N,C05,CJD14-24_fr_D178N,biological_sample,ok,ok,1410,6150,10205,11562,1353,0,4740,1357
D178N,2020-10-22_SNV_D178N,C07,CJD20-08_fr_D178N,biological_sample,ok,ok,15,4279,11823,11821,20,0,4264,-2
D178N,2020-10-22_SNV_D178N,D03,CJD13-21_sn_D178N,biological_sample,ok,ok,124,5135,12210,12616,401,0,5011,406
D178N,2020-10-22_SNV_D178N,D05,CJD14-24_hc_D178N,biological_sample,ok,ok,14,1963,9815,9808,19,0,1949,-7
D178N,2020-10-22_SNV_D178N,D07,CJD20-08_sn_D178N,biological_sample,ok,ok,267,4223,10903,11275,370,0,3956,372
D178N,2020-10-22_SNV_D178N,E03,CJD13-21_th_D178N,biological_sample,ok,ok,741,10266,5819,6153,336,0,9525,334
D178N,2020-10-22_SNV_D178N,E05,CJD14-24_sn_D178N,biological_sample,ok,ok,31,1144,13798,13742,122,0,1113,-56
D178N,2020-10-22_SNV_D178N,E07,CJD20-08_th_D178N,biological_sample,ok,ok,12,5545,8507,8493,49,0,5533,-14
D178N,2020-10-22_SNV_D178N,F05,CJD14-24_th_D178N,biological_sample,ok,ok,38,4315,11910,13219,1352,0,4277,1309
D178N,2020-10-29_SNV_D178N,A01,CJD17-20_bg,biological_sample,ok,failed,22,NA,12280,NA,17,NA,NA,NA
D178N,2020-10-29_SNV_D178N,A05,CJD17-31_bg,biological_sample,ok,failed,15,NA,11854,NA,20,NA,NA,NA
D178N,2020-10-29_SNV_D178N,A07,CJD17-32_bg,biological_sample,ok,failed,5,NA,5082,NA,38,NA,NA,NA
D178N,2020-10-29_SNV_D178N,A09,CJD18-5_bg,biological_sample,ok,failed,2,NA,9440,NA,14,NA,NA,NA
D178N,2020-10-29_SNV_D178N,B01,CJD17-20_cb,biological_sample,ok,failed,49,NA,13871,NA,33,NA,NA,NA
D178N,2020-10-29_SNV_D178N,B05,CJD17-31_hc,biological_sample,ok,failed,18,NA,11307,NA,498,NA,NA,NA
D178N,2020-10-29_SNV_D178N,B07,CJD17-32_cb,biological_sample,ok,failed,4,NA,6958,NA,7,NA,NA,NA
D178N,2020-10-29_SNV_D178N,B09,CJD18-5_cb,biological_sample,ok,failed,9,NA,7477,NA,78,NA,NA,NA
D178N,2020-10-29_SNV_D178N,C01,CJD17-20_fr,biological_sample,ok,failed,20,NA,14547,NA,24,NA,NA,NA
D178N,2020-10-29_SNV_D178N,C05,CJD17-31_sn,biological_sample,ok,failed,8,NA,7719,NA,62,NA,NA,NA
D178N,2020-10-29_SNV_D178N,C07,CJD17-32_fr,biological_sample,ok,failed,5,NA,7171,NA,5,NA,NA,NA
D178N,2020-10-29_SNV_D178N,C09,CJD18-5_fr,biological_sample,ok,failed,10,NA,10602,NA,100,NA,NA,NA
D178N,2020-10-29_SNV_D178N,D01,CJD17-20_sn,biological_sample,ok,failed,55,NA,13177,NA,87,NA,NA,NA
D178N,2020-10-29_SNV_D178N,D05,CJD17-31_th,biological_sample,ok,failed,9,NA,10625,NA,19,NA,NA,NA
D178N,2020-10-29_SNV_D178N,D07,CJD17-32_hc,biological_sample,ok,failed,3,NA,5583,NA,5,NA,NA,NA
D178N,2020-10-29_SNV_D178N,D09,CJD18-5_hc,biological_sample,ok,failed,8,NA,9622,NA,72,NA,NA,NA
D178N,2020-10-29_SNV_D178N,E01,CJD17-20_th,biological_sample,ok,failed,7,NA,4278,NA,14,NA,NA,NA
D178N,2020-10-29_SNV_D178N,E03,CJD17-30_th,biological_sample,ok,failed,14,NA,13922,NA,37,NA,NA,NA
D178N,2020-10-29_SNV_D178N,E05,CJD18-1_bg,biological_sample,ok,failed,5,NA,5792,NA,18,NA,NA,NA
D178N,2020-10-29_SNV_D178N,E07,CJD17-32_sn,biological_sample,ok,failed,9,NA,11027,NA,16,NA,NA,NA
D178N,2020-10-29_SNV_D178N,E09,CJD18-5_sn,biological_sample,ok,failed,12,NA,10714,NA,57,NA,NA,NA
D178N,2020-10-29_SNV_D178N,F01,NTC,NTC,ok,failed,2,NA,0,NA,0,NA,NA,NA
D178N,2020-10-29_SNV_D178N,F05,CJD18-1_cb,biological_sample,ok,failed,8,NA,7671,NA,15,NA,NA,NA
D178N,2020-10-29_SNV_D178N,F07,CJD17-32_th,biological_sample,ok,failed,6,NA,6606,NA,48,NA,NA,NA
D178N,2020-10-29_SNV_D178N,G01,WT,WT_control,ok,failed,7,NA,10704,NA,49,NA,NA,NA
D178N,2020-10-29_SNV_D178N,G05,CJD18-1_fr,biological_sample,ok,failed,18,NA,11036,NA,54,NA,NA,NA
D178N,2020-10-29_SNV_D178N,H01,D178N-mut,positive_control,ok,failed,511,NA,517,NA,3,NA,NA,NA
D178N,2020-10-29_SNV_D178N,H05,CJD18-1_hc,biological_sample,ok,failed,5,NA,7869,NA,32,NA,NA,NA
D178N,2020-11-05_SNV_D178N,A01,CJD17-15_th,biological_sample,ok,failed,8,NA,16323,NA,2,NA,NA,NA
D178N,2020-11-05_SNV_D178N,A03,CJD17-13_bg,biological_sample,ok,failed,16,NA,18554,NA,8,NA,NA,NA
D178N,2020-11-05_SNV_D178N,A05,CJD17-11_bg,biological_sample,ok,failed,12,NA,15956,NA,4,NA,NA,NA
D178N,2020-11-05_SNV_D178N,A07,CJD17-5_cb,biological_sample,ok,failed,20,NA,16578,NA,13,NA,NA,NA
D178N,2020-11-05_SNV_D178N,A09,CJD17-34_bg,biological_sample,ok,failed,6,NA,15981,NA,0,NA,NA,NA
D178N,2020-11-05_SNV_D178N,B03,CJD17-13_cb,biological_sample,ok,failed,24,NA,17272,NA,18,NA,NA,NA
D178N,2020-11-05_SNV_D178N,B07,CJD17-5_fr,biological_sample,ok,failed,24,NA,17180,NA,54,NA,NA,NA
D178N,2020-11-05_SNV_D178N,C03,CJD17-13_hc,biological_sample,ok,failed,17,NA,18256,NA,11,NA,NA,NA
D178N,2020-11-05_SNV_D178N,C05,CJD17-11_fr,biological_sample,ok,failed,19,NA,17421,NA,4,NA,NA,NA
D178N,2020-11-05_SNV_D178N,C07,CJD17-5_th,biological_sample,ok,failed,18,NA,17548,NA,0,NA,NA,NA
D178N,2020-11-05_SNV_D178N,D03,CJD17-13_sn,biological_sample,ok,failed,20,NA,18644,NA,9,NA,NA,NA
D178N,2020-11-05_SNV_D178N,D05,CJD17-11_hc,biological_sample,ok,failed,16,NA,17171,NA,12,NA,NA,NA
D178N,2020-11-05_SNV_D178N,D07,CJD17-8_bg,biological_sample,ok,failed,15,NA,17107,NA,3,NA,NA,NA
D178N,2020-11-05_SNV_D178N,E01,CJD17-15_th,biological_sample,ok,failed,18,NA,15275,NA,23,NA,NA,NA
D178N,2020-11-05_SNV_D178N,E03,CJD17-13_th,biological_sample,ok,failed,9,NA,17025,NA,3,NA,NA,NA
D178N,2020-11-05_SNV_D178N,E05,CJD17-12_bg,biological_sample,ok,failed,12,NA,16636,NA,10,NA,NA,NA
D178N,2020-11-05_SNV_D178N,F01,NTC,NTC,ok,failed,0,NA,0,NA,0,NA,NA,NA
D178N,2020-11-05_SNV_D178N,F05,CJD17-12_fr,biological_sample,ok,failed,15,NA,16290,NA,8,NA,NA,NA
D178N,2020-11-05_SNV_D178N,G01,WT,WT_control,ok,failed,20,NA,15613,NA,26,NA,NA,NA
D178N,2020-11-05_SNV_D178N,G05,CJD17-12_sn,biological_sample,ok,failed,29,NA,17446,NA,18,NA,NA,NA
D178N,2020-11-05_SNV_D178N,H01,D178N-mut,positive_control,ok,failed,1109,NA,1096,NA,2,NA,NA,NA
D178N,2020-11-24_SNV_D178N,A03,CJD17-32_bg_D178N,biological_sample,ok,failed,10,NA,15581,NA,10,NA,NA,NA
D178N,2020-11-24_SNV_D178N,B01,CJD17-30_fr_D178N,biological_sample,ok,failed,15,NA,15017,NA,9,NA,NA,NA
D178N,2020-11-24_SNV_D178N,B03,CJD17-32_th_D178N,biological_sample,ok,failed,18,NA,14243,NA,18,NA,NA,NA
D178N,2020-11-24_SNV_D178N,B05,CJD17-15_cb_D178N,biological_sample,ok,failed,3,NA,15737,NA,2,NA,NA,NA
D178N,2020-11-24_SNV_D178N,B07,CJD18-5_cb_D178N,biological_sample,ok,failed,11,NA,17062,NA,1,NA,NA,NA
D178N,2020-11-24_SNV_D178N,C01,CJD17-30_hc_D178N,biological_sample,ok,failed,5,NA,11678,NA,16,NA,NA,NA
D178N,2020-11-24_SNV_D178N,C09,CJD17-34_fr_D178N,biological_sample,ok,failed,7,NA,16452,NA,3,NA,NA,NA
D178N,2020-11-24_SNV_D178N,D01,CJD17-30_sn_D178N,biological_sample,ok,failed,12,NA,14636,NA,3,NA,NA,NA
D178N,2020-11-24_SNV_D178N,F01,NTC_D178N,NTC,ok,failed,0,NA,0,NA,0,NA,NA,NA
D178N,2020-11-24_SNV_D178N,G01,WT_D178N,WT_control,ok,failed,12,NA,13724,NA,9,NA,NA,NA
D178N,2020-11-24_SNV_D178N,H01,D178N_mut,positive_control,ok,failed,2009,NA,1907,NA,3,NA,NA,NA
D178N,2021-01-26_SNV_D178N,A01,NTC,NTC,ok,failed,7,NA,0,NA,0,NA,NA,NA
D178N,2021-01-26_SNV_D178N,A04,924486-th,biological_sample,ok,failed,7,NA,10867,NA,8,NA,NA,NA
D178N,2021-01-26_SNV_D178N,B01,D178N-mut,positive_control,ok,failed,1763,NA,1779,NA,26,NA,NA,NA
D178N,2021-01-26_SNV_D178N,B04,953891-bg,biological_sample,ok,failed,10,NA,11683,NA,7,NA,NA,NA
D178N,2021-01-26_SNV_D178N,B07,955427-cb,biological_sample,ok,failed,7,NA,16376,NA,6,NA,NA,NA
D178N,2021-01-26_SNV_D178N,C01,WT,WT_control,ok,failed,13,NA,9359,NA,14,NA,NA,NA
D178N,2021-01-26_SNV_D178N,C04,953891-cb,biological_sample,ok,failed,2,NA,12063,NA,5,NA,NA,NA
D178N,2021-01-26_SNV_D178N,C07,955427-fr,biological_sample,ok,failed,25,NA,14963,NA,13,NA,NA,NA
D178N,2021-01-26_SNV_D178N,D01,924486-bg,biological_sample,ok,failed,46,NA,11927,NA,47,NA,NA,NA
D178N,2021-01-26_SNV_D178N,D04,953891-fr,biological_sample,ok,failed,6,NA,13981,NA,10,NA,NA,NA
D178N,2021-01-26_SNV_D178N,D07,955427-hc,biological_sample,ok,failed,4,NA,15288,NA,19,NA,NA,NA
D178N,2021-01-26_SNV_D178N,E01,924486-cb,biological_sample,ok,failed,52,NA,11434,NA,46,NA,NA,NA
D178N,2021-01-26_SNV_D178N,E04,953891-hc,biological_sample,ok,failed,15,NA,10319,NA,13,NA,NA,NA
D178N,2021-01-26_SNV_D178N,E07,955427-sn,biological_sample,ok,failed,11,NA,15393,NA,2,NA,NA,NA
D178N,2021-01-26_SNV_D178N,F01,924486-fr,biological_sample,ok,failed,8,NA,12653,NA,21,NA,NA,NA
D178N,2021-01-26_SNV_D178N,F04,953891-sn,biological_sample,ok,failed,6,NA,12268,NA,3,NA,NA,NA
D178N,2021-01-26_SNV_D178N,F07,955427-th,biological_sample,ok,failed,9,NA,16995,NA,12,NA,NA,NA
D178N,2021-01-26_SNV_D178N,G01,924486-hc,biological_sample,ok,failed,139,NA,11868,NA,59,NA,NA,NA
D178N,2021-01-26_SNV_D178N,G04,953891-th,biological_sample,ok,failed,11,NA,12771,NA,23,NA,NA,NA
D178N,2021-01-26_SNV_D178N,G07,929474-bg,biological_sample,ok,failed,14,NA,17018,NA,5,NA,NA,NA
D178N,2021-01-26_SNV_D178N,H01,924486-sn,biological_sample,ok,failed,182,NA,13146,NA,69,NA,NA,NA
D178N,2021-01-26_SNV_D178N,H04,18-5-th,biological_sample,ok,failed,55,NA,13284,NA,248,NA,NA,NA
D178N,2021-01-26_SNV_D178N,H07,929474-cb,biological_sample,ok,failed,40,NA,15468,NA,28,NA,NA,NA
D178N,2021-02-17_SNV_D178N,A01,NTC,NTC,ok,failed,3,NA,0,NA,0,NA,NA,NA
D178N,2021-02-17_SNV_D178N,A04,CJD-933892-hc,biological_sample,ok,failed,7,NA,16245,NA,1,NA,NA,NA
D178N,2021-02-17_SNV_D178N,A07,D178N-mut,positive_control,ok,failed,770,NA,4988,NA,2,NA,NA,NA
D178N,2021-02-17_SNV_D178N,B01,WT,WT_control,ok,failed,6,NA,12077,NA,12,NA,NA,NA
D178N,2021-02-17_SNV_D178N,B04,CJD-933892-sn,biological_sample,ok,failed,8,NA,14511,NA,4,NA,NA,NA
D178N,2021-02-17_SNV_D178N,B07,CJD-18-24-th,biological_sample,ok,failed,8,NA,17232,NA,3,NA,NA,NA
D178N,2021-02-17_SNV_D178N,C01,CJD-943497-hc,biological_sample,ok,failed,10,NA,13169,NA,7,NA,NA,NA
D178N,2021-02-17_SNV_D178N,C04,CJD-933892-th,biological_sample,ok,failed,8,NA,14575,NA,5,NA,NA,NA
D178N,2021-02-17_SNV_D178N,C07,CJD-955427-bg,biological_sample,ok,failed,15,NA,14904,NA,129,NA,NA,NA
D178N,2021-02-17_SNV_D178N,D01,CJD-943497-sn,biological_sample,ok,failed,16,NA,12604,NA,10,NA,NA,NA
D178N,2021-02-17_SNV_D178N,E01,CJD-943497-th,biological_sample,ok,failed,6,NA,11624,NA,1,NA,NA,NA
D178N,2021-02-17_SNV_D178N,E04,CJD-18-31-th,biological_sample,ok,failed,7,NA,14130,NA,9,NA,NA,NA
D178N,2021-02-17_SNV_D178N,F04,CJD-17-30-bg,biological_sample,ok,failed,10,NA,15680,NA,1,NA,NA,NA
D178N,2021-02-17_SNV_D178N,G01,CJD-933892-cb,biological_sample,ok,failed,8,NA,11915,NA,3,NA,NA,NA
D178N,2021-02-17_SNV_D178N,G04,CJD-17-30-cb,biological_sample,ok,failed,7,NA,14645,NA,4,NA,NA,NA
D178N,2021-02-17_SNV_D178N,H01,CJD-933892-fr,biological_sample,ok,failed,9,NA,11482,NA,2,NA,NA,NA
D178N,2021-02-17_SNV_D178N,H04,CJD-17-31-cb,biological_sample,ok,failed,10,NA,14554,NA,5,NA,NA,NA
D178N,2021-03-29_SNV_D178N,A01,NTC,NTC,ok,failed,6,NA,1020,NA,10,NA,NA,NA
D178N,2021-03-29_SNV_D178N,A04,17-11-sn,biological_sample,ok,failed,16,NA,16652,NA,19,NA,NA,NA
D178N,2021-03-29_SNV_D178N,A07,17-8-sn,biological_sample,ok,failed,16,NA,15057,NA,5,NA,NA,NA
D178N,2021-03-29_SNV_D178N,B01,WT,WT_control,ok,failed,10,NA,12034,NA,12,NA,NA,NA
D178N,2021-03-29_SNV_D178N,B04,17-11-th,biological_sample,ok,failed,23,NA,15238,NA,5,NA,NA,NA
D178N,2021-03-29_SNV_D178N,C01,D178N,positive_control,ok,failed,948,NA,4791,NA,43,NA,NA,NA
D178N,2021-03-29_SNV_D178N,C04,17-12-cb,biological_sample,ok,failed,13,NA,12450,NA,20,NA,NA,NA
D178N,2021-03-29_SNV_D178N,C07,17-34-bg,biological_sample,ok,failed,15,NA,16324,NA,10,NA,NA,NA
D178N,2021-03-29_SNV_D178N,D01,17-31-fr,biological_sample,ok,failed,7,NA,13610,NA,17,NA,NA,NA
D178N,2021-03-29_SNV_D178N,D04,17-12-hc,biological_sample,ok,failed,22,NA,16739,NA,13,NA,NA,NA
D178N,2021-03-29_SNV_D178N,D07,17-34-hc,biological_sample,ok,failed,14,NA,16848,NA,3,NA,NA,NA
D178N,2021-03-29_SNV_D178N,E01,18-1-sn,biological_sample,ok,failed,14,NA,15238,NA,9,NA,NA,NA
D178N,2021-03-29_SNV_D178N,E04,17-5-bg,biological_sample,ok,failed,16,NA,14521,NA,15,NA,NA,NA
D178N,2021-03-29_SNV_D178N,E07,929474-th,biological_sample,ok,failed,15,NA,16637,NA,4,NA,NA,NA
D178N,2021-03-29_SNV_D178N,F01,18-1-th,biological_sample,ok,failed,26,NA,14620,NA,54,NA,NA,NA
D178N,2021-03-29_SNV_D178N,F04,17-5-hc,biological_sample,ok,failed,17,NA,16821,NA,3,NA,NA,NA
D178N,2021-03-29_SNV_D178N,F07,14-2-bg,biological_sample,ok,failed,19,NA,15559,NA,8,NA,NA,NA
D178N,2021-03-29_SNV_D178N,G01,17-13-fr,biological_sample,ok,failed,24,NA,14514,NA,48,NA,NA,NA
D178N,2021-03-29_SNV_D178N,G04,17-5-sn,biological_sample,ok,failed,18,NA,16077,NA,17,NA,NA,NA
D178N,2021-03-29_SNV_D178N,G07,14-2-cb,biological_sample,ok,failed,12,NA,13535,NA,8,NA,NA,NA
D178N,2021-03-29_SNV_D178N,H01,17-13-th,biological_sample,ok,failed,20,NA,15425,NA,19,NA,NA,NA
D178N,2021-03-29_SNV_D178N,H04,17-8-hc,biological_sample,ok,failed,16,NA,16391,NA,8,NA,NA,NA
D178N,2021-03-29_SNV_D178N,H07,14-2-fr,biological_sample,ok,failed,21,NA,17298,NA,15,NA,NA,NA
D178N,2021-04-06_SNV_D178N,A01,NTC,NTC,ok,failed,9,NA,1946,NA,145,NA,NA,NA
D178N,2021-04-06_SNV_D178N,A04,20-08-hc,biological_sample,ok,failed,23,NA,12424,NA,4,NA,NA,NA
D178N,2021-04-06_SNV_D178N,A07,14-2-hc,biological_sample,ok,failed,13,NA,14536,NA,6,NA,NA,NA
D178N,2021-04-06_SNV_D178N,B01,WT,WT_control,ok,failed,11,NA,12196,NA,56,NA,NA,NA
D178N,2021-04-06_SNV_D178N,B04,20-08-th,biological_sample,ok,failed,16,NA,11553,NA,2,NA,NA,NA
D178N,2021-04-06_SNV_D178N,B07,14-2-sn,biological_sample,ok,failed,12,NA,13405,NA,0,NA,NA,NA
D178N,2021-04-06_SNV_D178N,C01,D178N,positive_control,ok,failed,6843,NA,7571,NA,31,NA,NA,NA
D178N,2021-04-06_SNV_D178N,C04,15-27-bg,biological_sample,ok,failed,9,NA,10502,NA,2,NA,NA,NA
D178N,2021-04-06_SNV_D178N,C07,14-2-th,biological_sample,ok,failed,18,NA,15769,NA,4,NA,NA,NA
D178N,2021-04-06_SNV_D178N,D01,17-20-hc,biological_sample,ok,failed,19,NA,15397,NA,7,NA,NA,NA
D178N,2021-04-06_SNV_D178N,D04,15-27-cb,biological_sample,ok,failed,13,NA,12375,NA,3,NA,NA,NA
D178N,2021-04-06_SNV_D178N,D07,15-6-bg,biological_sample,ok,failed,10,NA,14452,NA,5,NA,NA,NA
D178N,2021-04-06_SNV_D178N,E01,15-6-th,biological_sample,ok,failed,19,NA,13985,NA,4,NA,NA,NA
D178N,2021-04-06_SNV_D178N,E04,15-27-pons,biological_sample,ok,failed,68,NA,11647,NA,41,NA,NA,NA
D178N,2021-04-06_SNV_D178N,E07,15-6-cb,biological_sample,ok,failed,10,NA,13560,NA,5,NA,NA,NA
D178N,2021-04-06_SNV_D178N,F01,17-8-th,biological_sample,ok,failed,26,NA,15635,NA,5,NA,NA,NA
D178N,2021-04-06_SNV_D178N,F04,15-27-th,biological_sample,ok,failed,22,NA,13171,NA,7,NA,NA,NA
D178N,2021-04-06_SNV_D178N,F07,15-6-fr,biological_sample,ok,failed,11,NA,14255,NA,10,NA,NA,NA
D178N,2021-04-06_SNV_D178N,G04,15-1-hc,biological_sample,ok,failed,16,NA,12057,NA,10,NA,NA,NA
D178N,2021-04-06_SNV_D178N,G07,15-6-hc,biological_sample,ok,failed,20,NA,12934,NA,3,NA,NA,NA
D178N,2021-04-06_SNV_D178N,H01,933892-bg,biological_sample,ok,failed,20,NA,15561,NA,19,NA,NA,NA
D178N,2021-04-06_SNV_D178N,H04,15-1-sn,biological_sample,ok,failed,19,NA,12297,NA,3,NA,NA,NA
D178N,2021-04-06_SNV_D178N,H07,15-6-sn,biological_sample,ok,failed,24,NA,14514,NA,21,NA,NA,NA
D178N,2021-05-10_SNV_D178N,A01,NTC,NTC,ok,failed,4,NA,969,NA,77,NA,NA,NA
D178N,2021-05-10_SNV_D178N,A04,09-100-th,biological_sample,ok,failed,34,NA,15281,NA,5,NA,NA,NA
D178N,2021-05-10_SNV_D178N,A07,03-132-ce,biological_sample,ok,failed,26,NA,15023,NA,4,NA,NA,NA
D178N,2021-05-10_SNV_D178N,B01,WT,WT_control,ok,failed,19,NA,10306,NA,77,NA,NA,NA
D178N,2021-05-10_SNV_D178N,B04,03-112-cau,biological_sample,ok,failed,29,NA,15063,NA,2,NA,NA,NA
D178N,2021-05-10_SNV_D178N,B07,03-132-fc,biological_sample,ok,failed,26,NA,12840,NA,7,NA,NA,NA
D178N,2021-05-10_SNV_D178N,C01,D178N,positive_control,ok,failed,5722,NA,6054,NA,18,NA,NA,NA
D178N,2021-05-10_SNV_D178N,C04,03-112-ce,biological_sample,ok,failed,21,NA,16173,NA,6,NA,NA,NA
D178N,2021-05-10_SNV_D178N,C07,03-132-hip,biological_sample,ok,failed,36,NA,15453,NA,2,NA,NA,NA
D178N,2021-05-10_SNV_D178N,D01,09-100-cau,biological_sample,ok,failed,26,NA,15059,NA,12,NA,NA,NA
D178N,2021-05-10_SNV_D178N,D04,03-112-fc,biological_sample,ok,failed,29,NA,16276,NA,2,NA,NA,NA
D178N,2021-05-10_SNV_D178N,D07,03-132-mdb,biological_sample,ok,failed,22,NA,15931,NA,4,NA,NA,NA
D178N,2021-05-10_SNV_D178N,E01,09-100-ce,biological_sample,ok,failed,17,NA,13540,NA,12,NA,NA,NA
D178N,2021-05-10_SNV_D178N,E04,03-112-hip,biological_sample,ok,failed,25,NA,16723,NA,3,NA,NA,NA
D178N,2021-05-10_SNV_D178N,E07,03-132-th,biological_sample,ok,failed,33,NA,15414,NA,8,NA,NA,NA
D178N,2021-05-10_SNV_D178N,F01,09-100-fc,biological_sample,ok,failed,26,NA,15086,NA,5,NA,NA,NA
D178N,2021-05-10_SNV_D178N,F04,03-112-mdb,biological_sample,ok,failed,32,NA,17451,NA,9,NA,NA,NA
D178N,2021-05-10_SNV_D178N,F07,04-045-cau,biological_sample,ok,failed,34,NA,15185,NA,4,NA,NA,NA
D178N,2021-05-10_SNV_D178N,G01,09-100-hip,biological_sample,ok,failed,32,NA,14926,NA,7,NA,NA,NA
D178N,2021-05-10_SNV_D178N,G04,03-112-th,biological_sample,ok,failed,29,NA,15797,NA,12,NA,NA,NA
D178N,2021-05-10_SNV_D178N,G07,04-045-ce,biological_sample,ok,failed,38,NA,13686,NA,14,NA,NA,NA
D178N,2021-05-10_SNV_D178N,H01,09-100-mdb,biological_sample,ok,failed,38,NA,14319,NA,2,NA,NA,NA
D178N,2021-05-10_SNV_D178N,H04,03-132-cau,biological_sample,ok,failed,20,NA,14840,NA,3,NA,NA,NA
D178N,2021-05-10_SNV_D178N,H07,04-045-fc,biological_sample,ok,failed,36,NA,14372,NA,9,NA,NA,NA
D178N,2021-05-20_SNV_D178N,A01,NTC,NTC,ok,failed,0,NA,829,NA,163,NA,NA,NA
D178N,2021-05-20_SNV_D178N,A04,04-045-hip,biological_sample,ok,failed,42,NA,17389,NA,13,NA,NA,NA
D178N,2021-05-20_SNV_D178N,A07,20-357-th,biological_sample,ok,failed,24,NA,15169,NA,2,NA,NA,NA
D178N,2021-05-20_SNV_D178N,A10,929474-sn,biological_sample,ok,failed,18,NA,17803,NA,19,NA,NA,NA
D178N,2021-05-20_SNV_D178N,B01,WT,WT_control,ok,failed,26,NA,10137,NA,32,NA,NA,NA
D178N,2021-05-20_SNV_D178N,B04,04-045-mdb,biological_sample,ok,failed,41,NA,17240,NA,6,NA,NA,NA
D178N,2021-05-20_SNV_D178N,B07,20-169-cau,biological_sample,ok,failed,18,NA,15255,NA,1,NA,NA,NA
D178N,2021-05-20_SNV_D178N,B10,17-13-bg,biological_sample,ok,failed,44,NA,16762,NA,5,NA,NA,NA
D178N,2021-05-20_SNV_D178N,C01,D178,positive_control,ok,failed,5962,NA,6305,NA,61,NA,NA,NA
D178N,2021-05-20_SNV_D178N,C04,04-045-th,biological_sample,ok,failed,34,NA,17367,NA,8,NA,NA,NA
D178N,2021-05-20_SNV_D178N,C07,20-169-ce,biological_sample,ok,failed,22,NA,15254,NA,2,NA,NA,NA
D178N,2021-05-20_SNV_D178N,C10,17-8-cb,biological_sample,ok,failed,37,NA,18953,NA,13,NA,NA,NA
D178N,2021-05-20_SNV_D178N,D01,19-082-ce,biological_sample,ok,failed,35,NA,15777,NA,3,NA,NA,NA
D178N,2021-05-20_SNV_D178N,D04,20-357-cau,biological_sample,ok,failed,19,NA,13372,NA,18,NA,NA,NA
D178N,2021-05-20_SNV_D178N,D07,20-169-fc,biological_sample,ok,failed,18,NA,14208,NA,0,NA,NA,NA
D178N,2021-05-20_SNV_D178N,D10,17-8-fr,biological_sample,ok,failed,33,NA,18920,NA,11,NA,NA,NA
D178N,2021-05-20_SNV_D178N,E01,19-082-fc,biological_sample,ok,failed,33,NA,16503,NA,7,NA,NA,NA
D178N,2021-05-20_SNV_D178N,E04,20-357-ce,biological_sample,ok,failed,29,NA,16475,NA,10,NA,NA,NA
D178N,2021-05-20_SNV_D178N,E07,20-169-hip,biological_sample,ok,failed,14,NA,14592,NA,12,NA,NA,NA
D178N,2021-05-20_SNV_D178N,F01,19-082-hip,biological_sample,ok,failed,24,NA,15215,NA,16,NA,NA,NA
D178N,2021-05-20_SNV_D178N,F04,20-357-fc,biological_sample,ok,failed,23,NA,16157,NA,11,NA,NA,NA
D178N,2021-05-20_SNV_D178N,F07,20-169-mdb,biological_sample,ok,failed,19,NA,15481,NA,17,NA,NA,NA
D178N,2021-05-20_SNV_D178N,G01,19-082-mdb,biological_sample,ok,failed,36,NA,17082,NA,9,NA,NA,NA
D178N,2021-05-20_SNV_D178N,G04,20-357-hip,biological_sample,ok,failed,22,NA,16912,NA,14,NA,NA,NA
D178N,2021-05-20_SNV_D178N,G07,20-169-th,biological_sample,ok,failed,26,NA,13935,NA,49,NA,NA,NA
D178N,2021-05-20_SNV_D178N,H01,19-082-th,biological_sample,ok,failed,23,NA,17541,NA,3,NA,NA,NA
D178N,2021-05-20_SNV_D178N,H04,20-357-mdb,biological_sample,ok,failed,35,NA,18046,NA,36,NA,NA,NA
D178N,2021-05-20_SNV_D178N,H07,19-082-cau,biological_sample,ok,failed,72,NA,16028,NA,79,NA,NA,NA
D178N,2021-10-14_SNV_D178N,A01,NTC,NTC,ok,failed,3,NA,109,NA,0,NA,NA,NA
D178N,2021-10-14_SNV_D178N,B01,WT,WT_control,ok,failed,11,NA,10474,NA,25,NA,NA,NA
D178N,2021-10-14_SNV_D178N,C01,D178N-mut,positive_control,ok,failed,4621,NA,4772,NA,0,NA,NA,NA
D178N,2021-10-14_SNV_D178N,D01,18-31-fr,biological_sample,ok,failed,5,NA,8481,NA,1,NA,NA,NA
D178N,2021-10-14_SNV_D178N,E01,238501-sn,biological_sample,ok,failed,22,NA,12367,NA,12,NA,NA,NA
E200K,2020-10-12_SNV_E200K,A02,NTC_E200K,NTC,ok,failed,0,NA,0,NA,18,NA,NA,NA
E200K,2020-10-12_SNV_E200K,A08,CJD15-1_fr_E200K,biological_sample,ok,failed,9,NA,12549,NA,121,NA,NA,NA
E200K,2020-10-12_SNV_E200K,B02,WT_E200K,WT_control,ok,failed,8,NA,13112,NA,50,NA,NA,NA
E200K,2020-10-12_SNV_E200K,B05,CJD15-27_cb_E200K,biological_sample,ok,failed,2,NA,7756,NA,54,NA,NA,NA
E200K,2020-10-12_SNV_E200K,C02,Mut_E200K,positive_control,ok,failed,1615,NA,1705,NA,16,NA,NA,NA
E200K,2020-10-12_SNV_E200K,D05,CJD15-27_pons_E200K,biological_sample,ok,failed,10,NA,11126,NA,45,NA,NA,NA
E200K,2020-10-15_SNV_E200K,A02,NTC_E200K,NTC,ok,failed,0,NA,0,NA,27,NA,NA,NA
E200K,2020-10-15_SNV_E200K,A04,CJD18-6_bg_E200K,biological_sample,ok,failed,5,NA,11360,NA,36,NA,NA,NA
E200K,2020-10-15_SNV_E200K,A06,CJD18-17_bg_E200K,biological_sample,ok,failed,7,NA,10493,NA,80,NA,NA,NA
E200K,2020-10-15_SNV_E200K,A08,CJD18-24_bg_E200K,biological_sample,ok,failed,3,NA,10207,NA,132,NA,NA,NA
E200K,2020-10-15_SNV_E200K,A10,CJD18-31_bg_E200K,biological_sample,ok,failed,8,NA,10024,NA,91,NA,NA,NA
E200K,2020-10-15_SNV_E200K,B02,WT_E200K,WT_control,ok,failed,3,NA,6328,NA,54,NA,NA,NA
E200K,2020-10-15_SNV_E200K,B04,CJD18-6_cb_E200K,biological_sample,ok,failed,2,NA,11555,NA,53,NA,NA,NA
E200K,2020-10-15_SNV_E200K,B06,CJD18-17_cb_E200K,biological_sample,ok,failed,6,NA,11380,NA,42,NA,NA,NA
E200K,2020-10-15_SNV_E200K,B08,CJD18-24_cb_E200K,biological_sample,ok,failed,5,NA,12352,NA,127,NA,NA,NA
E200K,2020-10-15_SNV_E200K,B10,CJD18-31_cb_E200K,biological_sample,ok,failed,7,NA,9433,NA,231,NA,NA,NA
E200K,2020-10-15_SNV_E200K,C02,Mut_E200K,positive_control,ok,failed,1222,NA,1235,NA,52,NA,NA,NA
E200K,2020-10-15_SNV_E200K,C04,CJD18-6_fr_E200K,biological_sample,ok,failed,10,NA,11055,NA,54,NA,NA,NA
E200K,2020-10-15_SNV_E200K,C06,CJD18-17_fr_E200K,biological_sample,ok,failed,6,NA,10783,NA,65,NA,NA,NA
E200K,2020-10-15_SNV_E200K,C08,CJD18-24_fr_E200K,biological_sample,ok,failed,11,NA,10546,NA,106,NA,NA,NA
E200K,2020-10-15_SNV_E200K,C10,CJD18-31_fr_E200K,biological_sample,ok,failed,2,NA,12285,NA,128,NA,NA,NA
E200K,2020-10-15_SNV_E200K,D04,CJD18-6_hc_E200K,biological_sample,ok,failed,7,NA,8536,NA,107,NA,NA,NA
E200K,2020-10-15_SNV_E200K,D06,CJD18-17_hc_E200K,biological_sample,ok,failed,5,NA,10462,NA,46,NA,NA,NA
E200K,2020-10-15_SNV_E200K,D08,CJD18-24_hc_E200K,biological_sample,ok,failed,6,NA,8102,NA,120,NA,NA,NA
E200K,2020-10-15_SNV_E200K,E04,CJD18-6_sn_E200K,biological_sample,ok,failed,4,NA,11405,NA,27,NA,NA,NA
E200K,2020-10-15_SNV_E200K,E06,CJD18-17_sn_E200K,biological_sample,ok,failed,7,NA,11762,NA,43,NA,NA,NA
E200K,2020-10-15_SNV_E200K,E08,CJD18-24_sn_E200K,biological_sample,ok,failed,5,NA,11613,NA,164,NA,NA,NA
E200K,2020-10-15_SNV_E200K,E10,CJD18-31_sn_E200K,biological_sample,ok,failed,3,NA,8981,NA,116,NA,NA,NA
E200K,2020-10-15_SNV_E200K,F04,CJD18-6_th_E200K,biological_sample,ok,failed,2,NA,8246,NA,58,NA,NA,NA
E200K,2020-10-15_SNV_E200K,F06,CJD18-17_th_E200K,biological_sample,ok,failed,1,NA,7936,NA,50,NA,NA,NA
E200K,2020-10-22_SNV_E200K,A02,NTC_E200K,NTC,ok,failed,0,NA,2,NA,1,NA,NA,NA
E200K,2020-10-22_SNV_E200K,A04,CJD13-21_bg_E200K,biological_sample,ok,failed,10,NA,13141,NA,196,NA,NA,NA
E200K,2020-10-22_SNV_E200K,A06,CJD14-24_bg_E200K,biological_sample,ok,failed,7,NA,10458,NA,34,NA,NA,NA
E200K,2020-10-22_SNV_E200K,A08,CJD20-08_bg_E200K,biological_sample,ok,failed,10,NA,11034,NA,58,NA,NA,NA
E200K,2020-10-22_SNV_E200K,A10,CJD19-29_fr_E200K,biological_sample,ok,failed,4,NA,10505,NA,77,NA,NA,NA
E200K,2020-10-22_SNV_E200K,B02,WT_E200K,WT_control,ok,failed,7,NA,10910,NA,6,NA,NA,NA
E200K,2020-10-22_SNV_E200K,B04,CJD13-21_cb_E200K,biological_sample,ok,failed,12,NA,11649,NA,27,NA,NA,NA
E200K,2020-10-22_SNV_E200K,B06,CJD14-24_cb_E200K,biological_sample,ok,failed,3,NA,8935,NA,47,NA,NA,NA
E200K,2020-10-22_SNV_E200K,B08,CJD20-08_cb_E200K,biological_sample,ok,failed,7,NA,11610,NA,107,NA,NA,NA
E200K,2020-10-22_SNV_E200K,C02,E200K-mut,positive_control,ok,failed,1967,NA,2004,NA,50,NA,NA,NA
E200K,2020-10-22_SNV_E200K,C04,CJD13-21_fr_E200K,biological_sample,ok,failed,5,NA,11544,NA,29,NA,NA,NA
E200K,2020-10-22_SNV_E200K,C06,CJD14-24_fr_E200K,biological_sample,ok,failed,10,NA,11470,NA,43,NA,NA,NA
E200K,2020-10-22_SNV_E200K,C08,CJD20-08_fr_E200K,biological_sample,ok,failed,17,NA,12290,NA,27,NA,NA,NA
E200K,2020-10-22_SNV_E200K,D04,CJD13-21_sn_E200K,biological_sample,ok,failed,8,NA,11236,NA,73,NA,NA,NA
E200K,2020-10-22_SNV_E200K,D06,CJD14-24_hc_E200K,biological_sample,ok,failed,4,NA,12073,NA,57,NA,NA,NA
E200K,2020-10-22_SNV_E200K,D08,CJD20-08_sn_E200K,biological_sample,ok,failed,7,NA,10573,NA,114,NA,NA,NA
E200K,2020-10-22_SNV_E200K,E04,CJD13-21_th_E200K,biological_sample,ok,failed,4,NA,6852,NA,59,NA,NA,NA
E200K,2020-10-22_SNV_E200K,E06,CJD14-24_sn_E200K,biological_sample,ok,failed,18,NA,13623,NA,31,NA,NA,NA
E200K,2020-10-22_SNV_E200K,E08,CJD20-08_th_E200K,biological_sample,ok,failed,13,NA,8422,NA,63,NA,NA,NA
E200K,2020-10-22_SNV_E200K,F06,CJD14-24_th_E200K,biological_sample,ok,failed,7,NA,15181,NA,20,NA,NA,NA
E200K,2020-10-29_SNV_E200K,A02,CJD17-20_bg,biological_sample,ok,failed,6,NA,11926,NA,35,NA,NA,NA
E200K,2020-10-29_SNV_E200K,A06,CJD17-31_bg,biological_sample,ok,failed,9,NA,14027,NA,32,NA,NA,NA
E200K,2020-10-29_SNV_E200K,A08,CJD17-32_bg,biological_sample,ok,failed,2,NA,11958,NA,20,NA,NA,NA
E200K,2020-10-29_SNV_E200K,A10,CJD18-5_bg,biological_sample,ok,failed,4,NA,9292,NA,73,NA,NA,NA
E200K,2020-10-29_SNV_E200K,B02,CJD17-20_cb,biological_sample,ok,failed,6,NA,13398,NA,62,NA,NA,NA
E200K,2020-10-29_SNV_E200K,B06,CJD17-31_hc mixed with CJD17-32_cb,biological_sample,ok,failed,4,NA,11217,NA,13,NA,NA,NA
E200K,2020-10-29_SNV_E200K,B10,CJD18-5_cb,biological_sample,ok,failed,1,NA,11631,NA,89,NA,NA,NA
E200K,2020-10-29_SNV_E200K,C02,CJD17-20_fr,biological_sample,ok,failed,14,NA,12777,NA,183,NA,NA,NA
E200K,2020-10-29_SNV_E200K,C06,CJD17-31_sn,biological_sample,ok,failed,34,NA,13047,NA,202,NA,NA,NA
E200K,2020-10-29_SNV_E200K,C08,CJD17-32_fr,biological_sample,ok,failed,7,NA,13771,NA,108,NA,NA,NA
E200K,2020-10-29_SNV_E200K,C10,CJD18-5_fr,biological_sample,ok,failed,10,NA,11437,NA,140,NA,NA,NA
E200K,2020-10-29_SNV_E200K,D02,CJD17-20_sn,biological_sample,ok,failed,12,NA,12020,NA,386,NA,NA,NA
E200K,2020-10-29_SNV_E200K,D06,CJD17-31_th,biological_sample,ok,failed,15,NA,11442,NA,63,NA,NA,NA
E200K,2020-10-29_SNV_E200K,D08,CJD17-32_hc,biological_sample,ok,failed,11,NA,12947,NA,12,NA,NA,NA
E200K,2020-10-29_SNV_E200K,D10,CJD18-5_hc,biological_sample,ok,failed,9,NA,11511,NA,36,NA,NA,NA
E200K,2020-10-29_SNV_E200K,E02,CJD17-20_th,biological_sample,ok,failed,7,NA,9801,NA,34,NA,NA,NA
E200K,2020-10-29_SNV_E200K,E04,CJD17-30_th,biological_sample,ok,failed,28,NA,12494,NA,21,NA,NA,NA
E200K,2020-10-29_SNV_E200K,E06,CJD18-1_bg,biological_sample,ok,failed,92,NA,12470,NA,114,NA,NA,NA
E200K,2020-10-29_SNV_E200K,E08,CJD17-32_sn,biological_sample,ok,failed,19,NA,14062,NA,77,NA,NA,NA
E200K,2020-10-29_SNV_E200K,E10,CJD18-5_sn,biological_sample,ok,failed,9,NA,13180,NA,152,NA,NA,NA
E200K,2020-10-29_SNV_E200K,F02,NTC,NTC,ok,failed,3,NA,3,NA,86,NA,NA,NA
E200K,2020-10-29_SNV_E200K,F06,CJD18-1_cb,biological_sample,ok,failed,40,NA,10267,NA,124,NA,NA,NA
E200K,2020-10-29_SNV_E200K,F08,CJD17-32_th,biological_sample,ok,failed,9,NA,12106,NA,79,NA,NA,NA
E200K,2020-10-29_SNV_E200K,G02,WT,WT_control,ok,failed,6,NA,6142,NA,1332,NA,NA,NA
E200K,2020-10-29_SNV_E200K,G06,CJD18-1_fr,biological_sample,ok,failed,39,NA,10901,NA,219,NA,NA,NA
E200K,2020-10-29_SNV_E200K,H02,E200K-mut,positive_control,ok,failed,430,NA,437,NA,69,NA,NA,NA
E200K,2020-10-29_SNV_E200K,H06,CJD18-1_hc,biological_sample,ok,failed,18,NA,12427,NA,88,NA,NA,NA
E200K,2020-11-05_SNV_E200K,A02,CJD17-15_fr,biological_sample,ok,failed,5,NA,15551,NA,41,NA,NA,NA
E200K,2020-11-05_SNV_E200K,A06,CJD17-11_bg,biological_sample,ok,failed,8,NA,15717,NA,20,NA,NA,NA
E200K,2020-11-05_SNV_E200K,A08,CJD17-5_cb,biological_sample,ok,failed,1,NA,17228,NA,7,NA,NA,NA
E200K,2020-11-05_SNV_E200K,A10,CJD17-34_bg,biological_sample,ok,failed,7,NA,18056,NA,22,NA,NA,NA
E200K,2020-11-05_SNV_E200K,B04,CJD17-13_cb,biological_sample,ok,failed,3,NA,17624,NA,22,NA,NA,NA
E200K,2020-11-05_SNV_E200K,B08,CJD17-5_fr,biological_sample,ok,failed,4,NA,17247,NA,6,NA,NA,NA
E200K,2020-11-05_SNV_E200K,C04,CJD17-13_hc,biological_sample,ok,failed,4,NA,18456,NA,17,NA,NA,NA
E200K,2020-11-05_SNV_E200K,C06,CJD17-11_fr,biological_sample,ok,failed,2,NA,16597,NA,15,NA,NA,NA
E200K,2020-11-05_SNV_E200K,C08,CJD17-5_th,biological_sample,ok,failed,22,NA,17950,NA,5,NA,NA,NA
E200K,2020-11-05_SNV_E200K,C10,CJD17-34_fr,biological_sample,ok,failed,14,NA,14289,NA,7,NA,NA,NA
E200K,2020-11-05_SNV_E200K,D04,CJD17-13_sn,biological_sample,ok,failed,131,NA,17945,NA,40,NA,NA,NA
E200K,2020-11-05_SNV_E200K,D06,CJD17-11_hc,biological_sample,ok,failed,8,NA,17225,NA,4,NA,NA,NA
E200K,2020-11-05_SNV_E200K,D08,CJD17-8_bg,biological_sample,ok,failed,8,NA,17234,NA,24,NA,NA,NA
E200K,2020-11-05_SNV_E200K,E02,CJD17-15_th,biological_sample,ok,failed,83,NA,16416,NA,25,NA,NA,NA
E200K,2020-11-05_SNV_E200K,E04,CJD17-13_th,biological_sample,ok,failed,125,NA,15748,NA,111,NA,NA,NA
E200K,2020-11-05_SNV_E200K,E06,CJD17-12_bg,biological_sample,ok,failed,11,NA,17220,NA,30,NA,NA,NA
E200K,2020-11-05_SNV_E200K,F02,NTC,NTC,ok,failed,0,NA,0,NA,6,NA,NA,NA
E200K,2020-11-05_SNV_E200K,F06,CJD17-12_fr,biological_sample,ok,failed,14,NA,16874,NA,29,NA,NA,NA
E200K,2020-11-05_SNV_E200K,G02,WT,WT_control,ok,failed,6,NA,10824,NA,45,NA,NA,NA
E200K,2020-11-05_SNV_E200K,G06,CJD17-12_sn,biological_sample,ok,failed,1,NA,18460,NA,15,NA,NA,NA
E200K,2020-11-05_SNV_E200K,H02,E200K-mut,positive_control,ok,failed,2452,NA,2344,NA,89,NA,NA,NA
E200K,2020-11-24_SNV_E200K,A02,CJD17-30_bg_E200K,biological_sample,ok,failed,15,NA,15733,NA,13,NA,NA,NA
E200K,2020-11-24_SNV_E200K,A08,CJD18-5_bg_E200K,biological_sample,ok,failed,13,NA,15321,NA,63,NA,NA,NA
E200K,2020-11-24_SNV_E200K,B02,CJD17-30_fr_E200K,biological_sample,ok,failed,27,NA,16295,NA,17,NA,NA,NA
E200K,2020-11-24_SNV_E200K,B06,CJD17-15_cb_E200K,biological_sample,ok,failed,120,NA,17501,NA,107,NA,NA,NA
E200K,2020-11-24_SNV_E200K,C02,CJD17-30_hc_E200K,biological_sample,ok,failed,8,NA,13107,NA,27,NA,NA,NA
E200K,2020-11-24_SNV_E200K,D02,CJD17-30_sn_E200K,biological_sample,ok,failed,9,NA,16216,NA,20,NA,NA,NA
E200K,2020-11-24_SNV_E200K,D10,CJD17-34_sn_E200K,biological_sample,ok,failed,43,NA,18486,NA,84,NA,NA,NA
E200K,2020-11-24_SNV_E200K,F02,NTC_E200K,NTC,ok,failed,1,NA,4,NA,33,NA,NA,NA
E200K,2020-11-24_SNV_E200K,G02,WT_E200K,WT_control,ok,failed,11,NA,13904,NA,13,NA,NA,NA
E200K,2020-11-24_SNV_E200K,H02,E200K_mut,positive_control,ok,failed,2070,NA,2153,NA,25,NA,NA,NA
E200K,2021-01-26_SNV_E200K,A02,NTC,NTC,ok,failed,0,NA,0,NA,11,NA,NA,NA
E200K,2021-01-26_SNV_E200K,A05,924486-th,biological_sample,ok,failed,11,NA,11842,NA,132,NA,NA,NA
E200K,2021-01-26_SNV_E200K,B02,E200K-mut,positive_control,ok,failed,1089,NA,1155,NA,144,NA,NA,NA
E200K,2021-01-26_SNV_E200K,B05,953891-bg,biological_sample,ok,failed,3,NA,11436,NA,200,NA,NA,NA
E200K,2021-01-26_SNV_E200K,B08,955427-cb,biological_sample,ok,failed,3,NA,13206,NA,87,NA,NA,NA
E200K,2021-01-26_SNV_E200K,C02,WT,WT_control,ok,failed,17,NA,9241,NA,447,NA,NA,NA
E200K,2021-01-26_SNV_E200K,C05,953891-cb,biological_sample,ok,failed,20,NA,14217,NA,236,NA,NA,NA
E200K,2021-01-26_SNV_E200K,C08,955427-fr,biological_sample,ok,failed,10,NA,12235,NA,92,NA,NA,NA
E200K,2021-01-26_SNV_E200K,D02,924486-bg,biological_sample,ok,failed,39,NA,10855,NA,685,NA,NA,NA
E200K,2021-01-26_SNV_E200K,D05,953891-fr,biological_sample,ok,failed,7,NA,14212,NA,310,NA,NA,NA
E200K,2021-01-26_SNV_E200K,D08,955427-hc,biological_sample,ok,failed,16,NA,13288,NA,574,NA,NA,NA
E200K,2021-01-26_SNV_E200K,E02,924486-cb,biological_sample,ok,failed,30,NA,10330,NA,310,NA,NA,NA
E200K,2021-01-26_SNV_E200K,E08,955427-sn,biological_sample,ok,failed,7,NA,13698,NA,90,NA,NA,NA
E200K,2021-01-26_SNV_E200K,F02,924486-fr,biological_sample,ok,failed,22,NA,11962,NA,264,NA,NA,NA
E200K,2021-01-26_SNV_E200K,F05,953891-sn,biological_sample,ok,failed,20,NA,13372,NA,447,NA,NA,NA
E200K,2021-01-26_SNV_E200K,F08,955427-th,biological_sample,ok,failed,21,NA,13961,NA,101,NA,NA,NA
E200K,2021-01-26_SNV_E200K,G02,924486-hc,biological_sample,ok,failed,25,NA,11484,NA,318,NA,NA,NA
E200K,2021-01-26_SNV_E200K,G05,953891-th,biological_sample,ok,failed,19,NA,13827,NA,389,NA,NA,NA
E200K,2021-01-26_SNV_E200K,G08,929474-bg,biological_sample,ok,failed,9,NA,13644,NA,128,NA,NA,NA
E200K,2021-01-26_SNV_E200K,H02,924486-sn,biological_sample,ok,failed,137,NA,11610,NA,1287,NA,NA,NA
E200K,2021-01-26_SNV_E200K,H05,18-5-th,biological_sample,ok,failed,33,NA,13645,NA,814,NA,NA,NA
E200K,2021-01-26_SNV_E200K,H08,929474-cb,biological_sample,ok,failed,48,NA,12451,NA,705,NA,NA,NA
E200K,2021-02-17_SNV_E200K,A02,NTC,NTC,ok,failed,0,NA,0,NA,1,NA,NA,NA
E200K,2021-02-17_SNV_E200K,A05,CJD-933892-hc,biological_sample,ok,failed,14,NA,15462,NA,33,NA,NA,NA
E200K,2021-02-17_SNV_E200K,A08,E200K-mut,positive_control,ok,failed,561,NA,590,NA,122,NA,NA,NA
E200K,2021-02-17_SNV_E200K,B02,WT,WT_control,ok,failed,5,NA,13941,NA,9,NA,NA,NA
E200K,2021-02-17_SNV_E200K,B05,CJD-933892-sn,biological_sample,ok,failed,17,NA,13652,NA,47,NA,NA,NA
E200K,2021-02-17_SNV_E200K,B08,CJD-18-24-th,biological_sample,ok,failed,14,NA,16820,NA,27,NA,NA,NA
E200K,2021-02-17_SNV_E200K,C02,CJD-943497-hc,biological_sample,ok,failed,7,NA,15155,NA,16,NA,NA,NA
E200K,2021-02-17_SNV_E200K,C05,CJD-933892-th,biological_sample,ok,failed,11,NA,16146,NA,14,NA,NA,NA
E200K,2021-02-17_SNV_E200K,C08,CJD-955427-bg,biological_sample,ok,failed,691,NA,12616,NA,266,NA,NA,NA
E200K,2021-02-17_SNV_E200K,D02,CJD-943497-sn,biological_sample,ok,failed,4,NA,14431,NA,11,NA,NA,NA
E200K,2021-02-17_SNV_E200K,D05,CJD-18-31-hc,biological_sample,ok,failed,31,NA,12611,NA,83,NA,NA,NA
E200K,2021-02-17_SNV_E200K,E05,CJD-18-31-th,biological_sample,ok,failed,15,NA,13337,NA,105,NA,NA,NA
E200K,2021-02-17_SNV_E200K,F05,CJD-17-32-cb,biological_sample,ok,failed,7,NA,11904,NA,12,NA,NA,NA
E200K,2021-02-17_SNV_E200K,G02,CJD-933892-cb,biological_sample,ok,failed,6,NA,13819,NA,26,NA,NA,NA
E200K,2021-02-17_SNV_E200K,G05,CJD-17-30-cb,biological_sample,ok,failed,13,NA,14579,NA,63,NA,NA,NA
E200K,2021-02-17_SNV_E200K,H02,CJD-933892-fr,biological_sample,ok,failed,11,NA,15097,NA,14,NA,NA,NA
E200K,2021-02-17_SNV_E200K,H05,CJD-17-31-cb,biological_sample,ok,failed,20,NA,13319,NA,74,NA,NA,NA
E200K,2021-02-18_SNV_E200K,A02,NTC,NTC,ok,failed,0,NA,22,NA,73,NA,NA,NA
E200K,2021-02-18_SNV_E200K,A05,E200K-mut,positive_control,ok,failed,564,NA,651,NA,199,NA,NA,NA
E200K,2021-02-18_SNV_E200K,A08,CJD-238501-cb,biological_sample,ok,failed,2,NA,11302,NA,76,NA,NA,NA
E200K,2021-02-18_SNV_E200K,B02,WT,WT_control,ok,failed,15,NA,10479,NA,105,NA,NA,NA
E200K,2021-02-18_SNV_E200K,B08,CJD-238501-fr,biological_sample,ok,failed,7,NA,14706,NA,14,NA,NA,NA
E200K,2021-02-18_SNV_E200K,C02,CJD-15-1-bg,biological_sample,ok,failed,10,NA,15273,NA,41,NA,NA,NA
E200K,2021-02-18_SNV_E200K,C05,CJD-953891-hc,biological_sample,ok,failed,10,NA,13144,NA,146,NA,NA,NA
E200K,2021-02-18_SNV_E200K,C08,CJD-238501-hc,biological_sample,ok,failed,8,NA,13865,NA,16,NA,NA,NA
E200K,2021-02-18_SNV_E200K,D02,CJD-15-1-cb,biological_sample,ok,failed,11,NA,13791,NA,46,NA,NA,NA
E200K,2021-02-18_SNV_E200K,D05,CJD-15-27-fr,biological_sample,ok,failed,9,NA,11915,NA,115,NA,NA,NA
E200K,2021-02-18_SNV_E200K,D08,CJD-238501-sn,biological_sample,ok,failed,7,NA,7709,NA,114,NA,NA,NA
E200K,2021-02-18_SNV_E200K,E02,CJD-15-1-th,biological_sample,ok,failed,9,NA,12390,NA,95,NA,NA,NA
E200K,2021-02-18_SNV_E200K,E05,CJD-929474-fr,biological_sample,ok,failed,9,NA,14598,NA,29,NA,NA,NA
E200K,2021-02-18_SNV_E200K,E08,CJD-238501-th,biological_sample,ok,failed,11,NA,14607,NA,18,NA,NA,NA
E200K,2021-02-18_SNV_E200K,F05,CJD-929474-hc,biological_sample,ok,failed,14,NA,17210,NA,26,NA,NA,NA
E200K,2021-02-18_SNV_E200K,F08,CJD-943497-bg,biological_sample,ok,failed,9,NA,10402,NA,20,NA,NA,NA
E200K,2021-02-18_SNV_E200K,G08,CJD-943497-cb,biological_sample,ok,failed,8,NA,11416,NA,15,NA,NA,NA
E200K,2021-02-18_SNV_E200K,H02,CJD-17-12-th,biological_sample,ok,failed,3,NA,13794,NA,10,NA,NA,NA
E200K,2021-02-18_SNV_E200K,H05,CJD-238501-bg,biological_sample,ok,failed,12,NA,17186,NA,17,NA,NA,NA
E200K,2021-02-18_SNV_E200K,H08,CJD-943497-fr,biological_sample,ok,failed,9,NA,10929,NA,27,NA,NA,NA
E200K,2021-03-29_SNV_E200K,A02,NTC,NTC,ok,failed,1,NA,2,NA,20,NA,NA,NA
E200K,2021-03-29_SNV_E200K,A05,17-11-sn,biological_sample,ok,failed,4,NA,14481,NA,2,NA,NA,NA
E200K,2021-03-29_SNV_E200K,A08,17-8-sn,biological_sample,ok,failed,5,NA,15708,NA,19,NA,NA,NA
E200K,2021-03-29_SNV_E200K,A11,14-2-hc,biological_sample,ok,failed,14308,NA,14783,NA,27,NA,NA,NA
E200K,2021-03-29_SNV_E200K,B02,WT,WT_control,ok,failed,3,NA,10541,NA,23,NA,NA,NA
E200K,2021-03-29_SNV_E200K,B05,17-11-th,biological_sample,ok,failed,6,NA,15557,NA,11,NA,NA,NA
E200K,2021-03-29_SNV_E200K,B08,17-8-th,biological_sample,ok,failed,7,NA,16807,NA,7,NA,NA,NA
E200K,2021-03-29_SNV_E200K,B11,14-2-sn,biological_sample,ok,failed,15051,NA,15396,NA,12,NA,NA,NA
E200K,2021-03-29_SNV_E200K,C02,E200K,positive_control,ok,failed,864,NA,921,NA,54,NA,NA,NA
E200K,2021-03-29_SNV_E200K,C05,17-12-cb,biological_sample,ok,failed,4,NA,16060,NA,3,NA,NA,NA
E200K,2021-03-29_SNV_E200K,C08,17-34-bg,biological_sample,ok,failed,9,NA,15480,NA,13,NA,NA,NA
E200K,2021-03-29_SNV_E200K,C11,14-2-th,biological_sample,ok,failed,17301,NA,17700,NA,6,NA,NA,NA
E200K,2021-03-29_SNV_E200K,D02,17-31-fr,biological_sample,ok,failed,13,NA,14673,NA,13,NA,NA,NA
E200K,2021-03-29_SNV_E200K,D05,17-12-hc,biological_sample,ok,failed,7,NA,15283,NA,11,NA,NA,NA
E200K,2021-03-29_SNV_E200K,D08,17-34-hc,biological_sample,ok,failed,14,NA,16237,NA,18,NA,NA,NA
E200K,2021-03-29_SNV_E200K,D11,15-6-bg,biological_sample,ok,failed,18,NA,17221,NA,4,NA,NA,NA
E200K,2021-03-29_SNV_E200K,E05,17-5-bg,biological_sample,ok,failed,6,NA,15916,NA,27,NA,NA,NA
E200K,2021-03-29_SNV_E200K,E08,929474-th,biological_sample,ok,failed,14,NA,16572,NA,7,NA,NA,NA
E200K,2021-03-29_SNV_E200K,E11,15-6-cb,biological_sample,ok,failed,14,NA,18173,NA,11,NA,NA,NA
E200K,2021-03-29_SNV_E200K,F02,18-1-th,biological_sample,ok,failed,9,NA,15768,NA,28,NA,NA,NA
E200K,2021-03-29_SNV_E200K,F05,17-5-hc,biological_sample,ok,failed,10,NA,16046,NA,15,NA,NA,NA
E200K,2021-03-29_SNV_E200K,F08,14-2-bg,biological_sample,ok,failed,12905,NA,13099,NA,11,NA,NA,NA
E200K,2021-03-29_SNV_E200K,F11,15-6-fr,biological_sample,ok,failed,26,NA,14890,NA,8,NA,NA,NA
E200K,2021-03-29_SNV_E200K,G02,17-13-fr,biological_sample,ok,failed,12,NA,15279,NA,11,NA,NA,NA
E200K,2021-03-29_SNV_E200K,G05,17-5-sn,biological_sample,ok,failed,12,NA,16904,NA,27,NA,NA,NA
E200K,2021-03-29_SNV_E200K,G08,14-2-cb,biological_sample,ok,failed,11662,NA,11819,NA,20,NA,NA,NA
E200K,2021-03-29_SNV_E200K,G11,15-6-hc,biological_sample,ok,failed,17,NA,18354,NA,9,NA,NA,NA
E200K,2021-03-29_SNV_E200K,H02,17-13-th,biological_sample,ok,failed,15,NA,15552,NA,36,NA,NA,NA
E200K,2021-03-29_SNV_E200K,H05,17-8-hc,biological_sample,ok,failed,8,NA,17212,NA,22,NA,NA,NA
E200K,2021-03-29_SNV_E200K,H08,14-2-fr,biological_sample,ok,failed,13357,NA,13466,NA,23,NA,NA,NA
E200K,2021-03-29_SNV_E200K,H11,15-6-sn,biological_sample,ok,failed,8,NA,18604,NA,56,NA,NA,NA
E200K,2021-04-06_SNV_E200K,A02,NTC,NTC,ok,failed,0,NA,30,NA,111,NA,NA,NA
E200K,2021-04-06_SNV_E200K,A05,20-08-hc,biological_sample,ok,failed,9,NA,12645,NA,8,NA,NA,NA
E200K,2021-04-06_SNV_E200K,B02,WT,WT_control,ok,failed,10,NA,10576,NA,39,NA,NA,NA
E200K,2021-04-06_SNV_E200K,B05,20-08-th,biological_sample,ok,failed,7,NA,12273,NA,7,NA,NA,NA
E200K,2021-04-06_SNV_E200K,C02,E200K,positive_control,ok,failed,5546,NA,5595,NA,39,NA,NA,NA
E200K,2021-04-06_SNV_E200K,C05,15-27-bg,biological_sample,ok,failed,12,NA,13786,NA,5,NA,NA,NA
E200K,2021-04-06_SNV_E200K,D02,17-20-hc,biological_sample,ok,failed,14,NA,13471,NA,7,NA,NA,NA
E200K,2021-04-06_SNV_E200K,D05,15-27-cb,biological_sample,ok,failed,15,NA,14791,NA,5,NA,NA,NA
E200K,2021-04-06_SNV_E200K,E02,15-6-th,biological_sample,ok,failed,34,NA,12623,NA,8,NA,NA,NA
E200K,2021-04-06_SNV_E200K,E05,15-27-pons,biological_sample,ok,failed,309,NA,15996,NA,104,NA,NA,NA
E200K,2021-04-06_SNV_E200K,F02,18-1-sn,biological_sample,ok,failed,19,NA,14459,NA,5,NA,NA,NA
E200K,2021-04-06_SNV_E200K,F05,15-27-th,biological_sample,ok,failed,21,NA,15599,NA,5,NA,NA,NA
E200K,2021-04-06_SNV_E200K,G02,943497-th,biological_sample,ok,failed,72,NA,12832,NA,73,NA,NA,NA
E200K,2021-04-06_SNV_E200K,G05,15-1-hc,biological_sample,ok,failed,9,NA,15714,NA,8,NA,NA,NA
E200K,2021-04-06_SNV_E200K,H02,933892-bg,biological_sample,ok,failed,21,NA,17136,NA,46,NA,NA,NA
E200K,2021-04-06_SNV_E200K,H05,15-1-sn,biological_sample,ok,failed,21,NA,16985,NA,47,NA,NA,NA
E200K,2021-05-10_SNV_E200K,A02,NTC,NTC,ok,failed,2,NA,3,NA,16,NA,NA,NA
E200K,2021-05-10_SNV_E200K,A05,09-100-th,biological_sample,ok,failed,15,NA,15795,NA,7,NA,NA,NA
E200K,2021-05-10_SNV_E200K,A08,03-132-ce,biological_sample,ok,failed,8,NA,13843,NA,13,NA,NA,NA
E200K,2021-05-10_SNV_E200K,A11,15-27-bg,biological_sample,ok,failed,17,NA,15169,NA,9,NA,NA,NA
E200K,2021-05-10_SNV_E200K,A12,943497-bg,biological_sample,ok,failed,12,NA,14765,NA,11,NA,NA,NA
E200K,2021-05-10_SNV_E200K,B02,WT,WT_control,ok,failed,10,NA,9987,NA,6,NA,NA,NA
E200K,2021-05-10_SNV_E200K,B05,03-112-cau,biological_sample,ok,failed,20,NA,15424,NA,3,NA,NA,NA
E200K,2021-05-10_SNV_E200K,B08,03-132-fc,biological_sample,ok,failed,29,NA,15108,NA,8,NA,NA,NA
E200K,2021-05-10_SNV_E200K,B11,15-27-cb,biological_sample,ok,failed,16,NA,17976,NA,3,NA,NA,NA
E200K,2021-05-10_SNV_E200K,B12,943497-cb,biological_sample,ok,failed,12,NA,16304,NA,15,NA,NA,NA
E200K,2021-05-10_SNV_E200K,C02,E200K,positive_control,ok,failed,5657,NA,5675,NA,14,NA,NA,NA
E200K,2021-05-10_SNV_E200K,C05,03-112-ce,biological_sample,ok,failed,19,NA,16547,NA,5,NA,NA,NA
E200K,2021-05-10_SNV_E200K,C08,03-132-hip,biological_sample,ok,failed,15,NA,13504,NA,7,NA,NA,NA
E200K,2021-05-10_SNV_E200K,C11,15-27-fr,biological_sample,ok,failed,12,NA,13907,NA,19,NA,NA,NA
E200K,2021-05-10_SNV_E200K,C12,943497-fr,biological_sample,ok,failed,11,NA,12844,NA,29,NA,NA,NA
E200K,2021-05-10_SNV_E200K,D02,09-100-cau,biological_sample,ok,failed,17,NA,15282,NA,4,NA,NA,NA
E200K,2021-05-10_SNV_E200K,D05,03-112-fc,biological_sample,ok,failed,21,NA,16601,NA,4,NA,NA,NA
E200K,2021-05-10_SNV_E200K,D08,03-132-mdb,biological_sample,ok,failed,20,NA,15733,NA,6,NA,NA,NA
E200K,2021-05-10_SNV_E200K,D11,15-27-pons,biological_sample,ok,failed,19,NA,15617,NA,18,NA,NA,NA
E200K,2021-05-10_SNV_E200K,D12,943497-hc,biological_sample,ok,failed,12,NA,10706,NA,66,NA,NA,NA
E200K,2021-05-10_SNV_E200K,E02,09-100-ce,biological_sample,ok,failed,26,NA,13163,NA,25,NA,NA,NA
E200K,2021-05-10_SNV_E200K,E05,03-112-hip,biological_sample,ok,failed,20,NA,13661,NA,5,NA,NA,NA
E200K,2021-05-10_SNV_E200K,E08,03-132-th,biological_sample,ok,failed,25,NA,14253,NA,3,NA,NA,NA
E200K,2021-05-10_SNV_E200K,E11,15-27-th,biological_sample,ok,failed,20,NA,16538,NA,2,NA,NA,NA
E200K,2021-05-10_SNV_E200K,E12,943497-sn,biological_sample,ok,failed,13,NA,16334,NA,27,NA,NA,NA
E200K,2021-05-10_SNV_E200K,F02,09-100-fc,biological_sample,ok,failed,27,NA,14930,NA,4,NA,NA,NA
E200K,2021-05-10_SNV_E200K,F05,03-112-mdb,biological_sample,ok,failed,30,NA,16583,NA,8,NA,NA,NA
E200K,2021-05-10_SNV_E200K,F08,04-045-cau,biological_sample,ok,failed,34,NA,14530,NA,6,NA,NA,NA
E200K,2021-05-10_SNV_E200K,F12,943497-th,biological_sample,ok,failed,16,NA,16512,NA,26,NA,NA,NA
E200K,2021-05-10_SNV_E200K,G02,09-100-hip,biological_sample,ok,failed,25,NA,15303,NA,4,NA,NA,NA
E200K,2021-05-10_SNV_E200K,G05,03-112-th,biological_sample,ok,failed,35,NA,15357,NA,16,NA,NA,NA
E200K,2021-05-10_SNV_E200K,G08,04-045-ce,biological_sample,ok,failed,36,NA,13957,NA,9,NA,NA,NA
E200K,2021-05-10_SNV_E200K,H02,09-100-mdb,biological_sample,ok,failed,17,NA,15327,NA,10,NA,NA,NA
E200K,2021-05-10_SNV_E200K,H05,03-132-cau,biological_sample,ok,failed,28,NA,16228,NA,15,NA,NA,NA
E200K,2021-05-10_SNV_E200K,H08,04-045-fc,biological_sample,ok,failed,37,NA,15092,NA,4,NA,NA,NA
E200K,2021-05-20_SNV_E200K,A02,NTC,NTC,ok,failed,7,NA,15,NA,33,NA,NA,NA
E200K,2021-05-20_SNV_E200K,A05,04-045-hip,biological_sample,ok,failed,23,NA,17713,NA,14,NA,NA,NA
E200K,2021-05-20_SNV_E200K,A08,20-357-th,biological_sample,ok,failed,20,NA,16838,NA,15,NA,NA,NA
E200K,2021-05-20_SNV_E200K,A11,929474-sn,biological_sample,ok,failed,17,NA,16338,NA,31,NA,NA,NA
E200K,2021-05-20_SNV_E200K,B02,WT,WT_control,ok,failed,26,NA,11666,NA,27,NA,NA,NA
E200K,2021-05-20_SNV_E200K,B05,04-045-mdb,biological_sample,ok,failed,23,NA,17789,NA,12,NA,NA,NA
E200K,2021-05-20_SNV_E200K,B08,20-169-cau,biological_sample,ok,failed,17,NA,15155,NA,6,NA,NA,NA
E200K,2021-05-20_SNV_E200K,B11,17-13-bg,biological_sample,ok,failed,23,NA,16135,NA,24,NA,NA,NA
E200K,2021-05-20_SNV_E200K,C02,E200K,positive_control,ok,failed,6340,NA,6370,NA,29,NA,NA,NA
E200K,2021-05-20_SNV_E200K,C05,04-045-th,biological_sample,ok,failed,30,NA,18259,NA,2,NA,NA,NA
E200K,2021-05-20_SNV_E200K,C08,20-169-ce,biological_sample,ok,failed,18,NA,15955,NA,10,NA,NA,NA
E200K,2021-05-20_SNV_E200K,C11,17-8-cb,biological_sample,ok,failed,8,NA,15334,NA,32,NA,NA,NA
E200K,2021-05-20_SNV_E200K,D02,19-082-ce,biological_sample,ok,failed,19,NA,17211,NA,11,NA,NA,NA
E200K,2021-05-20_SNV_E200K,D05,20-357-cau,biological_sample,ok,failed,14,NA,14615,NA,19,NA,NA,NA
E200K,2021-05-20_SNV_E200K,D08,20-169-fc,biological_sample,ok,failed,24,NA,13297,NA,14,NA,NA,NA
E200K,2021-05-20_SNV_E200K,D11,17-8-fr,biological_sample,ok,failed,27,NA,16669,NA,26,NA,NA,NA
E200K,2021-05-20_SNV_E200K,E02,19-082-fc,biological_sample,ok,failed,17,NA,17191,NA,10,NA,NA,NA
E200K,2021-05-20_SNV_E200K,E05,20-357-ce,biological_sample,ok,failed,15,NA,17004,NA,1,NA,NA,NA
E200K,2021-05-20_SNV_E200K,E08,20-169-hip,biological_sample,ok,failed,16,NA,14011,NA,7,NA,NA,NA
E200K,2021-05-20_SNV_E200K,F02,19-082-hip,biological_sample,ok,failed,16,NA,15118,NA,15,NA,NA,NA
E200K,2021-05-20_SNV_E200K,F05,20-357-fc,biological_sample,ok,failed,22,NA,18311,NA,26,NA,NA,NA
E200K,2021-05-20_SNV_E200K,F08,20-169-mdb,biological_sample,ok,failed,21,NA,13179,NA,49,NA,NA,NA
E200K,2021-05-20_SNV_E200K,F11,17-34-th,biological_sample,ok,failed,33,NA,16530,NA,38,NA,NA,NA
E200K,2021-05-20_SNV_E200K,G02,19-082-mdb,biological_sample,ok,failed,23,NA,17734,NA,18,NA,NA,NA
E200K,2021-05-20_SNV_E200K,G05,20-357-hip,biological_sample,ok,failed,26,NA,17981,NA,12,NA,NA,NA
E200K,2021-05-20_SNV_E200K,G08,20-169-th,biological_sample,ok,failed,14,NA,13304,NA,52,NA,NA,NA
E200K,2021-05-20_SNV_E200K,G11,17-31-hc,biological_sample,ok,failed,22,NA,13440,NA,26,NA,NA,NA
E200K,2021-05-20_SNV_E200K,H02,19-082-th,biological_sample,ok,failed,31,NA,17610,NA,20,NA,NA,NA
E200K,2021-05-20_SNV_E200K,H05,20-357-mdb,biological_sample,ok,failed,35,NA,19496,NA,19,NA,NA,NA
E200K,2021-05-20_SNV_E200K,H08,19-082-cau,biological_sample,ok,failed,12,NA,14108,NA,68,NA,NA,NA
E200K,2021-05-20_SNV_E200K,H11,17-32-cb,biological_sample,ok,failed,20,NA,13104,NA,43,NA,NA,NA
E200K,2021-05-20_SNV_E200K,H12,17-11-cb,biological_sample,ok,failed,16,NA,13181,NA,183,NA,NA,NA
E200K,2021-10-25_SNV_E200K,A01,NTC,NTC,ok,failed,1,NA,2,NA,34,NA,NA,NA
E200K,2021-10-25_SNV_E200K,B01,WT,WT_control,ok,failed,7,NA,4279,NA,24,NA,NA,NA
E200K,2021-10-25_SNV_E200K,C01,E200K-mut,positive_control,ok,failed,2096,NA,2254,NA,39,NA,NA,NA
E200K,2021-10-25_SNV_E200K,D01,17-34-cb,biological_sample,ok,failed,11,NA,9492,NA,42,NA,NA,NA
P102L,2020-12-01_SNV_P102L,A01,17-34_bg,biological_sample,ok,failed,0,NA,13298,NA,846,NA,NA,NA
P102L,2020-12-01_SNV_P102L,A04,17-13_bg,biological_sample,ok,failed,2,NA,13213,NA,498,NA,NA,NA
P102L,2020-12-01_SNV_P102L,A05,18-5_bg,biological_sample,ok,failed,3,NA,7687,NA,92,NA,NA,NA
P102L,2020-12-01_SNV_P102L,A06,18-1_bg,biological_sample,ok,failed,6,NA,15101,NA,160,NA,NA,NA
P102L,2020-12-01_SNV_P102L,A08,17-30_bg,biological_sample,ok,failed,0,NA,15470,NA,169,NA,NA,NA
P102L,2020-12-01_SNV_P102L,A09,17-20_bg,biological_sample,ok,failed,4,NA,18660,NA,75,NA,NA,NA
P102L,2020-12-01_SNV_P102L,A10,18-31_sn,biological_sample,ok,failed,8,NA,16838,NA,42,NA,NA,NA
P102L,2020-12-01_SNV_P102L,A11,17-8_bg,biological_sample,ok,failed,0,NA,17892,NA,69,NA,NA,NA
P102L,2020-12-01_SNV_P102L,A12,NTC,NTC,ok,failed,0,NA,2,NA,2,NA,NA,NA
P102L,2020-12-01_SNV_P102L,B04,17-13_cb,biological_sample,ok,failed,2,NA,14684,NA,144,NA,NA,NA
P102L,2020-12-01_SNV_P102L,B05,18-5_cb,biological_sample,ok,failed,1,NA,15070,NA,77,NA,NA,NA
P102L,2020-12-01_SNV_P102L,B06,18-1_cb,biological_sample,ok,failed,3,NA,13630,NA,183,NA,NA,NA
P102L,2020-12-01_SNV_P102L,B08,17-30_fr,biological_sample,ok,failed,0,NA,14119,NA,377,NA,NA,NA
P102L,2020-12-01_SNV_P102L,B09,17-20_cb,biological_sample,ok,failed,1,NA,17636,NA,34,NA,NA,NA
P102L,2020-12-01_SNV_P102L,B10,18-31_th,biological_sample,ok,failed,8,NA,15365,NA,28,NA,NA,NA
P102L,2020-12-01_SNV_P102L,B11,17-8_cb,biological_sample,ok,failed,0,NA,16121,NA,30,NA,NA,NA
P102L,2020-12-01_SNV_P102L,B12,WT,WT_control,ok,failed,0,NA,12136,NA,204,NA,NA,NA
P102L,2020-12-01_SNV_P102L,C01,17-34_fr,biological_sample,ok,failed,0,NA,12556,NA,475,NA,NA,NA
P102L,2020-12-01_SNV_P102L,C04,17-13_hc,biological_sample,ok,failed,0,NA,14382,NA,471,NA,NA,NA
P102L,2020-12-01_SNV_P102L,C05,18-5_fr,biological_sample,ok,failed,1,NA,14999,NA,224,NA,NA,NA
P102L,2020-12-01_SNV_P102L,C06,18-1_fr,biological_sample,ok,failed,6,NA,14441,NA,228,NA,NA,NA
P102L,2020-12-01_SNV_P102L,C08,17-30_hc,biological_sample,ok,failed,6,NA,13101,NA,114,NA,NA,NA
P102L,2020-12-01_SNV_P102L,C09,17-20_fr,biological_sample,ok,failed,2,NA,17017,NA,47,NA,NA,NA
P102L,2020-12-01_SNV_P102L,C12,P102L-mut,positive_control,ok,failed,2101,NA,2088,NA,78,NA,NA,NA
P102L,2020-12-01_SNV_P102L,D01,17-34_sn,biological_sample,ok,failed,0,NA,13857,NA,321,NA,NA,NA
P102L,2020-12-01_SNV_P102L,D02,17-5_cb,biological_sample,ok,failed,0,NA,14285,NA,313,NA,NA,NA
P102L,2020-12-01_SNV_P102L,D04,17-13_sn,biological_sample,ok,failed,0,NA,11006,NA,423,NA,NA,NA
P102L,2020-12-01_SNV_P102L,D05,18-5_hc,biological_sample,ok,failed,4,NA,14349,NA,169,NA,NA,NA
P102L,2020-12-01_SNV_P102L,D06,18-1_hc,biological_sample,ok,failed,0,NA,13711,NA,134,NA,NA,NA
P102L,2020-12-01_SNV_P102L,D07,17-32_hc,biological_sample,ok,failed,1,NA,15024,NA,186,NA,NA,NA
P102L,2020-12-01_SNV_P102L,D08,17-30_sn,biological_sample,ok,failed,11,NA,14528,NA,107,NA,NA,NA
P102L,2020-12-01_SNV_P102L,D09,17-20_sn,biological_sample,ok,failed,9,NA,17151,NA,20,NA,NA,NA
P102L,2020-12-01_SNV_P102L,E01,17-34-th,biological_sample,ok,failed,0,NA,12242,NA,155,NA,NA,NA
P102L,2020-12-01_SNV_P102L,E02,17-5_fr,biological_sample,ok,failed,0,NA,13888,NA,624,NA,NA,NA
P102L,2020-12-01_SNV_P102L,E04,17-13_th,biological_sample,ok,failed,3,NA,12375,NA,626,NA,NA,NA
P102L,2020-12-01_SNV_P102L,E05,18-5_sn,biological_sample,ok,failed,0,NA,14625,NA,276,NA,NA,NA
P102L,2020-12-01_SNV_P102L,E06,17-31_bg,biological_sample,ok,failed,4,NA,12125,NA,470,NA,NA,NA
P102L,2020-12-01_SNV_P102L,E07,17-32_sn,biological_sample,ok,failed,0,NA,13484,NA,219,NA,NA,NA
P102L,2020-12-01_SNV_P102L,E08,17-30_th,biological_sample,ok,failed,5,NA,14745,NA,234,NA,NA,NA
P102L,2020-12-01_SNV_P102L,E09,17-20_th,biological_sample,ok,failed,13,NA,16758,NA,51,NA,NA,NA
P102L,2020-12-01_SNV_P102L,F02,17-5_th,biological_sample,ok,failed,2,NA,13547,NA,380,NA,NA,NA
P102L,2020-12-01_SNV_P102L,F04,17-15_cb,biological_sample,ok,failed,0,NA,12997,NA,568,NA,NA,NA
P102L,2020-12-01_SNV_P102L,F05,18-5_th,biological_sample,ok,failed,4,NA,15739,NA,167,NA,NA,NA
P102L,2020-12-01_SNV_P102L,F06,17-31_hc,biological_sample,ok,failed,6,NA,15159,NA,126,NA,NA,NA
P102L,2020-12-01_SNV_P102L,F07,17-32_th,biological_sample,ok,failed,8,NA,14174,NA,127,NA,NA,NA
P102L,2020-12-01_SNV_P102L,G06,17-31_sn,biological_sample,ok,failed,0,NA,10432,NA,620,NA,NA,NA
P102L,2020-12-01_SNV_P102L,H06,17-31_th,biological_sample,ok,failed,6,NA,14005,NA,212,NA,NA,NA
P102L,2021-01-26_SNV_P102L,A03,NTC,NTC,ok,failed,0,NA,0,NA,300,NA,NA,NA
P102L,2021-01-26_SNV_P102L,A06,924486-th,biological_sample,ok,failed,3,NA,12742,NA,351,NA,NA,NA
P102L,2021-01-26_SNV_P102L,A09,955427-bg,biological_sample,ok,failed,2,NA,13837,NA,191,NA,NA,NA
P102L,2021-01-26_SNV_P102L,B03,P102L-mut,positive_control,ok,failed,2165,NA,2418,NA,382,NA,NA,NA
P102L,2021-01-26_SNV_P102L,B06,953891-bg,biological_sample,ok,failed,2,NA,14687,NA,369,NA,NA,NA
P102L,2021-01-26_SNV_P102L,B09,955427-cb,biological_sample,ok,failed,0,NA,12986,NA,142,NA,NA,NA
P102L,2021-01-26_SNV_P102L,C03,WT,WT_control,ok,failed,1,NA,12486,NA,1254,NA,NA,NA
P102L,2021-01-26_SNV_P102L,C06,953891-cb,biological_sample,ok,failed,0,NA,14400,NA,367,NA,NA,NA
P102L,2021-01-26_SNV_P102L,C09,955427-fr,biological_sample,ok,failed,2,NA,14015,NA,207,NA,NA,NA
P102L,2021-01-26_SNV_P102L,D03,924486-bg,biological_sample,ok,failed,1,NA,13375,NA,1263,NA,NA,NA
P102L,2021-01-26_SNV_P102L,D06,953891-fr,biological_sample,ok,failed,1,NA,13791,NA,407,NA,NA,NA
P102L,2021-01-26_SNV_P102L,D09,955427-hc,biological_sample,ok,failed,0,NA,14668,NA,175,NA,NA,NA
P102L,2021-01-26_SNV_P102L,E03,924486-cb,biological_sample,ok,failed,1,NA,12161,NA,1943,NA,NA,NA
P102L,2021-01-26_SNV_P102L,E06,953891-hc,biological_sample,ok,failed,4,NA,12263,NA,639,NA,NA,NA
P102L,2021-01-26_SNV_P102L,E09,955427-sn,biological_sample,ok,failed,2,NA,13860,NA,97,NA,NA,NA
P102L,2021-01-26_SNV_P102L,F03,924486-fr,biological_sample,ok,failed,0,NA,13676,NA,1130,NA,NA,NA
P102L,2021-01-26_SNV_P102L,F06,953891-sn,biological_sample,ok,failed,0,NA,13894,NA,479,NA,NA,NA
P102L,2021-01-26_SNV_P102L,F09,955427-th,biological_sample,ok,failed,0,NA,14671,NA,183,NA,NA,NA
P102L,2021-01-26_SNV_P102L,G03,924486-hc,biological_sample,ok,failed,0,NA,12878,NA,1565,NA,NA,NA
P102L,2021-01-26_SNV_P102L,G06,953891-th,biological_sample,ok,failed,1,NA,11832,NA,1329,NA,NA,NA
P102L,2021-01-26_SNV_P102L,G09,929474-bg,biological_sample,ok,failed,0,NA,13721,NA,171,NA,NA,NA
P102L,2021-01-26_SNV_P102L,H03,924486-sn,biological_sample,ok,failed,2,NA,12859,NA,1445,NA,NA,NA
P102L,2021-01-26_SNV_P102L,H06,18-5-th,biological_sample,ok,failed,2,NA,12719,NA,1109,NA,NA,NA
P102L,2021-01-26_SNV_P102L,H09,929474-cb,biological_sample,ok,failed,0,NA,14389,NA,175,NA,NA,NA
P102L,2021-01-28_SNV_P102L,A03,NTC,NTC,ok,failed,0,NA,4,NA,0,NA,NA,NA
P102L,2021-01-28_SNV_P102L,A06,933892-th,biological_sample,ok,failed,26,NA,14407,NA,27,NA,NA,NA
P102L,2021-01-28_SNV_P102L,A09,238501-cb,biological_sample,ok,failed,10,NA,10627,NA,26,NA,NA,NA
P102L,2021-01-28_SNV_P102L,B03,WT,WT_control,ok,failed,12,NA,10928,NA,32,NA,NA,NA
P102L,2021-01-28_SNV_P102L,B06,943497-bg,biological_sample,ok,failed,16,NA,12811,NA,32,NA,NA,NA
P102L,2021-01-28_SNV_P102L,B09,238501-fr,biological_sample,ok,failed,13,NA,14505,NA,29,NA,NA,NA
P102L,2021-01-28_SNV_P102L,C03,P102L-mut,positive_control,ok,failed,4034,NA,4043,NA,13,NA,NA,NA
P102L,2021-01-28_SNV_P102L,C06,943497-cb,biological_sample,ok,failed,13,NA,14340,NA,28,NA,NA,NA
P102L,2021-01-28_SNV_P102L,C09,238501-hc,biological_sample,ok,failed,17,NA,14428,NA,35,NA,NA,NA
P102L,2021-01-28_SNV_P102L,D03,933892-bg,biological_sample,ok,failed,17,NA,13988,NA,27,NA,NA,NA
P102L,2021-01-28_SNV_P102L,D06,943497-fr,biological_sample,ok,failed,8,NA,13193,NA,24,NA,NA,NA
P102L,2021-01-28_SNV_P102L,E03,933892-cb,biological_sample,ok,failed,12,NA,15408,NA,26,NA,NA,NA
P102L,2021-01-28_SNV_P102L,E06,943497-hc,biological_sample,ok,failed,13,NA,14723,NA,32,NA,NA,NA
P102L,2021-01-28_SNV_P102L,E09,238501-th,biological_sample,ok,failed,13,NA,13148,NA,28,NA,NA,NA
P102L,2021-01-28_SNV_P102L,F03,933892-fr,biological_sample,ok,failed,15,NA,15571,NA,26,NA,NA,NA
P102L,2021-01-28_SNV_P102L,F06,943497-sn,biological_sample,ok,failed,21,NA,15424,NA,23,NA,NA,NA
P102L,2021-01-28_SNV_P102L,F09,929474-fr,biological_sample,ok,failed,20,NA,14045,NA,28,NA,NA,NA
P102L,2021-01-28_SNV_P102L,G03,933892-hc,biological_sample,ok,failed,16,NA,13773,NA,25,NA,NA,NA
P102L,2021-01-28_SNV_P102L,G06,943497-th,biological_sample,ok,failed,12,NA,13418,NA,29,NA,NA,NA
P102L,2021-01-28_SNV_P102L,G09,929474-hc,biological_sample,ok,failed,14,NA,14660,NA,28,NA,NA,NA
P102L,2021-01-28_SNV_P102L,H03,933892-sn,biological_sample,ok,failed,6,NA,11808,NA,39,NA,NA,NA
P102L,2021-01-28_SNV_P102L,H06,238501-bg,biological_sample,ok,failed,8,NA,15428,NA,36,NA,NA,NA
P102L,2021-02-02_SNV_P102L,A01,NTC,NTC,ok,failed,1,NA,1,NA,4,NA,NA,NA
P102L,2021-02-02_SNV_P102L,A02,18-17-cb,biological_sample,ok,failed,15,NA,12836,NA,36,NA,NA,NA
P102L,2021-02-02_SNV_P102L,A03,18-24-sn,biological_sample,ok,failed,18,NA,13417,NA,28,NA,NA,NA
P102L,2021-02-02_SNV_P102L,A04,17-20-fr,biological_sample,ok,failed,24,NA,14110,NA,32,NA,NA,NA
P102L,2021-02-02_SNV_P102L,A05,18-1-bg,biological_sample,ok,failed,11,NA,13392,NA,60,NA,NA,NA
P102L,2021-02-02_SNV_P102L,A06,18-6-bg,biological_sample,ok,failed,20,NA,14197,NA,24,NA,NA,NA
P102L,2021-02-02_SNV_P102L,A08,14-24-sn,biological_sample,ok,failed,5,NA,13122,NA,92,NA,NA,NA
P102L,2021-02-02_SNV_P102L,B01,WT,WT_control,ok,failed,11,NA,12808,NA,34,NA,NA,NA
P102L,2021-02-02_SNV_P102L,B02,18-17-fr,biological_sample,ok,failed,11,NA,14278,NA,27,NA,NA,NA
P102L,2021-02-02_SNV_P102L,B03,18-24-th,biological_sample,ok,failed,13,NA,14929,NA,20,NA,NA,NA
P102L,2021-02-02_SNV_P102L,B04,17-20-sn,biological_sample,ok,failed,17,NA,12537,NA,32,NA,NA,NA
P102L,2021-02-02_SNV_P102L,B05,18-1-cb,biological_sample,ok,failed,16,NA,11545,NA,38,NA,NA,NA
P102L,2021-02-02_SNV_P102L,B06,18-6-cb,biological_sample,ok,failed,7,NA,15083,NA,13,NA,NA,NA
P102L,2021-02-02_SNV_P102L,B08,14-24-th,biological_sample,ok,failed,1,NA,15920,NA,48,NA,NA,NA
P102L,2021-02-02_SNV_P102L,C01,P102L-mut,positive_control,ok,failed,4556,NA,4481,NA,11,NA,NA,NA
P102L,2021-02-02_SNV_P102L,C02,18-17-sn,biological_sample,ok,failed,12,NA,13701,NA,22,NA,NA,NA
P102L,2021-02-02_SNV_P102L,C03,18-31-bg,biological_sample,ok,failed,14,NA,14999,NA,25,NA,NA,NA
P102L,2021-02-02_SNV_P102L,C04,17-20-th,biological_sample,ok,failed,7,NA,10253,NA,26,NA,NA,NA
P102L,2021-02-02_SNV_P102L,C05,18-1-fr,biological_sample,ok,failed,16,NA,15495,NA,39,NA,NA,NA
P102L,2021-02-02_SNV_P102L,C06,18-6-fr,biological_sample,ok,failed,16,NA,13766,NA,26,NA,NA,NA
P102L,2021-02-02_SNV_P102L,C08,18-31-cb,biological_sample,ok,failed,0,NA,13875,NA,283,NA,NA,NA
P102L,2021-02-02_SNV_P102L,D01,14-24-bg,biological_sample,ok,failed,9,NA,13441,NA,23,NA,NA,NA
P102L,2021-02-02_SNV_P102L,D02,18-17-th,biological_sample,ok,failed,18,NA,14823,NA,32,NA,NA,NA
P102L,2021-02-02_SNV_P102L,D03,18-31-hc,biological_sample,ok,failed,16,NA,15410,NA,20,NA,NA,NA
P102L,2021-02-02_SNV_P102L,D04,17-32-bg,biological_sample,ok,failed,22,NA,13433,NA,18,NA,NA,NA
P102L,2021-02-02_SNV_P102L,D05,18-1-hc,biological_sample,ok,failed,15,NA,13784,NA,43,NA,NA,NA
P102L,2021-02-02_SNV_P102L,D06,18-6-hc,biological_sample,ok,failed,16,NA,16398,NA,33,NA,NA,NA
P102L,2021-02-02_SNV_P102L,D08,18-31-fr,biological_sample,ok,failed,5,NA,13856,NA,32,NA,NA,NA
P102L,2021-02-02_SNV_P102L,E02,18-24-bg,biological_sample,ok,failed,19,NA,14547,NA,32,NA,NA,NA
P102L,2021-02-02_SNV_P102L,E03,18-31-sn,biological_sample,ok,failed,19,NA,15880,NA,21,NA,NA,NA
P102L,2021-02-02_SNV_P102L,E04,17-32-cb,biological_sample,ok,failed,7,NA,11700,NA,23,NA,NA,NA
P102L,2021-02-02_SNV_P102L,E05,18-5-cb,biological_sample,ok,failed,10,NA,14822,NA,23,NA,NA,NA
P102L,2021-02-02_SNV_P102L,E06,18-17-hc,biological_sample,ok,failed,10,NA,12650,NA,19,NA,NA,NA
P102L,2021-02-02_SNV_P102L,E08,17-32-sn,biological_sample,ok,failed,6,NA,15045,NA,169,NA,NA,NA
P102L,2021-02-02_SNV_P102L,F01,14-24-fr,biological_sample,ok,failed,10,NA,12998,NA,28,NA,NA,NA
P102L,2021-02-02_SNV_P102L,F02,18-24-cb,biological_sample,ok,failed,9,NA,13514,NA,21,NA,NA,NA
P102L,2021-02-02_SNV_P102L,F03,18-31-th,biological_sample,ok,failed,5,NA,13298,NA,19,NA,NA,NA
P102L,2021-02-02_SNV_P102L,F04,17-32-fr,biological_sample,ok,failed,13,NA,15306,NA,24,NA,NA,NA
P102L,2021-02-02_SNV_P102L,F05,18-5-fr,biological_sample,ok,failed,5,NA,12590,NA,32,NA,NA,NA
P102L,2021-02-02_SNV_P102L,F08,18-5-bg,biological_sample,ok,failed,4,NA,16113,NA,49,NA,NA,NA
P102L,2021-02-02_SNV_P102L,G01,14-24-hc,biological_sample,ok,failed,4,NA,10352,NA,41,NA,NA,NA
P102L,2021-02-02_SNV_P102L,G02,18-24-fr,biological_sample,ok,failed,8,NA,14567,NA,27,NA,NA,NA
P102L,2021-02-02_SNV_P102L,G03,17-20-bg,biological_sample,ok,failed,10,NA,12856,NA,19,NA,NA,NA
P102L,2021-02-02_SNV_P102L,G04,17-32-hc,biological_sample,ok,failed,15,NA,14318,NA,24,NA,NA,NA
P102L,2021-02-02_SNV_P102L,G05,18-5-hc,biological_sample,ok,failed,13,NA,15097,NA,32,NA,NA,NA
P102L,2021-02-02_SNV_P102L,G08,18-5-sn,biological_sample,ok,failed,9,NA,17439,NA,15,NA,NA,NA
P102L,2021-02-02_SNV_P102L,H01,18-17-bg,biological_sample,ok,failed,15,NA,14826,NA,34,NA,NA,NA
P102L,2021-02-02_SNV_P102L,H02,18-24-hc,biological_sample,ok,failed,11,NA,13412,NA,25,NA,NA,NA
P102L,2021-02-02_SNV_P102L,H03,17-20-cb,biological_sample,ok,failed,5,NA,13156,NA,18,NA,NA,NA
P102L,2021-02-02_SNV_P102L,H04,17-32-th,biological_sample,ok,failed,13,NA,15282,NA,38,NA,NA,NA
P102L,2021-02-02_SNV_P102L,H05,18-5-th,biological_sample,ok,failed,14,NA,14204,NA,34,NA,NA,NA
P102L,2021-02-17_SNV_P102L,A03,NTC,NTC,ok,failed,0,NA,0,NA,7,NA,NA,NA
P102L,2021-02-17_SNV_P102L,A06,CJD-20-08-bg,biological_sample,ok,failed,12,NA,15387,NA,17,NA,NA,NA
P102L,2021-02-17_SNV_P102L,A09,P102L-mut,positive_control,ok,failed,5264,NA,5144,NA,16,NA,NA,NA
P102L,2021-02-17_SNV_P102L,B03,WT,WT_control,ok,failed,13,NA,15880,NA,29,NA,NA,NA
P102L,2021-02-17_SNV_P102L,B06,CJD-20-08-cb,biological_sample,ok,failed,12,NA,12557,NA,26,NA,NA,NA
P102L,2021-02-17_SNV_P102L,C03,CJD-13-21-bg,biological_sample,ok,failed,10,NA,13200,NA,22,NA,NA,NA
P102L,2021-02-17_SNV_P102L,C06,CJD-20-08-fr,biological_sample,ok,failed,18,NA,13006,NA,20,NA,NA,NA
P102L,2021-02-17_SNV_P102L,C09,CJD-14-24-cb,biological_sample,ok,failed,2,NA,10816,NA,1681,NA,NA,NA
P102L,2021-02-17_SNV_P102L,D03,CJD-17-12-sn,biological_sample,ok,failed,5,NA,16249,NA,44,NA,NA,NA
P102L,2021-02-17_SNV_P102L,D06,CJD-20-08-sn,biological_sample,ok,failed,12,NA,10473,NA,20,NA,NA,NA
P102L,2021-02-17_SNV_P102L,E03,CJD-13-21-fr,biological_sample,ok,failed,11,NA,13303,NA,27,NA,NA,NA
P102L,2021-02-17_SNV_P102L,E06,CJD-15-1-fr,biological_sample,ok,failed,12,NA,8876,NA,17,NA,NA,NA
P102L,2021-02-17_SNV_P102L,F03,CJD-13-21-sn,biological_sample,ok,failed,12,NA,14118,NA,13,NA,NA,NA
P102L,2021-02-17_SNV_P102L,G06,CJD-17-30-cb,biological_sample,ok,failed,10,NA,12103,NA,27,NA,NA,NA
P102L,2021-02-17_SNV_P102L,H03,CJD-15-27-fr,biological_sample,ok,failed,6,NA,11336,NA,28,NA,NA,NA
P102L,2021-02-17_SNV_P102L,H06,CJD-17-31-cb,biological_sample,ok,failed,11,NA,13862,NA,53,NA,NA,NA
P102L,2021-02-18_SNV_P102L,A03,NTC,NTC,ok,failed,0,NA,0,NA,2,NA,NA,NA
P102L,2021-02-18_SNV_P102L,A06,P102L-mut,positive_control,ok,failed,4157,NA,4070,NA,356,NA,NA,NA
P102L,2021-02-18_SNV_P102L,A09,CJD-17-8-bg,biological_sample,ok,failed,12,NA,15496,NA,31,NA,NA,NA
P102L,2021-02-18_SNV_P102L,B03,WT,WT_control,ok,failed,13,NA,12300,NA,28,NA,NA,NA
P102L,2021-02-18_SNV_P102L,B06,CJD-17-11-bg,biological_sample,ok,failed,21,NA,13519,NA,20,NA,NA,NA
P102L,2021-02-18_SNV_P102L,B09,CJD-17-8-cb,biological_sample,ok,failed,4,NA,17444,NA,20,NA,NA,NA
P102L,2021-02-18_SNV_P102L,C03,CJD-15-1-bg,biological_sample,ok,failed,13,NA,15662,NA,31,NA,NA,NA
P102L,2021-02-18_SNV_P102L,C06,CJD-17-11-fr,biological_sample,ok,failed,10,NA,14259,NA,26,NA,NA,NA
P102L,2021-02-18_SNV_P102L,C09,CJD-17-8-fr,biological_sample,ok,failed,13,NA,14589,NA,28,NA,NA,NA
P102L,2021-02-18_SNV_P102L,D03,CJD-15-1-cb,biological_sample,ok,failed,10,NA,15245,NA,20,NA,NA,NA
P102L,2021-02-18_SNV_P102L,D06,CJD-17-11-hc,biological_sample,ok,failed,11,NA,15220,NA,16,NA,NA,NA
P102L,2021-02-18_SNV_P102L,E03,CJD-15-1-th,biological_sample,ok,failed,12,NA,12218,NA,12,NA,NA,NA
P102L,2021-02-18_SNV_P102L,E06,CJD-17-12-bg,biological_sample,ok,failed,13,NA,15918,NA,22,NA,NA,NA
P102L,2021-02-18_SNV_P102L,F06,CJD-17-12-fr,biological_sample,ok,failed,6,NA,15015,NA,21,NA,NA,NA
P102L,2021-02-18_SNV_P102L,G03,CJD-17-11-cb,biological_sample,ok,failed,7,NA,8430,NA,19,NA,NA,NA
P102L,2021-02-18_SNV_P102L,H03,CJD-17-12-th,biological_sample,ok,failed,19,NA,16555,NA,31,NA,NA,NA
P102L,2021-03-05_SNV_P102L,A03,NTC,NTC,ok,failed,0,NA,0,NA,2,NA,NA,NA
P102L,2021-03-05_SNV_P102L,A07,19-29-fr,biological_sample,ok,failed,11,NA,7851,NA,19,NA,NA,NA
P102L,2021-03-05_SNV_P102L,B03,WT,WT_control,ok,failed,9,NA,8768,NA,27,NA,NA,NA
P102L,2021-03-05_SNV_P102L,B07,15-27-fr,biological_sample,ok,failed,10,NA,9201,NA,22,NA,NA,NA
P102L,2021-03-05_SNV_P102L,C03,P102L-mut,positive_control,ok,failed,3936,NA,4033,NA,7,NA,NA,NA
P102L,2021-03-05_SNV_P102L,C07,17-34-cb,biological_sample,ok,failed,9,NA,7093,NA,21,NA,NA,NA
P102L,2021-03-05_SNV_P102L,D03,14-24-th,biological_sample,ok,failed,10,NA,7573,NA,34,NA,NA,NA
P102L,2021-03-05_SNV_P102L,E03,17-12-sn,biological_sample,ok,failed,12,NA,11622,NA,32,NA,NA,NA
P102L,2021-03-29_SNV_P102L,A03,NTC,NTC,ok,failed,0,NA,0,NA,9,NA,NA,NA
P102L,2021-03-29_SNV_P102L,A06,17-11-sn,biological_sample,ok,failed,23,NA,15460,NA,53,NA,NA,NA
P102L,2021-03-29_SNV_P102L,A12,14-2-hc,biological_sample,ok,failed,24,NA,15870,NA,24,NA,NA,NA
P102L,2021-03-29_SNV_P102L,B03,WT,WT_control,ok,failed,14,NA,11302,NA,20,NA,NA,NA
P102L,2021-03-29_SNV_P102L,B06,17-11-th,biological_sample,ok,failed,26,NA,14459,NA,41,NA,NA,NA
P102L,2021-03-29_SNV_P102L,B12,14-2-sn,biological_sample,ok,failed,27,NA,16418,NA,25,NA,NA,NA
P102L,2021-03-29_SNV_P102L,C03,P102L,positive_control,ok,failed,6324,NA,6307,NA,10,NA,NA,NA
P102L,2021-03-29_SNV_P102L,C06,17-12-cb,biological_sample,ok,failed,24,NA,14633,NA,27,NA,NA,NA
P102L,2021-03-29_SNV_P102L,C12,14-2-th,biological_sample,ok,failed,32,NA,17779,NA,20,NA,NA,NA
P102L,2021-03-29_SNV_P102L,D03,17-31-fr,biological_sample,ok,failed,25,NA,15167,NA,34,NA,NA,NA
P102L,2021-03-29_SNV_P102L,D06,17-12-hc,biological_sample,ok,failed,19,NA,14463,NA,35,NA,NA,NA
P102L,2021-03-29_SNV_P102L,D12,15-6-bg,biological_sample,ok,failed,28,NA,16607,NA,21,NA,NA,NA
P102L,2021-03-29_SNV_P102L,E03,18-1-sn,biological_sample,ok,failed,23,NA,15005,NA,61,NA,NA,NA
P102L,2021-03-29_SNV_P102L,E06,17-5-bg,biological_sample,ok,failed,13,NA,15435,NA,43,NA,NA,NA
P102L,2021-03-29_SNV_P102L,E12,15-6-cb,biological_sample,ok,failed,15,NA,15624,NA,21,NA,NA,NA
P102L,2021-03-29_SNV_P102L,F03,18-1-th,biological_sample,ok,failed,31,NA,16809,NA,21,NA,NA,NA
P102L,2021-03-29_SNV_P102L,F06,17-5-hc,biological_sample,ok,failed,23,NA,16142,NA,31,NA,NA,NA
P102L,2021-03-29_SNV_P102L,F12,15-6-fr,biological_sample,ok,failed,22,NA,15597,NA,23,NA,NA,NA
P102L,2021-03-29_SNV_P102L,G03,17-13-fr,biological_sample,ok,failed,22,NA,13965,NA,27,NA,NA,NA
P102L,2021-03-29_SNV_P102L,G06,17-5-sn,biological_sample,ok,failed,19,NA,14800,NA,38,NA,NA,NA
P102L,2021-03-29_SNV_P102L,G12,15-6-hc,biological_sample,ok,failed,26,NA,15811,NA,22,NA,NA,NA
P102L,2021-03-29_SNV_P102L,H03,17-13-th,biological_sample,ok,failed,20,NA,14390,NA,35,NA,NA,NA
P102L,2021-03-29_SNV_P102L,H06,17-8-hc,biological_sample,ok,failed,20,NA,15964,NA,71,NA,NA,NA
P102L,2021-03-29_SNV_P102L,H12,15-6-sn,biological_sample,ok,failed,29,NA,15459,NA,61,NA,NA,NA
P102L,2021-04-06_SNV_P102L,A03,NTC,NTC,ok,failed,0,NA,0,NA,7,NA,NA,NA
P102L,2021-04-06_SNV_P102L,A06,20-08-hc,biological_sample,ok,failed,12,NA,11584,NA,23,NA,NA,NA
P102L,2021-04-06_SNV_P102L,A09,17-8-sn,biological_sample,ok,failed,30,NA,14546,NA,24,NA,NA,NA
P102L,2021-04-06_SNV_P102L,B03,WT,WT_control,ok,failed,12,NA,10553,NA,25,NA,NA,NA
P102L,2021-04-06_SNV_P102L,B06,20-08-th,biological_sample,ok,failed,23,NA,11312,NA,20,NA,NA,NA
P102L,2021-04-06_SNV_P102L,B09,17-8-th,biological_sample,ok,failed,21,NA,14297,NA,28,NA,NA,NA
P102L,2021-04-06_SNV_P102L,C03,P102L,positive_control,ok,failed,7504,NA,7484,NA,12,NA,NA,NA
P102L,2021-04-06_SNV_P102L,C06,15-27-bg,biological_sample,ok,failed,12,NA,11583,NA,15,NA,NA,NA
P102L,2021-04-06_SNV_P102L,C09,17-34-bg,biological_sample,ok,failed,15,NA,13425,NA,16,NA,NA,NA
P102L,2021-04-06_SNV_P102L,D03,17-20-hc,biological_sample,ok,failed,14,NA,11957,NA,19,NA,NA,NA
P102L,2021-04-06_SNV_P102L,D06,15-27-cb,biological_sample,ok,failed,11,NA,13469,NA,32,NA,NA,NA
P102L,2021-04-06_SNV_P102L,D09,17-34-hc,biological_sample,ok,failed,10,NA,10267,NA,12,NA,NA,NA
P102L,2021-04-06_SNV_P102L,E03,15-6-th,biological_sample,ok,failed,19,NA,14075,NA,25,NA,NA,NA
P102L,2021-04-06_SNV_P102L,E06,15-27-pons,biological_sample,ok,failed,17,NA,12402,NA,104,NA,NA,NA
P102L,2021-04-06_SNV_P102L,E09,929474-th,biological_sample,ok,failed,20,NA,15139,NA,37,NA,NA,NA
P102L,2021-04-06_SNV_P102L,F03,18-6-sn,biological_sample,ok,failed,6,NA,6361,NA,12,NA,NA,NA
P102L,2021-04-06_SNV_P102L,F06,15-27-th,biological_sample,ok,failed,15,NA,12971,NA,86,NA,NA,NA
P102L,2021-04-06_SNV_P102L,F09,14-2-bg,biological_sample,ok,failed,21,NA,15691,NA,51,NA,NA,NA
P102L,2021-04-06_SNV_P102L,G06,15-1-hc,biological_sample,ok,failed,13,NA,12313,NA,72,NA,NA,NA
P102L,2021-04-06_SNV_P102L,G09,14-2-cb,biological_sample,ok,failed,11,NA,13055,NA,33,NA,NA,NA
P102L,2021-04-06_SNV_P102L,H06,15-1-sn,biological_sample,ok,failed,25,NA,12981,NA,116,NA,NA,NA
P102L,2021-04-06_SNV_P102L,H09,14-2-fr,biological_sample,ok,failed,13,NA,14732,NA,14,NA,NA,NA
P102L,2021-05-10_SNV_P102L,A03,NTC,NTC,ok,failed,0,NA,8,NA,8,NA,NA,NA
P102L,2021-05-10_SNV_P102L,A06,09-100-th,biological_sample,ok,failed,11,NA,9520,NA,27,NA,NA,NA
P102L,2021-05-10_SNV_P102L,A09,03-132-ce,biological_sample,ok,failed,19,NA,14654,NA,27,NA,NA,NA
P102L,2021-05-10_SNV_P102L,B03,WT,WT_control,ok,failed,17,NA,10556,NA,14,NA,NA,NA
P102L,2021-05-10_SNV_P102L,B06,03-112-cau,biological_sample,ok,failed,16,NA,11072,NA,22,NA,NA,NA
P102L,2021-05-10_SNV_P102L,B09,03-132-fc,biological_sample,ok,failed,28,NA,15894,NA,37,NA,NA,NA
P102L,2021-05-10_SNV_P102L,C03,P102L,positive_control,ok,failed,9997,NA,10019,NA,6,NA,NA,NA
P102L,2021-05-10_SNV_P102L,C06,03-112-ce,biological_sample,ok,failed,15,NA,14441,NA,34,NA,NA,NA
P102L,2021-05-10_SNV_P102L,C09,03-132-hip,biological_sample,ok,failed,24,NA,15298,NA,33,NA,NA,NA
P102L,2021-05-10_SNV_P102L,D03,09-100-cau,biological_sample,ok,failed,24,NA,16079,NA,37,NA,NA,NA
P102L,2021-05-10_SNV_P102L,D06,03-112-fc,biological_sample,ok,failed,26,NA,14961,NA,24,NA,NA,NA
P102L,2021-05-10_SNV_P102L,D09,03-132-mdb,biological_sample,ok,failed,24,NA,16460,NA,42,NA,NA,NA
P102L,2021-05-10_SNV_P102L,E03,09-100-ce,biological_sample,ok,failed,11,NA,13248,NA,30,NA,NA,NA
P102L,2021-05-10_SNV_P102L,E06,03-112-hip,biological_sample,ok,failed,20,NA,12048,NA,30,NA,NA,NA
P102L,2021-05-10_SNV_P102L,E09,03-132-th,biological_sample,ok,failed,25,NA,16335,NA,31,NA,NA,NA
P102L,2021-05-10_SNV_P102L,F03,09-100-fc,biological_sample,ok,failed,16,NA,16263,NA,29,NA,NA,NA
P102L,2021-05-10_SNV_P102L,F06,03-112-mdb,biological_sample,ok,failed,30,NA,14819,NA,23,NA,NA,NA
P102L,2021-05-10_SNV_P102L,F09,04-045-cau,biological_sample,ok,failed,28,NA,16600,NA,41,NA,NA,NA
P102L,2021-05-10_SNV_P102L,G03,09-100-hip,biological_sample,ok,failed,29,NA,15055,NA,20,NA,NA,NA
P102L,2021-05-10_SNV_P102L,G06,03-112-th,biological_sample,ok,failed,21,NA,15466,NA,27,NA,NA,NA
P102L,2021-05-10_SNV_P102L,G09,04-045-ce,biological_sample,ok,failed,11,NA,16201,NA,29,NA,NA,NA
P102L,2021-05-10_SNV_P102L,H03,09-100-mdb,biological_sample,ok,failed,28,NA,16479,NA,29,NA,NA,NA
P102L,2021-05-10_SNV_P102L,H06,03-132-cau,biological_sample,ok,failed,14,NA,11023,NA,41,NA,NA,NA
P102L,2021-05-10_SNV_P102L,H09,04-045-fc,biological_sample,ok,failed,21,NA,18130,NA,52,NA,NA,NA
P102L,2021-05-20_SNV_P102L,A03,NTC,NTC,ok,failed,0,NA,0,NA,0,NA,NA,NA
P102L,2021-05-20_SNV_P102L,A06,04-045-hip,biological_sample,ok,failed,19,NA,17476,NA,37,NA,NA,NA
P102L,2021-05-20_SNV_P102L,A09,20-357-th,biological_sample,ok,failed,12,NA,15864,NA,76,NA,NA,NA
P102L,2021-05-20_SNV_P102L,A12,929474-sn,biological_sample,ok,failed,16,NA,15862,NA,24,NA,NA,NA
P102L,2021-05-20_SNV_P102L,B03,WT,WT_control,ok,failed,8,NA,8183,NA,22,NA,NA,NA
P102L,2021-05-20_SNV_P102L,B06,04-045-mdb,biological_sample,ok,failed,19,NA,16922,NA,48,NA,NA,NA
P102L,2021-05-20_SNV_P102L,B09,20-169-cau,biological_sample,ok,failed,26,NA,15765,NA,58,NA,NA,NA
P102L,2021-05-20_SNV_P102L,C03,P102L,positive_control,ok,failed,10258,NA,10338,NA,20,NA,NA,NA
P102L,2021-05-20_SNV_P102L,C06,04-045-th,biological_sample,ok,failed,14,NA,17196,NA,36,NA,NA,NA
P102L,2021-05-20_SNV_P102L,C09,20-169-ce,biological_sample,ok,failed,19,NA,16098,NA,69,NA,NA,NA
P102L,2021-05-20_SNV_P102L,C12,13-21-th,biological_sample,ok,failed,9,NA,16450,NA,42,NA,NA,NA
P102L,2021-05-20_SNV_P102L,D03,19-082-ce,biological_sample,ok,failed,11,NA,15958,NA,42,NA,NA,NA
P102L,2021-05-20_SNV_P102L,D06,20-357-cau,biological_sample,ok,failed,12,NA,14291,NA,23,NA,NA,NA
P102L,2021-05-20_SNV_P102L,D09,20-169-fc,biological_sample,ok,failed,21,NA,15435,NA,30,NA,NA,NA
P102L,2021-05-20_SNV_P102L,D12,18-6-th,biological_sample,ok,failed,19,NA,12817,NA,32,NA,NA,NA
P102L,2021-05-20_SNV_P102L,E03,19-082-fc,biological_sample,ok,failed,14,NA,16291,NA,23,NA,NA,NA
P102L,2021-05-20_SNV_P102L,E06,20-357-ce,biological_sample,ok,failed,12,NA,15909,NA,24,NA,NA,NA
P102L,2021-05-20_SNV_P102L,E09,20-169-hip,biological_sample,ok,failed,20,NA,15941,NA,52,NA,NA,NA
P102L,2021-05-20_SNV_P102L,E12,238501-sn,biological_sample,ok,failed,18,NA,16945,NA,45,NA,NA,NA
P102L,2021-05-20_SNV_P102L,F03,19-082-hip,biological_sample,ok,failed,16,NA,14783,NA,28,NA,NA,NA
P102L,2021-05-20_SNV_P102L,F06,20-357-fc,biological_sample,ok,failed,20,NA,16784,NA,30,NA,NA,NA
P102L,2021-05-20_SNV_P102L,F09,20-169-mdb,biological_sample,ok,failed,27,NA,16119,NA,53,NA,NA,NA
P102L,2021-05-20_SNV_P102L,G03,19-082-mdb,biological_sample,ok,failed,16,NA,16556,NA,26,NA,NA,NA
P102L,2021-05-20_SNV_P102L,G06,20-357-hip,biological_sample,ok,failed,18,NA,16184,NA,27,NA,NA,NA
P102L,2021-05-20_SNV_P102L,G09,20-169-th,biological_sample,ok,failed,16,NA,14828,NA,34,NA,NA,NA
P102L,2021-05-20_SNV_P102L,H03,19-082-th,biological_sample,ok,failed,18,NA,15334,NA,35,NA,NA,NA
P102L,2021-05-20_SNV_P102L,H06,20-357-mdb,biological_sample,ok,failed,20,NA,16337,NA,39,NA,NA,NA
P102L,2021-05-20_SNV_P102L,H09,19-082-cau,biological_sample,ok,failed,26,NA,16588,NA,70,NA,NA,NA
P102L,2021-10-14_SNV_P102L,A03,NTC,NTC,ok,failed,0,NA,0,NA,12,NA,NA,NA
P102L,2021-10-14_SNV_P102L,B03,WT,WT_control,ok,failed,8,NA,10748,NA,48,NA,NA,NA
P102L,2021-10-14_SNV_P102L,C03,P102L-mut,positive_control,ok,failed,9086,NA,9189,NA,14,NA,NA,NA
P102L,2021-10-14_SNV_P102L,D03,13-21-cb,biological_sample,ok,failed,9,NA,14019,NA,18,NA,NA,NA
