method_id,method_family,assay,wt_control_rows,wt_control_lob_positive,wt_control_lod_positive,median_fractional_abundance
bayesian_control_mixture_hard_map,bayesian,D178N,2,0,0,0.0063293564476970526
bayesian_control_mixture_hard_map,bayesian,E200K,2,0,0,0.006328525312917034
bayesian_control_mixture_hard_map,bayesian,P102L,1,0,0,0.00852879818647439
bayesian_control_mixture_weighted,bayesian,D178N,2,0,0,0.008293421134131111
bayesian_control_mixture_weighted,bayesian,E200K,2,0,0,0.00698265953562694
bayesian_control_mixture_weighted,bayesian,P102L,1,0,0,0.008892861831878754
current_json_quanta_gating,current,D178N,2,0,0,0.03092983530553691
current_json_quanta_gating,current,E200K,2,0,0,0.038812896449758105
current_json_quanta_gating,current,P102L,1,0,0,0.05775547383321779
dPCP_control_projected,dPCP,D178N,2,0,1,0.07756849550862274
dPCP_control_projected,dPCP,E200K,2,0,0,0.045876333027436655
dPCP_control_projected,dPCP,P102L,1,0,0,0.0460525191574917
ddPCRclust_control_projected,ddPCRclust,D178N,2,0,1,0.07756849550862274
ddPCRclust_control_projected,ddPCRclust,E200K,2,0,0,0.045876333027436655
ddPCRclust_control_projected,ddPCRclust,P102L,1,0,0,0.0460525191574917
ddPCRclust_template_fast,ddPCRclust,D178N,1,0,0,0
ddPCRclust_template_fast,ddPCRclust,E200K,2,0,0,0
ddPCRclust_template_fast,ddPCRclust,P102L,1,0,0,0
ddPCRclust_template_native,ddPCRclust,D178N,1,0,0,0
ddpcRquant_0995,ddpcRquant,D178N,2,0,2,63.26523437334531
ddpcRquant_0995,ddpcRquant,E200K,2,0,2,99.8099751284704
ddpcRquant_0995,ddpcRquant,P102L,1,0,0,NA
ddpcRquant_0999,ddpcRquant,D178N,2,0,2,63.63552343106965
ddpcRquant_0999,ddpcRquant,E200K,2,0,2,94.28999308155207
ddpcRquant_0999,ddpcRquant,P102L,1,0,0,87.09748524569031
ddpcRquant_09995,ddpcRquant,D178N,2,0,2,63.74420326860985
ddpcRquant_09995,ddpcRquant,E200K,2,0,2,94.54972665284762
ddpcRquant_09995,ddpcRquant,P102L,1,0,1,94.11947485652026
definetherain_channel_combined,definetherain,D178N,2,0,1,0.10213237959295096
definetherain_channel_combined,definetherain,E200K,2,0,2,1.9145886871940117
definetherain_channel_combined,definetherain,P102L,1,0,1,3.9069710024191133
polygon_control_hull_gates,polygon_gates,D178N,2,0,1,0.07087811874214818
polygon_control_hull_gates,polygon_gates,E200K,2,0,0,0.037385329441093046
polygon_control_hull_gates,polygon_gates,P102L,1,0,0,0.048339673747067755
twoddpcr_kmeans_control_centres,twoddpcr,D178N,2,0,2,19.282685238372842
twoddpcr_kmeans_control_centres,twoddpcr,E200K,2,0,2,17.262311330554468
twoddpcr_kmeans_control_centres,twoddpcr,P102L,1,0,1,3.9413330948866596
twoddpcr_kmeans_control_mah_rain,twoddpcr,D178N,2,0,2,19.281982485989577
twoddpcr_kmeans_control_mah_rain,twoddpcr,E200K,2,0,2,17.24396529471512
twoddpcr_kmeans_control_mah_rain,twoddpcr,P102L,1,0,1,3.9438764660677355
twoddpcr_kmeans_native,twoddpcr,D178N,1,0,1,17.093651771190597
twoddpcr_kmeans_native,twoddpcr,P102L,1,0,1,3.982508300389837
twoddpcr_kmeans_native_mah_rain,twoddpcr,D178N,1,0,1,17.154806703657737
twoddpcr_kmeans_native_mah_rain,twoddpcr,P102L,1,0,1,3.9851358657566767
twoddpcr_knn_k11,twoddpcr,D178N,2,0,0,0.022920408433808402
twoddpcr_knn_k11,twoddpcr,E200K,2,0,1,0.0736137821005416
twoddpcr_knn_k11,twoddpcr,P102L,1,0,1,3.916203312746568
twoddpcr_knn_k11_mah_rain,twoddpcr,D178N,2,0,0,0.023056825211800178
twoddpcr_knn_k11_mah_rain,twoddpcr,E200K,2,0,1,0.07026047446428693
twoddpcr_knn_k11_mah_rain,twoddpcr,P102L,1,0,1,3.9166128769530406
twoddpcr_knn_k21,twoddpcr,D178N,2,0,0,0.018577380124214348
twoddpcr_knn_k21,twoddpcr,E200K,2,0,1,0.055188052463681664
twoddpcr_knn_k21,twoddpcr,P102L,1,0,1,3.91852892053341
twoddpcr_knn_k21_mah_rain,twoddpcr,D178N,2,0,0,0.01797532341761871
twoddpcr_knn_k21_mah_rain,twoddpcr,E200K,2,0,0,0.05129380823568636
twoddpcr_knn_k21_mah_rain,twoddpcr,P102L,1,0,1,3.9192676837967357
twoddpcr_knn_k3,twoddpcr,D178N,2,0,0,0.04954008855696122
twoddpcr_knn_k3,twoddpcr,E200K,2,0,1,0.10335941017327638
twoddpcr_knn_k3,twoddpcr,P102L,1,0,1,3.933778991876951
twoddpcr_knn_k3_mah_rain,twoddpcr,D178N,2,0,0,0.04997471369048362
twoddpcr_knn_k3_mah_rain,twoddpcr,E200K,2,0,1,0.10010951431387652
twoddpcr_knn_k3_mah_rain,twoddpcr,P102L,1,0,1,3.931191827979246
twoddpcr_knn_k5,twoddpcr,D178N,2,0,0,0.02475149335162987
twoddpcr_knn_k5,twoddpcr,E200K,2,0,1,0.10195432926839465
twoddpcr_knn_k5,twoddpcr,P102L,1,0,1,3.9342632679934715
twoddpcr_knn_k5_mah_rain,twoddpcr,D178N,2,0,0,0.0251587095388552
twoddpcr_knn_k5_mah_rain,twoddpcr,E200K,2,0,1,0.09928315921474526
twoddpcr_knn_k5_mah_rain,twoddpcr,P102L,1,0,1,3.932838049194229
