CHROM	POS	REF	BASE	COUNT	MEAN_BQ	MEAN_MQ	MEAN_POS	FWD	REV	FRAC	MMLQ	MEAN_READ_POS	FWD_BQ	REV_BQ	FRD	SB_RATIO
chr20	4699189	C	=	0	0.00	0.00	0.00	0	0	0.00	0.00	0.00	0	0.00	0.00	0.00
chr20	4699189	C	A	0	0.00	0.00	0.00	0	0	0.00	0.00	0.00	0	0.00	0.00	0.00
chr20	4699189	C	C	6670	60.00	19.36	0.24	3083	3587	0.50	0.00	12.27	3083	0.48	150.64	0.50
chr20	4699189	C	G	0	0.00	0.00	0.00	0	0	0.00	0.00	0.00	0	0.00	0.00	0.00
chr20	4699189	C	T	2	60.00	22.50	0.00	1	1	0.74	0.01	22.50	1	0.53	151.00	0.41
chr20	4699189	C	N	0	0.00	0.00	0.00	0	0	0.00	0.00	0.00	0	0.00	0.00	0.00
chr20	4699190	G	=	0	0.00	0.00	0.00	0	0	0.00	0.00	0.00	0	0.00	0.00	0.00
chr20	4699190	G	A	3423	60.00	22.83	0.18	1588	1835	0.50	0.01	23.48	1588	0.48	150.57	0.50
chr20	4699190	G	C	0	0.00	0.00	0.00	0	0	0.00	0.00	0.00	0	0.00	0.00	0.00
chr20	4699190	G	G	3234	60.00	17.33	0.30	1504	1730	0.50	0.00	0.64	1504	0.49	150.71	0.50
chr20	4699190	G	T	1	60.00	29.00	0.00	0	1	0.00	0.01	29.00	0	0.00	151.00	0.00
chr20	4699190	G	N	0	0.00	0.00	0.00	0	0	0.00	0.00	0.00	0	0.00	0.00	0.00
