marker_id	chromosome	position	ref	alt	category	dbsnp_id	vcf_filter	reference_match	donor_gt	donor_gq	donor_dp	donor_ad	donor_ref_count	donor_alt_count	donor_af	wt_gt	wt_gq	wt_dp	wt_ad	wt_ref_count	wt_alt_count	wt_af	candidate_qc_pass	qc_reasons	validation_status
chr2:178740453:C>T	chr2	178740453	C	T	other_snp	NA	.	True	0/1	99	7473	3794,3679	3794	3679	0.492305633614345	0/0	99	1124	1124,0	1124	0	0.0	True	none	pending_pure_read_counts
chr20:4686688:G>C	chr20	4686688	G	C	other_snp	NA	.	True	0/1	99	1428	678,750	678	750	0.5252100840336135	0/1	99	1135	556,579	556	579	0.5101321585903084	False	wt_gt;wt_alt_support	excluded
chr20:4687183:T>C	chr20	4687183	T	C	other_snp	NA	.	True	0/1	99	482	278,204	278	204	0.42323651452282157	0/1	99	478	271,207	271	207	0.4330543933054393	False	wt_gt;wt_alt_support	excluded
chr20:4687589:AT>A	chr20	4687589	AT	A	excluded_variant	NA	.	True	0/1	99	5887	2883,2989	2883	2989	0.5090258855585831	0/1	99	5252	2582,2653	2582	2653	0.5067812798471825	False	not_biallelic_snv;wt_gt;wt_alt_support	excluded
chr20:4688888:G>A	chr20	4688888	G	A	other_snp	NA	.	True	0/1	99	6532	3252,3280	3252	3280	0.5021432945499081	0/0	99	3401	3401,0	3401	0	0.0	True	none	pending_pure_read_counts
chr20:4690462:T>C	chr20	4690462	T	C	other_snp	NA	.	True	0/0	99	3855	3855,0	3855	0	0.0	0/1	99	5738	2930,2808	2930	2808	0.4893691181596375	False	donor_gt;wt_gt;donor_alt_count;wt_alt_support	excluded
chr20:4690579:T>G	chr20	4690579	T	G	other_snp	NA	.	True	0/1	99	5475	2765,2710	2765	2710	0.4949771689497717	0/1	99	4769	2459,2308	2459	2308	0.4841619467170128	False	wt_gt;wt_alt_support	excluded
chr20:4690735:T>G	chr20	4690735	T	G	other_snp	NA	.	True	0/1	99	4484	2336,2148	2336	2148	0.4790365744870651	0/0	99	2895	2895,0	2895	0	0.0	True	none	pending_pure_read_counts
chr20:4691629:A>G	chr20	4691629	A	G	other_snp	NA	.	True	0/0	99	4492	4492,0	4492	0	0.0	0/1	99	7014	3503,3511	3503	3511	0.5005702879954377	False	donor_gt;wt_gt;donor_alt_count;wt_alt_support	excluded
chr20:4691661:C>T	chr20	4691661	C	T	other_snp	NA	.	True	0/0	99	4492	4492,0	4492	0	0.0	0/1	99	6941	3498,3443	3498	3443	0.4960380348652932	False	donor_gt;wt_gt;donor_alt_count;wt_alt_support	excluded
chr20:4691733:G>A	chr20	4691733	G	A	other_snp	NA	.	True	0/0	99	4492	4492,0	4492	0	0.0	0/1	99	6855	3425,3430	3425	3430	0.50036469730124	False	donor_gt;wt_gt;donor_alt_count;wt_alt_support	excluded
chr20:4692032:C>T	chr20	4692032	C	T	other_snp	NA	.	True	0/0	99	4492	4492,0	4492	0	0.0	0/1	99	5769	3131,2638	3131	2638	0.45727162419830125	False	donor_gt;wt_gt;donor_alt_count;wt_alt_support	excluded
chr20:4692068:G>T	chr20	4692068	G	T	other_snp	NA	.	True	0/0	99	4492	4492,0	4492	0	0.0	0/1	99	5603	3103,2500	3103	2500	0.44618954131715155	False	donor_gt;wt_gt;donor_alt_count;wt_alt_support	excluded
chr20:4692113:G>A	chr20	4692113	G	A	other_snp	NA	.	True	0/0	99	4492	4492,0	4492	0	0.0	0/1	99	5177	2946,2231	2946	2231	0.4309445624879274	False	donor_gt;wt_gt;donor_alt_count;wt_alt_support	excluded
chr20:4692170:A>G	chr20	4692170	A	G	other_snp	NA	.	True	0/1	99	5638	3040,2598	3040	2598	0.46080170273146503	0/1	99	4888	2828,2060	2828	2060	0.4214402618657938	False	wt_gt;wt_alt_support	excluded
chr20:4692377:G>C	chr20	4692377	G	C	other_snp	NA	.	True	0/0	99	4695	4695,0	4695	0	0.0	0|1	99	5258	2814,2444	2814	2444	0.46481551920882463	False	donor_gt;wt_gt;donor_alt_count;wt_alt_support	excluded
chr20:4692387:T>C	chr20	4692387	T	C	other_snp	NA	.	True	0/0	99	4695	4695,0	4695	0	0.0	0|1	99	5283	2830,2453	2830	2453	0.4643195154268408	False	donor_gt;wt_gt;donor_alt_count;wt_alt_support	excluded
chr20:4692388:G>A	chr20	4692388	G	A	other_snp	NA	.	True	0/0	99	4695	4695,0	4695	0	0.0	0|1	99	5252	2811,2441	2811	2441	0.46477532368621477	False	donor_gt;wt_gt;donor_alt_count;wt_alt_support	excluded
chr20:4692684:C>CTTT	chr20	4692684	C	CTTT	excluded_variant	NA	.	True	0/0	99	4695	4695,0	4695	0	0.0	0/1	99	4156	2187,1969	2187	1969	0.4737728585178056	False	not_biallelic_snv;donor_gt;wt_gt;donor_alt_count;wt_alt_support	excluded
chr20:4693455:G>A	chr20	4693455	G	A	other_snp	NA	.	True	0/1	99	5336	2697,2639	2697	2639	0.4945652173913043	0/0	99	1581	1581,0	1581	0	0.0	True	none	pending_pure_read_counts
chr20:4693942:CA>C	chr20	4693942	CA	C	excluded_variant	NA	.	True	0/1	99	2117	1644,295	1644	295	0.1521402784940691	0/1	99	1480	1092,182	1092	182	0.14285714285714285	False	not_biallelic_snv;wt_gt;donor_heterozygous_balance;wt_alt_support	excluded
chr20:4694082:AG>A	chr20	4694082	AG	A	excluded_variant	NA	.	True	0/1	99	2366	1649,717	1649	717	0.30304311073541845	0/1	99	1842	1605,237	1605	237	0.12866449511400652	False	not_biallelic_snv;wt_gt;wt_alt_support	excluded
chr20:4694083:G>*,A	chr20	4694083	G	*,A	excluded_variant	NA	.	True	0/1	99	2495	1169,990,61	NA	NA	NA	0/2	99	1787	820,303,436	NA	NA	NA	False	not_biallelic_snv;wt_gt;donor_ad_unavailable;wt_ad_unavailable	excluded
chr20:4694509:A>T	chr20	4694509	A	T	other_snp	NA	.	True	0/0	99	1469	1469,0	1469	0	0.0	0/1	99	1588	924,664	924	664	0.4181360201511335	False	donor_gt;wt_gt;donor_alt_count;wt_alt_support	excluded
chr20:4699190:G>A	chr20	4699190	G	A	other_snp	NA	.	True	0/1	99	6659	3232,3427	3232	3427	0.5146418381138309	0/0	99	971	971,0	971	0	0.0	True	none	pending_pure_read_counts
chr20:4699570:C>T	chr20	4699570	C	T	a117v_positive_control	rs74315402	.	True	0/1	99	5912	3068,2844	3068	2844	0.4810554803788904	0/0	99	971	971,0	971	0	0.0	True	none	pending_pure_read_counts
chr20:4699571:A>G	chr20	4699571	A	G	other_snp	NA	.	True	0/1	99	5908	3064,2844	3064	2844	0.4813811780636425	0/0	99	971	971,0	971	0	0.0	True	none	pending_pure_read_counts
chr20:4699605:A>G	chr20	4699605	A	G	other_snp	NA	.	True	0/1	99	6020	3150,2870	3150	2870	0.47674418604651164	0/1	99	5432	2741,2691	2741	2691	0.4953976435935199	False	wt_gt;wt_alt_support	excluded
chr20:4700664:A>G	chr20	4700664	A	G	other_snp	NA	.	True	0/1	99	7076	3628,3448	3628	3448	0.48728094968908986	0/0	99	1360	1360,0	1360	0	0.0	True	none	pending_pure_read_counts
chr4:105235337:A>G	chr4	105235337	A	G	other_snp	NA	.	True	0/1	99	6849	3421,3428	3421	3428	0.5005110235070813	0/0	99	2072	2072,0	2072	0	0.0	True	none	pending_pure_read_counts
