run_id,run_date,assay,lod_merged_well,physical_well,sample,lod_fraction,accepted_droplets,positives,negatives,fractional_abundance,source_layout,source_analysis_csv,archive_contents_dir,well_index,x_min,x_max,y_min,y_max
2020-09-11_SNV_D178N,2020-09-11,D178N,M01,A01,NTC,NTC,7092,0,7092,NA,/mnt/c/Projects/prnp-somatic/raw/ddpcr_lod/d178n/layout_xlsx/2020-09-11_SNV_D178N_layout.xlsx,/mnt/c/Projects/prnp-somatic/raw/ddpcr_lod/d178n/analysis_csv/2020-09-11_SNV_D178N_lod_analysis.csv,/mnt/c/Projects/prnp-somatic/raw/ddpcr_lod/d178n/archive_contents,1,-500,13500,0,25000
2020-09-11_SNV_D178N,2020-09-11,D178N,M01,A02,NTC,NTC,7092,0,7092,NA,/mnt/c/Projects/prnp-somatic/raw/ddpcr_lod/d178n/layout_xlsx/2020-09-11_SNV_D178N_layout.xlsx,/mnt/c/Projects/prnp-somatic/raw/ddpcr_lod/d178n/analysis_csv/2020-09-11_SNV_D178N_lod_analysis.csv,/mnt/c/Projects/prnp-somatic/raw/ddpcr_lod/d178n/archive_contents,2,-500,13500,0,25000
2020-09-11_SNV_D178N,2020-09-11,D178N,M02,C01,D178N_1,1,22879,601,22278,1.205880235,/mnt/c/Projects/prnp-somatic/raw/ddpcr_lod/d178n/layout_xlsx/2020-09-11_SNV_D178N_layout.xlsx,/mnt/c/Projects/prnp-somatic/raw/ddpcr_lod/d178n/analysis_csv/2020-09-11_SNV_D178N_lod_analysis.csv,/mnt/c/Projects/prnp-somatic/raw/ddpcr_lod/d178n/archive_contents,3,-500,13500,0,25000
2020-09-11_SNV_D178N,2020-09-11,D178N,M02,C02,D178N_1,1,22879,601,22278,1.205880235,/mnt/c/Projects/prnp-somatic/raw/ddpcr_lod/d178n/layout_xlsx/2020-09-11_SNV_D178N_layout.xlsx,/mnt/c/Projects/prnp-somatic/raw/ddpcr_lod/d178n/analysis_csv/2020-09-11_SNV_D178N_lod_analysis.csv,/mnt/c/Projects/prnp-somatic/raw/ddpcr_lod/d178n/archive_contents,4,-500,13500,0,25000
2020-09-11_SNV_D178N,2020-09-11,D178N,M03,D01,D178N_0.33,0.33,23707,156,23551,0.314932708,/mnt/c/Projects/prnp-somatic/raw/ddpcr_lod/d178n/layout_xlsx/2020-09-11_SNV_D178N_layout.xlsx,/mnt/c/Projects/prnp-somatic/raw/ddpcr_lod/d178n/analysis_csv/2020-09-11_SNV_D178N_lod_analysis.csv,/mnt/c/Projects/prnp-somatic/raw/ddpcr_lod/d178n/archive_contents,5,-500,13500,0,25000
2020-09-11_SNV_D178N,2020-09-11,D178N,M03,D02,D178N_0.33,0.33,23707,156,23551,0.314932708,/mnt/c/Projects/prnp-somatic/raw/ddpcr_lod/d178n/layout_xlsx/2020-09-11_SNV_D178N_layout.xlsx,/mnt/c/Projects/prnp-somatic/raw/ddpcr_lod/d178n/analysis_csv/2020-09-11_SNV_D178N_lod_analysis.csv,/mnt/c/Projects/prnp-somatic/raw/ddpcr_lod/d178n/archive_contents,6,-500,13500,0,25000
2020-09-11_SNV_D178N,2020-09-11,D178N,M04,E01,D178N_0.1,0.1,46272,178,46094,0.174528831,/mnt/c/Projects/prnp-somatic/raw/ddpcr_lod/d178n/layout_xlsx/2020-09-11_SNV_D178N_layout.xlsx,/mnt/c/Projects/prnp-somatic/raw/ddpcr_lod/d178n/analysis_csv/2020-09-11_SNV_D178N_lod_analysis.csv,/mnt/c/Projects/prnp-somatic/raw/ddpcr_lod/d178n/archive_contents,7,-500,13500,0,25000
2020-09-11_SNV_D178N,2020-09-11,D178N,M04,E02,D178N_0.1,0.1,46272,178,46094,0.174528831,/mnt/c/Projects/prnp-somatic/raw/ddpcr_lod/d178n/layout_xlsx/2020-09-11_SNV_D178N_layout.xlsx,/mnt/c/Projects/prnp-somatic/raw/ddpcr_lod/d178n/analysis_csv/2020-09-11_SNV_D178N_lod_analysis.csv,/mnt/c/Projects/prnp-somatic/raw/ddpcr_lod/d178n/archive_contents,8,-500,13500,0,25000
2020-09-11_SNV_D178N,2020-09-11,D178N,M04,F01,D178N_0.1,0.1,46272,178,46094,0.174528831,/mnt/c/Projects/prnp-somatic/raw/ddpcr_lod/d178n/layout_xlsx/2020-09-11_SNV_D178N_layout.xlsx,/mnt/c/Projects/prnp-somatic/raw/ddpcr_lod/d178n/analysis_csv/2020-09-11_SNV_D178N_lod_analysis.csv,/mnt/c/Projects/prnp-somatic/raw/ddpcr_lod/d178n/archive_contents,9,-500,13500,0,25000
2020-09-11_SNV_D178N,2020-09-11,D178N,M04,F02,D178N_0.1,0.1,46272,178,46094,0.174528831,/mnt/c/Projects/prnp-somatic/raw/ddpcr_lod/d178n/layout_xlsx/2020-09-11_SNV_D178N_layout.xlsx,/mnt/c/Projects/prnp-somatic/raw/ddpcr_lod/d178n/analysis_csv/2020-09-11_SNV_D178N_lod_analysis.csv,/mnt/c/Projects/prnp-somatic/raw/ddpcr_lod/d178n/archive_contents,10,-500,13500,0,25000
2020-09-11_SNV_D178N,2020-09-11,D178N,M05,B02,WT-2000cpm,WT-2000cpm,13062,3,13059,0.010086661,/mnt/c/Projects/prnp-somatic/raw/ddpcr_lod/d178n/layout_xlsx/2020-09-11_SNV_D178N_layout.xlsx,/mnt/c/Projects/prnp-somatic/raw/ddpcr_lod/d178n/analysis_csv/2020-09-11_SNV_D178N_lod_analysis.csv,/mnt/c/Projects/prnp-somatic/raw/ddpcr_lod/d178n/archive_contents,11,-500,13500,0,25000
2020-09-11_SNV_D178N,2020-09-11,D178N,M06,G02,D178N_0.05,0.05,13726,18,13708,0.055699355,/mnt/c/Projects/prnp-somatic/raw/ddpcr_lod/d178n/layout_xlsx/2020-09-11_SNV_D178N_layout.xlsx,/mnt/c/Projects/prnp-somatic/raw/ddpcr_lod/d178n/analysis_csv/2020-09-11_SNV_D178N_lod_analysis.csv,/mnt/c/Projects/prnp-somatic/raw/ddpcr_lod/d178n/archive_contents,12,-500,13500,0,25000
2020-10-08_SNV_E200K,2020-10-08,E200K,M01,A01,E200K_NTC,NTC,23746,0,23746,NA,/mnt/c/Projects/prnp-somatic/raw/ddpcr_lod/e200k/layout_xlsx/2020-10-08_SNV_E200K_layout.xlsx,/mnt/c/Projects/prnp-somatic/raw/ddpcr_lod/e200k/analysis_csv/2020-10-08_SNV_E200K_lod_analysis.csv,/mnt/c/Projects/prnp-somatic/raw/ddpcr_lod/e200k/archive_contents,13,-500,11000,0,29500
2020-10-08_SNV_E200K,2020-10-08,E200K,M01,A02,E200K_NTC,NTC,23746,0,23746,NA,/mnt/c/Projects/prnp-somatic/raw/ddpcr_lod/e200k/layout_xlsx/2020-10-08_SNV_E200K_layout.xlsx,/mnt/c/Projects/prnp-somatic/raw/ddpcr_lod/e200k/analysis_csv/2020-10-08_SNV_E200K_lod_analysis.csv,/mnt/c/Projects/prnp-somatic/raw/ddpcr_lod/e200k/archive_contents,14,-500,11000,0,29500
2020-10-08_SNV_E200K,2020-10-08,E200K,M02,B01,E200K_WT,WT,25239,6,25233,0.012142622,/mnt/c/Projects/prnp-somatic/raw/ddpcr_lod/e200k/layout_xlsx/2020-10-08_SNV_E200K_layout.xlsx,/mnt/c/Projects/prnp-somatic/raw/ddpcr_lod/e200k/analysis_csv/2020-10-08_SNV_E200K_lod_analysis.csv,/mnt/c/Projects/prnp-somatic/raw/ddpcr_lod/e200k/archive_contents,15,-500,11000,0,29500
2020-10-08_SNV_E200K,2020-10-08,E200K,M02,B02,E200K_WT,WT,25239,6,25233,0.012142622,/mnt/c/Projects/prnp-somatic/raw/ddpcr_lod/e200k/layout_xlsx/2020-10-08_SNV_E200K_layout.xlsx,/mnt/c/Projects/prnp-somatic/raw/ddpcr_lod/e200k/analysis_csv/2020-10-08_SNV_E200K_lod_analysis.csv,/mnt/c/Projects/prnp-somatic/raw/ddpcr_lod/e200k/archive_contents,16,-500,11000,0,29500
2020-10-08_SNV_E200K,2020-10-08,E200K,M03,C01,E200K_1,1,24811,532,24279,1.057012175,/mnt/c/Projects/prnp-somatic/raw/ddpcr_lod/e200k/layout_xlsx/2020-10-08_SNV_E200K_layout.xlsx,/mnt/c/Projects/prnp-somatic/raw/ddpcr_lod/e200k/analysis_csv/2020-10-08_SNV_E200K_lod_analysis.csv,/mnt/c/Projects/prnp-somatic/raw/ddpcr_lod/e200k/archive_contents,17,-500,11000,0,29500
2020-10-08_SNV_E200K,2020-10-08,E200K,M03,C02,E200K_1,1,24811,532,24279,1.057012175,/mnt/c/Projects/prnp-somatic/raw/ddpcr_lod/e200k/layout_xlsx/2020-10-08_SNV_E200K_layout.xlsx,/mnt/c/Projects/prnp-somatic/raw/ddpcr_lod/e200k/analysis_csv/2020-10-08_SNV_E200K_lod_analysis.csv,/mnt/c/Projects/prnp-somatic/raw/ddpcr_lod/e200k/archive_contents,18,-500,11000,0,29500
2020-10-08_SNV_E200K,2020-10-08,E200K,M04,D01,E200K_0.33,0.33,25176,174,25002,0.330384935,/mnt/c/Projects/prnp-somatic/raw/ddpcr_lod/e200k/layout_xlsx/2020-10-08_SNV_E200K_layout.xlsx,/mnt/c/Projects/prnp-somatic/raw/ddpcr_lod/e200k/analysis_csv/2020-10-08_SNV_E200K_lod_analysis.csv,/mnt/c/Projects/prnp-somatic/raw/ddpcr_lod/e200k/archive_contents,19,-500,11000,0,29500
2020-10-08_SNV_E200K,2020-10-08,E200K,M04,D02,E200K_0.33,0.33,25176,174,25002,0.330384935,/mnt/c/Projects/prnp-somatic/raw/ddpcr_lod/e200k/layout_xlsx/2020-10-08_SNV_E200K_layout.xlsx,/mnt/c/Projects/prnp-somatic/raw/ddpcr_lod/e200k/analysis_csv/2020-10-08_SNV_E200K_lod_analysis.csv,/mnt/c/Projects/prnp-somatic/raw/ddpcr_lod/e200k/archive_contents,20,-500,11000,0,29500
2020-10-08_SNV_E200K,2020-10-08,E200K,M05,E01,E200K_0.1,0.1,53203,149,53054,0.118910205,/mnt/c/Projects/prnp-somatic/raw/ddpcr_lod/e200k/layout_xlsx/2020-10-08_SNV_E200K_layout.xlsx,/mnt/c/Projects/prnp-somatic/raw/ddpcr_lod/e200k/analysis_csv/2020-10-08_SNV_E200K_lod_analysis.csv,/mnt/c/Projects/prnp-somatic/raw/ddpcr_lod/e200k/archive_contents,21,-500,11000,0,29500
2020-10-08_SNV_E200K,2020-10-08,E200K,M05,E02,E200K_0.1,0.1,53203,149,53054,0.118910205,/mnt/c/Projects/prnp-somatic/raw/ddpcr_lod/e200k/layout_xlsx/2020-10-08_SNV_E200K_layout.xlsx,/mnt/c/Projects/prnp-somatic/raw/ddpcr_lod/e200k/analysis_csv/2020-10-08_SNV_E200K_lod_analysis.csv,/mnt/c/Projects/prnp-somatic/raw/ddpcr_lod/e200k/archive_contents,22,-500,11000,0,29500
2020-10-08_SNV_E200K,2020-10-08,E200K,M05,F01,E200K_0.1,0.1,53203,149,53054,0.118910205,/mnt/c/Projects/prnp-somatic/raw/ddpcr_lod/e200k/layout_xlsx/2020-10-08_SNV_E200K_layout.xlsx,/mnt/c/Projects/prnp-somatic/raw/ddpcr_lod/e200k/analysis_csv/2020-10-08_SNV_E200K_lod_analysis.csv,/mnt/c/Projects/prnp-somatic/raw/ddpcr_lod/e200k/archive_contents,23,-500,11000,0,29500
2020-10-08_SNV_E200K,2020-10-08,E200K,M05,F02,E200K_0.1,0.1,53203,149,53054,0.118910205,/mnt/c/Projects/prnp-somatic/raw/ddpcr_lod/e200k/layout_xlsx/2020-10-08_SNV_E200K_layout.xlsx,/mnt/c/Projects/prnp-somatic/raw/ddpcr_lod/e200k/analysis_csv/2020-10-08_SNV_E200K_lod_analysis.csv,/mnt/c/Projects/prnp-somatic/raw/ddpcr_lod/e200k/archive_contents,24,-500,11000,0,29500
2020-10-08_SNV_E200K,2020-10-08,E200K,M06,G01,E200K_0.05,0.05,53456,86,53370,0.066895942,/mnt/c/Projects/prnp-somatic/raw/ddpcr_lod/e200k/layout_xlsx/2020-10-08_SNV_E200K_layout.xlsx,/mnt/c/Projects/prnp-somatic/raw/ddpcr_lod/e200k/analysis_csv/2020-10-08_SNV_E200K_lod_analysis.csv,/mnt/c/Projects/prnp-somatic/raw/ddpcr_lod/e200k/archive_contents,25,-500,11000,0,29500
2020-10-08_SNV_E200K,2020-10-08,E200K,M06,G02,E200K_0.05,0.05,53456,86,53370,0.066895942,/mnt/c/Projects/prnp-somatic/raw/ddpcr_lod/e200k/layout_xlsx/2020-10-08_SNV_E200K_layout.xlsx,/mnt/c/Projects/prnp-somatic/raw/ddpcr_lod/e200k/analysis_csv/2020-10-08_SNV_E200K_lod_analysis.csv,/mnt/c/Projects/prnp-somatic/raw/ddpcr_lod/e200k/archive_contents,26,-500,11000,0,29500
2020-10-08_SNV_E200K,2020-10-08,E200K,M06,H01,E200K_0.05,0.05,53456,86,53370,0.066895942,/mnt/c/Projects/prnp-somatic/raw/ddpcr_lod/e200k/layout_xlsx/2020-10-08_SNV_E200K_layout.xlsx,/mnt/c/Projects/prnp-somatic/raw/ddpcr_lod/e200k/analysis_csv/2020-10-08_SNV_E200K_lod_analysis.csv,/mnt/c/Projects/prnp-somatic/raw/ddpcr_lod/e200k/archive_contents,27,-500,11000,0,29500
2020-10-08_SNV_E200K,2020-10-08,E200K,M06,H02,E200K_0.05,0.05,53456,86,53370,0.066895942,/mnt/c/Projects/prnp-somatic/raw/ddpcr_lod/e200k/layout_xlsx/2020-10-08_SNV_E200K_layout.xlsx,/mnt/c/Projects/prnp-somatic/raw/ddpcr_lod/e200k/analysis_csv/2020-10-08_SNV_E200K_lod_analysis.csv,/mnt/c/Projects/prnp-somatic/raw/ddpcr_lod/e200k/archive_contents,28,-500,11000,0,29500
2021-01-25_SNV_P102L,2021-01-25,P102L,M01,A01,NTC,NTC,29652,0,29652,NA,/mnt/c/Projects/prnp-somatic/raw/ddpcr_lod/p102l/layout_xlsx/2021-01-25_SNV_P102L_layout.xlsx,/mnt/c/Projects/prnp-somatic/raw/ddpcr_lod/p102l/analysis_csv/2021-01-25_SNV_P102L_lod_analysis.csv,/mnt/c/Projects/prnp-somatic/raw/ddpcr_lod/p102l/archive_contents,29,0,9000,0,12000
2021-01-25_SNV_P102L,2021-01-25,P102L,M01,A02,NTC,NTC,29652,0,29652,NA,/mnt/c/Projects/prnp-somatic/raw/ddpcr_lod/p102l/layout_xlsx/2021-01-25_SNV_P102L_layout.xlsx,/mnt/c/Projects/prnp-somatic/raw/ddpcr_lod/p102l/analysis_csv/2021-01-25_SNV_P102L_lod_analysis.csv,/mnt/c/Projects/prnp-somatic/raw/ddpcr_lod/p102l/archive_contents,30,0,9000,0,12000
2021-01-25_SNV_P102L,2021-01-25,P102L,M02,B01,WT-high,WT,22130,23,22107,0.066005597,/mnt/c/Projects/prnp-somatic/raw/ddpcr_lod/p102l/layout_xlsx/2021-01-25_SNV_P102L_layout.xlsx,/mnt/c/Projects/prnp-somatic/raw/ddpcr_lod/p102l/analysis_csv/2021-01-25_SNV_P102L_lod_analysis.csv,/mnt/c/Projects/prnp-somatic/raw/ddpcr_lod/p102l/archive_contents,31,0,9000,0,12000
2021-01-25_SNV_P102L,2021-01-25,P102L,M02,B02,WT-high,WT,22130,23,22107,0.066005597,/mnt/c/Projects/prnp-somatic/raw/ddpcr_lod/p102l/layout_xlsx/2021-01-25_SNV_P102L_layout.xlsx,/mnt/c/Projects/prnp-somatic/raw/ddpcr_lod/p102l/analysis_csv/2021-01-25_SNV_P102L_lod_analysis.csv,/mnt/c/Projects/prnp-somatic/raw/ddpcr_lod/p102l/archive_contents,32,0,9000,0,12000
2021-01-25_SNV_P102L,2021-01-25,P102L,M03,C01,P102L-mut_1,1,27914,643,27271,1.419062787,/mnt/c/Projects/prnp-somatic/raw/ddpcr_lod/p102l/layout_xlsx/2021-01-25_SNV_P102L_layout.xlsx,/mnt/c/Projects/prnp-somatic/raw/ddpcr_lod/p102l/analysis_csv/2021-01-25_SNV_P102L_lod_analysis.csv,/mnt/c/Projects/prnp-somatic/raw/ddpcr_lod/p102l/archive_contents,33,0,9000,0,12000
2021-01-25_SNV_P102L,2021-01-25,P102L,M03,C02,P102L-mut_1,1,27914,643,27271,1.419062787,/mnt/c/Projects/prnp-somatic/raw/ddpcr_lod/p102l/layout_xlsx/2021-01-25_SNV_P102L_layout.xlsx,/mnt/c/Projects/prnp-somatic/raw/ddpcr_lod/p102l/analysis_csv/2021-01-25_SNV_P102L_lod_analysis.csv,/mnt/c/Projects/prnp-somatic/raw/ddpcr_lod/p102l/archive_contents,34,0,9000,0,12000
2021-01-25_SNV_P102L,2021-01-25,P102L,M04,D01,P102L-mut_0.33,0.33,28280,257,28023,0.486913379,/mnt/c/Projects/prnp-somatic/raw/ddpcr_lod/p102l/layout_xlsx/2021-01-25_SNV_P102L_layout.xlsx,/mnt/c/Projects/prnp-somatic/raw/ddpcr_lod/p102l/analysis_csv/2021-01-25_SNV_P102L_lod_analysis.csv,/mnt/c/Projects/prnp-somatic/raw/ddpcr_lod/p102l/archive_contents,35,0,9000,0,12000
2021-01-25_SNV_P102L,2021-01-25,P102L,M04,D02,P102L-mut_0.33,0.33,28280,257,28023,0.486913379,/mnt/c/Projects/prnp-somatic/raw/ddpcr_lod/p102l/layout_xlsx/2021-01-25_SNV_P102L_layout.xlsx,/mnt/c/Projects/prnp-somatic/raw/ddpcr_lod/p102l/analysis_csv/2021-01-25_SNV_P102L_lod_analysis.csv,/mnt/c/Projects/prnp-somatic/raw/ddpcr_lod/p102l/archive_contents,36,0,9000,0,12000
2021-01-25_SNV_P102L,2021-01-25,P102L,M05,E01,P102L-mut_0.1,0.1,58993,174,58819,0.182124002,/mnt/c/Projects/prnp-somatic/raw/ddpcr_lod/p102l/layout_xlsx/2021-01-25_SNV_P102L_layout.xlsx,/mnt/c/Projects/prnp-somatic/raw/ddpcr_lod/p102l/analysis_csv/2021-01-25_SNV_P102L_lod_analysis.csv,/mnt/c/Projects/prnp-somatic/raw/ddpcr_lod/p102l/archive_contents,37,0,9000,0,12000
2021-01-25_SNV_P102L,2021-01-25,P102L,M05,E02,P102L-mut_0.1,0.1,58993,174,58819,0.182124002,/mnt/c/Projects/prnp-somatic/raw/ddpcr_lod/p102l/layout_xlsx/2021-01-25_SNV_P102L_layout.xlsx,/mnt/c/Projects/prnp-somatic/raw/ddpcr_lod/p102l/analysis_csv/2021-01-25_SNV_P102L_lod_analysis.csv,/mnt/c/Projects/prnp-somatic/raw/ddpcr_lod/p102l/archive_contents,38,0,9000,0,12000
2021-01-25_SNV_P102L,2021-01-25,P102L,M05,F01,P102L-mut_0.1,0.1,58993,174,58819,0.182124002,/mnt/c/Projects/prnp-somatic/raw/ddpcr_lod/p102l/layout_xlsx/2021-01-25_SNV_P102L_layout.xlsx,/mnt/c/Projects/prnp-somatic/raw/ddpcr_lod/p102l/analysis_csv/2021-01-25_SNV_P102L_lod_analysis.csv,/mnt/c/Projects/prnp-somatic/raw/ddpcr_lod/p102l/archive_contents,39,0,9000,0,12000
2021-01-25_SNV_P102L,2021-01-25,P102L,M05,F02,P102L-mut_0.1,0.1,58993,174,58819,0.182124002,/mnt/c/Projects/prnp-somatic/raw/ddpcr_lod/p102l/layout_xlsx/2021-01-25_SNV_P102L_layout.xlsx,/mnt/c/Projects/prnp-somatic/raw/ddpcr_lod/p102l/analysis_csv/2021-01-25_SNV_P102L_lod_analysis.csv,/mnt/c/Projects/prnp-somatic/raw/ddpcr_lod/p102l/archive_contents,40,0,9000,0,12000
2021-01-25_SNV_P102L,2021-01-25,P102L,M06,G01,P102L-mut_0.05,0.05,59896,139,59757,0.126892705,/mnt/c/Projects/prnp-somatic/raw/ddpcr_lod/p102l/layout_xlsx/2021-01-25_SNV_P102L_layout.xlsx,/mnt/c/Projects/prnp-somatic/raw/ddpcr_lod/p102l/analysis_csv/2021-01-25_SNV_P102L_lod_analysis.csv,/mnt/c/Projects/prnp-somatic/raw/ddpcr_lod/p102l/archive_contents,41,0,9000,0,12000
2021-01-25_SNV_P102L,2021-01-25,P102L,M06,G02,P102L-mut_0.05,0.05,59896,139,59757,0.126892705,/mnt/c/Projects/prnp-somatic/raw/ddpcr_lod/p102l/layout_xlsx/2021-01-25_SNV_P102L_layout.xlsx,/mnt/c/Projects/prnp-somatic/raw/ddpcr_lod/p102l/analysis_csv/2021-01-25_SNV_P102L_lod_analysis.csv,/mnt/c/Projects/prnp-somatic/raw/ddpcr_lod/p102l/archive_contents,42,0,9000,0,12000
2021-01-25_SNV_P102L,2021-01-25,P102L,M06,H01,P102L-mut_0.05,0.05,59896,139,59757,0.126892705,/mnt/c/Projects/prnp-somatic/raw/ddpcr_lod/p102l/layout_xlsx/2021-01-25_SNV_P102L_layout.xlsx,/mnt/c/Projects/prnp-somatic/raw/ddpcr_lod/p102l/analysis_csv/2021-01-25_SNV_P102L_lod_analysis.csv,/mnt/c/Projects/prnp-somatic/raw/ddpcr_lod/p102l/archive_contents,43,0,9000,0,12000
2021-01-25_SNV_P102L,2021-01-25,P102L,M06,H02,P102L-mut_0.05,0.05,59896,139,59757,0.126892705,/mnt/c/Projects/prnp-somatic/raw/ddpcr_lod/p102l/layout_xlsx/2021-01-25_SNV_P102L_layout.xlsx,/mnt/c/Projects/prnp-somatic/raw/ddpcr_lod/p102l/analysis_csv/2021-01-25_SNV_P102L_lod_analysis.csv,/mnt/c/Projects/prnp-somatic/raw/ddpcr_lod/p102l/archive_contents,44,0,9000,0,12000
