"sample","A117V_read_count","A117V_REF_count","A117V_ALT_count","A117V_AAF","A133V_read_count","A133V_REF_count","A133V_ALT_count","A133V_AAF","D178N_read_count","D178N_REF_count","D178N_ALT_count","D178N_AAF","E200K_read_count","E200K_REF_count","E200K_ALT_count","E200K_AAF","F198S_read_count","F198S_REF_count","F198S_ALT_count","F198S_AAF","F198V_read_count","F198V_REF_count","F198V_ALT_count","F198V_AAF","G131V_A_read_count","G131V_A_REF_count","G131V_A_ALT_count","G131V_A_AAF","G131V_T_read_count","G131V_T_REF_count","G131V_T_ALT_count","G131V_T_AAF","G217R_read_count","G217R_REF_count","G217R_ALT_count","G217R_AAF","M232R_read_count","M232R_REF_count","M232R_ALT_count","M232R_AAF","P102L_read_count","P102L_REF_count","P102L_ALT_count","P102L_AAF","P105L_A_read_count","P105L_A_REF_count","P105L_A_ALT_count","P105L_A_AAF","P105L_T_read_count","P105L_T_REF_count","P105L_T_ALT_count","P105L_T_AAF","R208C_read_count","R208C_REF_count","R208C_ALT_count","R208C_AAF","R208H_read_count","R208H_REF_count","R208H_ALT_count","R208H_AAF","T183A_read_count","T183A_REF_count","T183A_ALT_count","T183A_AAF","V180I_read_count","V180I_REF_count","V180I_ALT_count","V180I_AAF","V210I_read_count","V210I_REF_count","V210I_ALT_count","V210I_AAF"
"CJD1",1488,1488,0,-0.000309000191256167,1283,1281,2,-0.0002746789183119,1424,1423,1,3.99799422662531e-05,1771,1770,1,0.000196966712625566,1731,1731,0,-0.000101796631148993,1734,1734,0,0,1379,1379,0,0,1379,1379,0,0,1357,1357,0,-6.5775780494829e-05,1293,1293,0,0,1084,1084,0,-7.1471616405769e-05,1151,1151,0,0,1151,1151,0,-0.000152828333284206,1646,1646,0,-9.2450760702383e-05,1641,1641,0,-9.2037536059252e-05,1345,1345,0,0,1330,1330,0,-0.000288961784749651,1536,1536,0,0
"CJD2",1377,1377,0,-0.00020205802777865,1048,1045,3,0.00032899198774184,1182,1182,0,0,1426,1426,0,0,1486,1486,0,-8.3843125111998e-05,1497,1497,0,0,1081,1081,0,0,1081,1081,0,0,1322,1322,0,-6.986178095013e-05,1062,1062,0,0,873,873,0,0,824,824,0,-5.2904345860877e-05,824,824,0,-0.00010575480018022,1488,1488,0,0,1444,1444,0,0,1234,1234,0,-0.000132358308098285,1124,1124,0,-0.000240845036093272,1333,1333,0,0
"CJD3",2622,2622,0,0,2505,2502,3,-0.00021595861021525,2843,2843,0,-0.000190840091777773,2904,2904,0,-9.9542921800705e-05,2945,2945,0,0,2945,2945,0,0,2519,2519,0,0,2520,2519,1,0.000155207201614155,2701,2701,0,-8.7702259886896e-05,2398,2398,0,0,2198,2197,1,0.000168435236651508,2223,2223,0,-9.9074511252467e-05,2223,2223,0,-9.9074511252467e-05,2980,2980,0,-0.000204845376797948,2960,2959,1,-6.0957786340673e-05,2712,2713,-1,-0.000320148370761297,2747,2745,2,0.000282965478211658,2846,2845,1,4.666395546109e-05
"CJD4",995,994,1,0.000375375375375375,1179,1179,0,-0.00098093459188046,1124,1124,0,0,725,725,0,0,699,699,0,0,670,670,0,0,1137,1137,0,0,1137,1137,0,0,846,846,0,0,1034,1034,0,0,1006,1006,0,0,1069,1068,1,0.000357015351660121,1068,1068,0,0,967,967,0,-0.000169422215930454,1002,1002,0,0,1082,1082,0,0,1250,1250,0,-0.000197216533182628,1155,1155,0,0
"CJD5",5,5,0,0,7,7,0,0,8,8,0,0,1,1,0,0,1,1,0,0,-3,-3,0,0,3,3,0,0,3,3,0,0,4,4,0,0,2,2,0,0,-2,-2,0,0,2,2,0,0,2,2,0,0,1,1,0,0,0,0,0,0,3,3,0,0,4,4,0,0,2,2,0,0
"CJD6",3846,3846,0,0,3491,3480,11,0.00075776435679016,3698,3698,0,-0.000133417039477337,3729,3731,-2,-0.000680449777119217,3553,3553,0,0,3537,3537,0,0,3621,3620,1,3.41382245700497e-06,3621,3621,0,-0.00013291882921307,3537,3534,3,0.000401606425702811,3307,3307,0,0,3480,3477,3,0.00041413583655439,3387,3384,3,0.000292885174569288,3385,3384,1,0.000138045278851463,3559,3559,0,-0.00012432726513343,3546,3547,-1,-0.000505342739509349,3552,3553,-1,-0.000384032155376529,3655,3656,-1,-0.000265181649429859,3594,3593,1,0.000134264232008593
"CJD7",1428,1427,1,0.000238834487700024,1321,1320,1,-0.00018711075136461,1483,1483,0,0,1469,1468,1,0.000116192420344432,1348,1348,0,-0.000259467799718833,1304,1304,0,0,1241,1241,0,0,1241,1241,0,0,1370,1370,0,0,1218,1218,0,0,856,856,0,0,986,986,0,0,986,986,0,0,1708,1708,0,0,1679,1679,0,0,1449,1449,0,-9.9754778109299e-05,1403,1403,0,0,1565,1565,0,0
"CJD8",4,4,0,0,1,1,0,0,9,9,0,0,19,19,0,0,14,14,0,0,18,18,0,0,7,7,0,0,7,7,0,0,-7,-7,0,0,-2,-2,0,0,17,17,0,0,12,12,0,0,12,12,0,0,7,7,0,0,7,7,0,0,-1,-1,0,0,24,24,0,0,0,0,0,0
"CJD11",1591,1591,0,-0.000101855472526167,1602,1599,3,0.000316571545079714,1875,1875,0,-0.000295646879577271,1953,1952,1,-0.000134390678798389,1970,1970,0,0,1964,1964,0,0,1541,1541,0,0,1541,1541,0,0,1835,1835,0,0,1541,1541,0,0,1469,1469,0,0,1354,1354,0,0,1356,1354,2,0.000337126000842815,2037,2037,0,-0.000225750770927246,2011,2011,0,-0.000110843345337044,1784,1784,0,-9.0442517392441e-05,1907,1907,0,-0.000302448868378123,1926,1926,0,0
"CJD12",70,70,0,0,143,143,0,-0.00068488558100329,67,66,1,0.00154798761609907,145,145,0,0,178,178,0,0,172,172,0,0,114,114,0,0,114,114,0,0,32,32,0,0,76,76,0,0,52,52,0,0,60,60,0,0,60,60,0,0,89,89,0,0,90,90,0,0,40,40,0,0,57,57,0,0,100,100,0,0
"CJD13",285,285,0,-2.5301907240012e-05,-34,-34,0,8.21257129689982e-06,-44,-43,-1,-0.00018018018018018,273,273,0,-9.592545221999e-06,579,579,0,0,668,668,0,0,42,42,0,-5.19265684141806e-06,42,42,0,0,-72,-72,0,0,-81,-80,-1,-0.000177777777777778,-120,-120,0,0,-138,-138,0,0,-138,-138,0,6.08427836578702e-06,83,83,0,-5.61687308675302e-06,51,51,0,-1.71549053644602e-06,31,32,-1,-0.000185183340741766,-49,-49,0,1.592819336385e-06,-26,-26,0,0
"CJD14",2,2,0,0,-3,-3,0,0,3,3,0,0,1,1,0,0,4,4,0,0,4,4,0,0,4,4,0,0,4,4,0,0,-1,-1,0,0,-2,-2,0,0,0,0,0,0,0,0,0,0,0,0,0,0,-1,-1,0,0,0,0,0,0,2,2,0,0,5,5,0,0,-2,-2,0,0
"CJD15",3,3,0,0,1,1,0,0,3,3,0,0,2,2,0,0,3,3,0,0,0,0,0,0,2,2,0,0,2,2,0,0,0,0,0,0,0,0,0,0,3,3,0,0,-6,-6,0,0,-6,-6,0,0,2,2,0,0,2,2,0,0,2,2,0,0,-3,-3,0,0,1,1,0,0
"CJD18",1,1,0,0,3,3,0,0,4,4,0,0,5,5,0,0,12,12,0,0,11,11,0,0,3,3,0,0,3,3,0,0,2,2,0,0,4,4,0,0,6,6,0,0,0,0,0,0,0,0,0,0,4,4,0,0,5,5,0,0,0,0,0,0,2,2,0,0,1,1,0,0
"CJD19",44,44,0,0,31,31,0,0,38,38,0,0,63,63,0,0,69,69,0,0,67,67,0,0,65,65,0,0,65,65,0,0,36,36,0,0,37,37,0,0,62,62,0,0,34,34,0,0,34,34,0,0,51,51,0,0,59,59,0,0,59,59,0,0,54,54,0,0,54,54,0,0
"CJD21",-336,-336,0,0,-317,-316,-1,-0.00014152024446142,-246,-246,0,0,-191,-191,0,1.9286371926474e-05,-194,-194,0,9.823473199337e-06,-198,-198,0,0,-321,-321,0,0,-321,-321,0,0,-188,-188,0,0,-192,-192,0,9.18523475426801e-06,-349,-349,0,0,-324,-324,0,0,-324,-324,0,0,-180,-180,0,0,-179,-179,0,1.8098045097699e-05,-244,-244,0,1.3583691909397e-05,-247,-247,0,0,-188,-188,0,0
"CJD22",1254,1254,0,0,1440,1440,0,-0.00092699854287416,1448,1448,0,-0.000282790821211459,1390,1389,1,0.000112261978068921,1303,1302,1,0.000260078023407022,1265,1266,-1,-0.000387747188832881,1374,1374,0,0,1374,1374,0,0,1194,1194,0,0,1245,1245,0,0,1431,1431,0,0,1561,1561,0,-0.000236191962180235,1561,1561,0,-0.000118162454981316,1258,1258,0,0,1238,1238,0,-0.000139945782878526,1194,1195,-1,-0.000577175815271052,1497,1496,1,0.000103604129838759,1253,1253,0,-0.000127862961926635
"CJD23",1754,1754,0,0,1453,1447,6,0.00048230282399421,1213,1214,-1,-0.000190706359558994,1729,1728,1,0.000135574837310195,1844,1844,0,-0.000226315888821166,1883,1884,-1,-0.000182083029861617,1590,1589,1,5.9831982518375e-05,1590,1589,1,0.000140016802016242,1096,1096,0,0,757,757,0,0,1203,1203,0,-9.0934035407582e-05,758,758,0,-1.7400614485025e-05,758,758,0,0,1726,1726,0,-4.1235675022744e-05,1702,1702,0,-0.000121699247552573,1496,1495,1,0.000101340364318959,1208,1208,0,-8.0880174481569e-05,1232,1232,0,-2.707238919548e-05
"CJD24",22,22,0,0,11,11,0,0,7,7,0,0,5,5,0,0,3,3,0,0,1,1,0,0,18,18,0,0,18,18,0,0,6,6,0,0,12,12,0,0,10,10,0,0,20,20,0,0,20,20,0,0,8,8,0,0,4,4,0,0,14,14,0,NA,5,5,0,0,10,10,0,0
"CJD25",2001,1999,2,0.000488042947779405,2308,2304,4,0.0003822940741515,1907,1906,1,0.000272331154684096,2004,2005,-1,-0.000884102271473415,2121,2121,0,-0.000310004054461325,2099,2099,0,0,2258,2259,-1,-0.000743483479403039,2259,2259,0,0,1759,1759,0,0,2109,2109,0,0,2105,2105,0,-0.000503022556200524,2194,2193,1,-9.13306825427998e-06,2193,2193,0,0,1757,1756,1,-1.14057599087506e-06,1769,1769,0,0,2202,2201,1,0.000257864878803507,2039,2035,4,0.00106072659771944,1794,1794,0,0
"CJD27",1770,1770,0,-0.000106109916924928,1886,1886,0,-0.00112106024004718,1857,1857,0,0,1650,1649,1,0.000101483420004395,1544,1544,0,0,1535,1535,0,0,1832,1831,1,8.9535503435459e-05,1831,1831,0,0,1661,1662,-1,-0.00026567481402763,1601,1601,0,0,1802,1801,1,0.000188146754468485,2121,2121,0,-0.000102983161451961,2122,2121,1,7.1750359237252e-05,1570,1570,0,-8.7375148148181e-05,1596,1596,0,-8.8540761703524e-05,1743,1743,0,0,2091,2091,0,-0.000319082215172199,1797,1797,0,0
"CJD28",58,58,0,0,73,73,0,0,49,49,0,0,35,35,0,0,31,31,0,0,32,32,0,0,68,68,0,0,68,68,0,0,60,60,0,0,80,80,0,0,42,42,0,0,34,34,0,0,34,34,0,0,54,54,0,0,57,57,0,0,63,63,0,0,29,29,0,0,62,62,0,0
"CJD29",163,163,0,0,147,147,0,0,92,92,0,0,96,96,0,0,67,67,0,0,64,64,0,0,104,104,0,0,104,104,0,0,98,98,0,0,144,144,0,0,66,66,0,-0.00133236434108527,114,114,0,0,114,114,0,0,85,85,0,0,85,85,0,0,147,147,0,0,63,63,0,0,135,135,0,0
"CJD30",-15,-15,0,0,11,11,0,0,-7,-7,0,0,-3,-2,-1,0.002392344497608,-11,-11,0,0,-4,-4,0,0,-5,-5,0,0,-5,-5,0,0,-4,-4,0,0,23,23,0,0,-3,-3,0,0,4,4,0,0,4,4,0,0,10,10,0,0,14,14,0,0,13,13,0,0,3,3,0,0,9,9,0,0
"CJD31",3,3,0,0,0,0,0,0,0,0,0,0,-2,-2,0,0,-4,-4,0,0,1,1,0,0,1,1,0,0,1,1,0,0,-4,-4,0,0,-7,-7,0,0,0,0,0,0,0,0,0,0,0,0,0,0,2,2,0,0,-1,-1,0,0,1,1,0,0,1,1,0,0,-3,-3,0,0
"Ctrl1",1143,1143,0,0,1136,1134,2,0.00045884080846365,1147,1147,0,-0.000208694196591025,979,979,0,0,968,968,0,0,906,906,0,0,1138,1138,0,-0.000193986652422796,1138,1138,0,0,1053,1053,0,0,1268,1268,0,0,1247,1244,3,0.000931098696461825,1263,1263,0,0,1263,1263,0,0,1292,1292,0,0,1274,1274,0,0,1311,1311,0,0,1175,1175,0,-0.000209596710954898,1206,1206,0,0
"Ctrl2",129,129,0,0,153,153,0,0,114,114,0,0,126,126,0,0,125,125,0,0,135,135,0,0,117,117,0,0,117,117,0,0,50,50,0,0,42,42,0,0,107,107,0,0,143,143,0,0,143,143,0,0,129,129,0,0,163,163,0,0,180,180,0,0,129,129,0,0,115,115,0,0
"Ctrl3",626,626,0,-0.000222818937189264,789,788,1,9.60335305341681e-05,1018,1018,0,-0.000139072406176673,1015,1015,0,-0.000139418978617936,961,960,1,0.000308641975308642,938,938,0,0,830,830,0,-0.000127496159754225,830,830,0,-0.000127496159754225,844,844,0,0,1001,1001,0,0,821,820,1,0.000332336324360253,947,947,0,-0.00013678250570529,947,947,0,0,764,764,0,-0.000103549343498518,796,796,0,0,896,895,1,0.000311235605353252,1120,1120,0,-0.000148037531215101,966,966,0,-0.00012104251436628
"Ctrl4",23,23,0,0,16,16,0,0,8,8,0,0,10,10,0,0,0,0,0,0,-1,-1,0,0,9,9,0,0,9,9,0,0,3,3,0,0,14,14,0,0,-1,-1,0,0,19,19,0,0,19,19,0,0,15,15,0,0,13,13,0,0,17,17,0,0,7,7,0,0,26,26,0,0
"Ctrl5",2471,2472,-1,-0.000386847195357834,2316,2315,1,-0.00066928974161359,2305,2305,0,0,1726,1726,0,0,1569,1569,0,0,1487,1487,0,0,2383,2383,0,-0.000181271869770272,2383,2383,0,0,2150,2150,0,0,1827,1827,0,0,2062,2062,0,0,2183,2182,1,0.000200843542880096,2183,2182,1,0.000200843542880096,2298,2299,-1,-0.000523598702191251,2326,2326,0,-0.000487522177962362,2164,2164,0,-0.0002966379569376,2333,2332,1,3.341251755535e-05,2346,2346,0,-0.000155955267562003
"Ctrl7",14,14,0,0,3,3,0,0,21,21,0,0,27,27,0,0,20,20,0,0,28,28,0,0,15,15,0,0,15,15,0,0,13,13,0,0,21,21,0,0,42,42,0,0,14,14,0,0,14,14,0,0,23,23,0,0,22,22,0,0,14,14,0,0,22,22,0,0,17,17,0,0
