run	max_population_af	max_reads_per_alignment_start	sample_role	sample_id	total_raw_records	marker_id	category	strict_raw_exact	atomised_exact	original_raw_record	caller_dp	caller_ad	caller_af
canonical	0.01	50	high	NA995A05_undil	33	chr20:4688888:G>A	other_snp	False	False	NA	NA	NA	NA
canonical	0.01	50	high	NA995A05_undil	33	chr20:4690735:T>G	other_snp	False	False	NA	NA	NA	NA
canonical	0.01	50	high	NA995A05_undil	33	chr20:4693455:G>A	other_snp	False	False	NA	NA	NA	NA
canonical	0.01	50	high	NA995A05_undil	33	chr20:4699570:C>T	a117v_positive_control	False	True	chr20|4699570|CA|TG|1	6971	6875,96	0.014
canonical	0.01	50	high	NA995A05_undil	33	chr20:4699571:A>G	other_snp	False	True	chr20|4699570|CA|TG|1	6971	6875,96	0.014
canonical	0.01	50	low	NA99A1_undil	32	chr20:4688888:G>A	other_snp	False	False	NA	NA	NA	NA
canonical	0.01	50	low	NA99A1_undil	32	chr20:4690735:T>G	other_snp	False	False	NA	NA	NA	NA
canonical	0.01	50	low	NA99A1_undil	32	chr20:4693455:G>A	other_snp	False	False	NA	NA	NA	NA
canonical	0.01	50	low	NA99A1_undil	32	chr20:4699570:C>T	a117v_positive_control	False	True	chr20|4699570|CA|TG|1	4315	4280,35	0.007635
canonical	0.01	50	low	NA99A1_undil	32	chr20:4699571:A>G	other_snp	False	True	chr20|4699570|CA|TG|1	4315	4280,35	0.007635
no_alignment_start_cap	0.01	0	high	NA995A05_undil	63	chr20:4688888:G>A	other_snp	False	False	NA	NA	NA	NA
no_alignment_start_cap	0.01	0	high	NA995A05_undil	63	chr20:4690735:T>G	other_snp	False	False	NA	NA	NA	NA
no_alignment_start_cap	0.01	0	high	NA995A05_undil	63	chr20:4693455:G>A	other_snp	True	True	chr20|4693455|G|A|1	7784	7694,90	0.01
no_alignment_start_cap	0.01	0	high	NA995A05_undil	63	chr20:4699570:C>T	a117v_positive_control	False	True	chr20|4699570|CA|TG|1	9439	9305,134	0.014
no_alignment_start_cap	0.01	0	high	NA995A05_undil	63	chr20:4699571:A>G	other_snp	False	True	chr20|4699570|CA|TG|1	9439	9305,134	0.014
no_alignment_start_cap	0.01	0	low	NA99A1_undil	32	chr20:4688888:G>A	other_snp	False	False	NA	NA	NA	NA
no_alignment_start_cap	0.01	0	low	NA99A1_undil	32	chr20:4690735:T>G	other_snp	False	False	NA	NA	NA	NA
no_alignment_start_cap	0.01	0	low	NA99A1_undil	32	chr20:4693455:G>A	other_snp	False	False	NA	NA	NA	NA
no_alignment_start_cap	0.01	0	low	NA99A1_undil	32	chr20:4699570:C>T	a117v_positive_control	False	True	chr20|4699570|CA|TG|1	4343	4307,36	0.0076
no_alignment_start_cap	0.01	0	low	NA99A1_undil	32	chr20:4699571:A>G	other_snp	False	True	chr20|4699570|CA|TG|1	4343	4307,36	0.0076
max_population_af_1	1.0	50	high	NA995A05_undil	33	chr20:4688888:G>A	other_snp	False	False	NA	NA	NA	NA
max_population_af_1	1.0	50	high	NA995A05_undil	33	chr20:4690735:T>G	other_snp	False	False	NA	NA	NA	NA
max_population_af_1	1.0	50	high	NA995A05_undil	33	chr20:4693455:G>A	other_snp	False	False	NA	NA	NA	NA
max_population_af_1	1.0	50	high	NA995A05_undil	33	chr20:4699570:C>T	a117v_positive_control	False	True	chr20|4699570|CA|TG|1	6971	6875,96	0.014
max_population_af_1	1.0	50	high	NA995A05_undil	33	chr20:4699571:A>G	other_snp	False	True	chr20|4699570|CA|TG|1	6971	6875,96	0.014
max_population_af_1	1.0	50	low	NA99A1_undil	32	chr20:4688888:G>A	other_snp	False	False	NA	NA	NA	NA
max_population_af_1	1.0	50	low	NA99A1_undil	32	chr20:4690735:T>G	other_snp	False	False	NA	NA	NA	NA
max_population_af_1	1.0	50	low	NA99A1_undil	32	chr20:4693455:G>A	other_snp	False	False	NA	NA	NA	NA
max_population_af_1	1.0	50	low	NA99A1_undil	32	chr20:4699570:C>T	a117v_positive_control	False	True	chr20|4699570|CA|TG|1	4315	4280,35	0.007635
max_population_af_1	1.0	50	low	NA99A1_undil	32	chr20:4699571:A>G	other_snp	False	True	chr20|4699570|CA|TG|1	4315	4280,35	0.007635
max_population_af_1_no_alignment_start_cap	1.0	0	high	NA995A05_undil	63	chr20:4688888:G>A	other_snp	False	False	NA	NA	NA	NA
max_population_af_1_no_alignment_start_cap	1.0	0	high	NA995A05_undil	63	chr20:4690735:T>G	other_snp	False	False	NA	NA	NA	NA
max_population_af_1_no_alignment_start_cap	1.0	0	high	NA995A05_undil	63	chr20:4693455:G>A	other_snp	True	True	chr20|4693455|G|A|1	7784	7694,90	0.01
max_population_af_1_no_alignment_start_cap	1.0	0	high	NA995A05_undil	63	chr20:4699570:C>T	a117v_positive_control	False	True	chr20|4699570|CA|TG|1	9439	9305,134	0.014
max_population_af_1_no_alignment_start_cap	1.0	0	high	NA995A05_undil	63	chr20:4699571:A>G	other_snp	False	True	chr20|4699570|CA|TG|1	9439	9305,134	0.014
max_population_af_1_no_alignment_start_cap	1.0	0	low	NA99A1_undil	32	chr20:4688888:G>A	other_snp	False	False	NA	NA	NA	NA
max_population_af_1_no_alignment_start_cap	1.0	0	low	NA99A1_undil	32	chr20:4690735:T>G	other_snp	False	False	NA	NA	NA	NA
max_population_af_1_no_alignment_start_cap	1.0	0	low	NA99A1_undil	32	chr20:4693455:G>A	other_snp	False	False	NA	NA	NA	NA
max_population_af_1_no_alignment_start_cap	1.0	0	low	NA99A1_undil	32	chr20:4699570:C>T	a117v_positive_control	False	True	chr20|4699570|CA|TG|1	4343	4307,36	0.0076
max_population_af_1_no_alignment_start_cap	1.0	0	low	NA99A1_undil	32	chr20:4699571:A>G	other_snp	False	True	chr20|4699570|CA|TG|1	4343	4307,36	0.0076
