Sample,CHROM,POS,REF,BASE,COUNT,MEAN_BQ,MEAN_MQ,MEAN_POS,FWD,REV,FRAC,MMLQ,MEAN_READ_POS,FWD_BQ,REV_BQ,FRD,SB_RATIO
CJD11,chr2,178740452,G,=,0,0,0,0,0,0,0,0,0,0,0,0,0
CJD11,chr2,178740452,G,A,0,0,0,0,0,0,0,0,0,0,0,0,0
CJD11,chr2,178740452,G,C,0,0,0,0,0,0,0,0,0,0,0,0,0
CJD11,chr2,178740452,G,G,4950,60,20.66,0.41,2488,2462,0.51,0,11.68,2488,0.46,150.69,0.48
CJD11,chr2,178740452,G,T,0,0,0,0,0,0,0,0,0,0,0,0,0
CJD11,chr2,178740452,G,N,0,0,0,0,0,0,0,0,0,0,0,0,0
CJD11,chr2,178740453,C,=,0,0,0,0,0,0,0,0,0,0,0,0,0
CJD11,chr2,178740453,C,A,2,60,20,0,2,0,0.3,0.01,20,2,0.83,151,0.83
CJD11,chr2,178740453,C,C,2442,60,16.01,0.42,1221,1221,0.51,0,0.71,1221,0.46,150.74,0.49
CJD11,chr2,178740453,C,G,0,0,0,0,0,0,0,0,0,0,0,0,0
CJD11,chr2,178740453,C,T,2519,60,21.65,0.43,1266,1253,0.5,0.01,22.44,1266,0.45,150.64,0.48
CJD11,chr2,178740453,C,N,0,0,0,0,0,0,0,0,0,0,0,0,0
CJD13,chr20,4695613,g,=,0,0,0,0,0,0,0,0,0,0,0,0,0
CJD13,chr20,4695613,g,A,1,40,21,0,0,1,0.33,0.11,288,0,0,146,0.81
CJD13,chr20,4695613,g,C,0,0,0,0,0,0,0,0,0,0,0,0,0
CJD13,chr20,4695613,g,G,5357,59.73,22.71,0.18,2687,2670,0.49,0,13.78,2687,0.49,150.63,0.49
CJD13,chr20,4695613,g,T,0,0,0,0,0,0,0,0,0,0,0,0,0
CJD13,chr20,4695613,g,N,0,0,0,0,0,0,0,0,0,0,0,0,0
CJD13,chr20,4695614,g,=,0,0,0,0,0,0,0,0,0,0,0,0,0
CJD13,chr20,4695614,g,A,20,24.85,21.85,0.85,8,12,0.69,0.08,239.15,8,0.3,141.55,0.48
CJD13,chr20,4695614,g,C,1,60,25,0,0,1,0,0.01,25,0,0,151,0
CJD13,chr20,4695614,g,G,2703,59.72,21.81,0.27,1384,1319,0.49,0,2.03,1384,0.5,150.57,0.49
CJD13,chr20,4695614,g,T,2639,59.99,23.53,0.09,1305,1334,0.49,0.01,24.41,1305,0.49,150.76,0.5
CJD13,chr20,4695614,g,N,0,0,0,0,0,0,0,0,0,0,0,0,0
CJD14,chr20,4696445,c,=,0,0,0,0,0,0,0,0,0,0,0,0,0
CJD14,chr20,4696445,c,A,0,0,0,0,0,0,0,0,0,0,0,0,0
CJD14,chr20,4696445,c,C,75,60,13.25,0,37,38,0.49,0,10.69,37,0.52,150.11,0.54
CJD14,chr20,4696445,c,G,0,0,0,0,0,0,0,0,0,0,0,0,0
CJD14,chr20,4696445,c,T,0,0,0,0,0,0,0,0,0,0,0,0,0
CJD14,chr20,4696445,c,N,0,0,0,0,0,0,0,0,0,0,0,0,0
CJD14,chr20,4696446,g,=,0,0,0,0,0,0,0,0,0,0,0,0,0
CJD14,chr20,4696446,g,A,38,60,16.84,0,22,16,0.44,0.01,21.11,22,0.52,150.74,0.56
CJD14,chr20,4696446,g,C,0,0,0,0,0,0,0,0,0,0,0,0,0
CJD14,chr20,4696446,g,G,37,60,11.65,0,15,22,0.53,0,0,15,0.49,149.46,0.52
CJD14,chr20,4696446,g,T,0,0,0,0,0,0,0,0,0,0,0,0,0
CJD14,chr20,4696446,g,N,0,0,0,0,0,0,0,0,0,0,0,0,0
CJD18,chr2,178741810,G,=,0,0,0,0,0,0,0,0,0,0,0,0,0
CJD18,chr2,178741810,G,A,0,0,0,0,0,0,0,0,0,0,0,0,0
CJD18,chr2,178741810,G,C,0,0,0,0,0,0,0,0,0,0,0,0,0
CJD18,chr2,178741810,G,G,52,60,16.04,1.15,15,37,0.46,0,9.06,15,0.17,150.9,0.49
CJD18,chr2,178741810,G,T,0,0,0,0,0,0,0,0,0,0,0,0,0
CJD18,chr2,178741810,G,N,0,0,0,0,0,0,0,0,0,0,0,0,0
CJD18,chr2,178741811,G,=,0,0,0,0,0,0,0,0,0,0,0,0,0
CJD18,chr2,178741811,G,A,26,60,16.27,0,9,17,0.44,0.01,17.58,9,0.22,150.88,0.47
CJD18,chr2,178741811,G,C,0,0,0,0,0,0,0,0,0,0,0,0,0
CJD18,chr2,178741811,G,G,24,60,16.21,2.5,5,19,0.5,0,0,5,0.09,150.92,0.52
CJD18,chr2,178741811,G,T,0,0,0,0,0,0,0,0,0,0,0,0,0
CJD18,chr2,178741811,G,N,0,0,0,0,0,0,0,0,0,0,0,0,0
CJD19,chr20,4694508,A,=,0,0,0,0,0,0,0,0,0,0,0,0,0
CJD19,chr20,4694508,A,A,13,60,15.92,0,7,6,0.67,0,9.46,7,0.53,150.08,0.44
CJD19,chr20,4694508,A,C,0,0,0,0,0,0,0,0,0,0,0,0,0
CJD19,chr20,4694508,A,G,0,0,0,0,0,0,0,0,0,0,0,0,0
CJD19,chr20,4694508,A,T,0,0,0,0,0,0,0,0,0,0,0,0,0
CJD19,chr20,4694508,A,N,0,0,0,0,0,0,0,0,0,0,0,0,0
CJD19,chr20,4694509,A,=,0,0,0,0,0,0,0,0,0,0,0,0,0
CJD19,chr20,4694509,A,A,7,60,16.43,0,4,3,0.69,0,0,4,0.47,149.29,0.4
CJD19,chr20,4694509,A,C,0,0,0,0,0,0,0,0,0,0,0,0,0
CJD19,chr20,4694509,A,G,0,0,0,0,0,0,0,0,0,0,0,0,0
CJD19,chr20,4694509,A,T,7,60,17.57,0,3,4,0.56,0.01,17.57,3,0.6,151,0.42
CJD19,chr20,4694509,A,N,0,0,0,0,0,0,0,0,0,0,0,0,0
CJD2,chr20,4691919,t,=,0,0,0,0,0,0,0,0,0,0,0,0,0
CJD2,chr20,4691919,t,A,1,0,23,0,1,0,0.78,0.14,299,1,0.51,118,0.3
CJD2,chr20,4691919,t,C,0,0,0,0,0,0,0,0,0,0,0,0,0
CJD2,chr20,4691919,t,G,0,0,0,0,0,0,0,0,0,0,0,0,0
CJD2,chr20,4691919,t,T,4840,59.18,23.37,0.2,2410,2430,0.52,0,2.4,2410,0.48,148.43,0.48
CJD2,chr20,4691919,t,N,0,0,0,0,0,0,0,0,0,0,0,0,0
CJD2,chr20,4691920,g,=,0,0,0,0,0,0,0,0,0,0,0,0,0
CJD2,chr20,4691920,g,A,70,37.9,22.01,6.17,35,35,0.77,0.04,45.07,35,0.51,57.69,0.21
CJD2,chr20,4691920,g,C,1,60,28,0,0,1,0,0.01,28,0,0,151,0
CJD2,chr20,4691920,g,G,4769,59.48,21.99,0.11,2368,2401,0.52,0,1.83,2368,0.48,149.75,0.49
CJD2,chr20,4691920,g,T,0,0,0,0,0,0,0,0,0,0,0,0,0
CJD2,chr20,4691920,g,N,0,0,0,0,0,0,0,0,0,0,0,0,0
CJD21,chr20,4694654,T,=,0,0,0,0,0,0,0,0,0,0,0,0,0
CJD21,chr20,4694654,T,A,0,0,0,0,0,0,0,0,0,0,0,0,0
CJD21,chr20,4694654,T,C,0,0,0,0,0,0,0,0,0,0,0,0,0
CJD21,chr20,4694654,T,G,0,0,0,0,0,0,0,0,0,0,0,0,0
CJD21,chr20,4694654,T,T,243,60,23.72,0,147,96,0.4,0,12.77,147,0.64,150.89,0.6
CJD21,chr20,4694654,T,N,0,0,0,0,0,0,0,0,0,0,0,0,0
CJD21,chr20,4694655,C,=,0,0,0,0,0,0,0,0,0,0,0,0,0
CJD21,chr20,4694655,C,A,0,0,0,0,0,0,0,0,0,0,0,0,0
CJD21,chr20,4694655,C,C,122,60,23.55,0,77,45,0.42,0,1.2,77,0.6,150.89,0.57
CJD21,chr20,4694655,C,G,125,60,23.33,0,73,52,0.37,0.01,23.91,73,0.68,150.9,0.62
CJD21,chr20,4694655,C,T,0,0,0,0,0,0,0,0,0,0,0,0,0
CJD21,chr20,4694655,C,N,0,0,0,0,0,0,0,0,0,0,0,0,0
CJD22,chr20,4694248,c,=,0,0,0,0,0,0,0,0,0,0,0,0,0
CJD22,chr20,4694248,c,A,3,41.33,18,0,1,2,0.18,0.02,32,1,0.01,131.67,0.47
CJD22,chr20,4694248,c,C,1125,53.1,19.68,2.6,540,585,0.47,0.02,23.43,540,0.47,133.08,0.43
CJD22,chr20,4694248,c,G,0,0,0,0,0,0,0,0,0,0,0,0,0
CJD22,chr20,4694248,c,T,18,31.83,20.44,4.22,8,10,0.53,0.07,92.17,8,0.53,96.33,0.39
CJD22,chr20,4694248,c,N,0,0,0,0,0,0,0,0,0,0,0,0,0
CJD22,chr20,4694249,t,=,0,0,0,0,0,0,0,0,0,0,0,0,0
CJD22,chr20,4694249,t,A,0,0,0,0,0,0,0,0,0,0,0,0,0
CJD22,chr20,4694249,t,C,156,30.29,18.97,3.37,74,82,0.44,0.06,81.35,74,0.51,108.9,0.4
CJD22,chr20,4694249,t,G,0,0,0,0,0,0,0,0,0,0,0,0,0
CJD22,chr20,4694249,t,T,974,56.21,19.65,2.48,468,506,0.49,0.01,15.56,468,0.47,136.2,0.43
CJD22,chr20,4694249,t,N,0,0,0,0,0,0,0,0,0,0,0,0,0
CJD23,chr20,4691919,t,=,0,0,0,0,0,0,0,0,0,0,0,0,0
CJD23,chr20,4691919,t,A,2,60,24.5,0,1,1,0.14,0.01,38,1,0.46,114.5,0.25
CJD23,chr20,4691919,t,C,0,0,0,0,0,0,0,0,0,0,0,0,0
CJD23,chr20,4691919,t,G,1,60,26,0,1,0,0.01,0.01,47,1,0.01,151,0.01
CJD23,chr20,4691919,t,T,5283,59.43,22.68,0.43,2631,2652,0.51,0,2.04,2631,0.47,148.43,0.48
CJD23,chr20,4691919,t,N,0,0,0,0,0,0,0,0,0,0,0,0,0
CJD23,chr20,4691920,g,=,0,0,0,0,0,0,0,0,0,0,0,0,0
CJD23,chr20,4691920,g,A,80,38.49,21,6.86,41,39,0.76,0.04,42.08,41,0.52,57.22,0.19
CJD23,chr20,4691920,g,C,1,60,28,0,0,1,0.03,0.01,28,0,0,151,0.01
CJD23,chr20,4691920,g,G,5208,59.75,21.67,0.33,2583,2625,0.51,0,1.43,2583,0.48,149.81,0.48
CJD23,chr20,4691920,g,T,0,0,0,0,0,0,0,0,0,0,0,0,0
CJD23,chr20,4691920,g,N,0,0,0,0,0,0,0,0,0,0,0,0,0
CJD23,chr20,4694248,c,=,0,0,0,0,0,0,0,0,0,0,0,0,0
CJD23,chr20,4694248,c,A,0,0,0,0,0,0,0,0,0,0,0,0,0
CJD23,chr20,4694248,c,C,1573,55.91,22.06,0.93,811,762,0.45,0.01,16.56,811,0.48,140.61,0.42
CJD23,chr20,4694248,c,G,0,0,0,0,0,0,0,0,0,0,0,0,0
CJD23,chr20,4694248,c,T,18,25.89,22.22,4.5,9,9,0.6,0.09,122.11,9,0.58,92.44,0.36
CJD23,chr20,4694248,c,N,0,0,0,0,0,0,0,0,0,0,0,0,0
CJD23,chr20,4694249,t,=,0,0,0,0,0,0,0,0,0,0,0,0,0
CJD23,chr20,4694249,t,A,0,0,0,0,0,0,0,0,0,0,0,0,0
CJD23,chr20,4694249,t,C,103,30.01,20.62,5.15,59,44,0.48,0.07,97.26,59,0.52,103.83,0.37
CJD23,chr20,4694249,t,G,0,0,0,0,0,0,0,0,0,0,0,0,0
CJD23,chr20,4694249,t,T,1487,57.36,22.13,0.68,755,732,0.46,0.01,12.27,755,0.48,142.61,0.43
CJD23,chr20,4694249,t,N,0,0,0,0,0,0,0,0,0,0,0,0,0
CJD25,chr20,4690950,c,=,0,0,0,0,0,0,0,0,0,0,0,0,0
CJD25,chr20,4690950,c,A,12,56.33,19.08,5,6,6,0.61,0.07,102.67,6,0.38,138.83,0.44
CJD25,chr20,4690950,c,C,1470,59.04,18.25,3.84,744,726,0.52,0.01,13.63,744,0.45,142.11,0.46
CJD25,chr20,4690950,c,G,5,60,18.4,0,2,3,0.43,0.07,142.2,2,0.56,150.2,0.48
CJD25,chr20,4690950,c,T,9,54.78,17.33,8.11,3,6,0.58,0.05,81.11,3,0.24,140.33,0.47
CJD25,chr20,4690950,c,N,0,0,0,0,0,0,0,0,0,0,0,0,0
CJD25,chr20,4690950,c,+TGT,1,60,0,0,1,0,0.45,0.11,213,1,0.76,151,0.76
CJD25,chr20,4690950,c,-c,1,60,0,0,1,0,0.4,0.05,31,1,0.76,146,0.76
CJD25,chr20,4690951,t,=,0,0,0,0,0,0,0,0,0,0,0,0,0
CJD25,chr20,4690951,t,A,5,40.4,17.4,0.8,1,4,0.48,0.06,72,1,0.25,125.8,0.42
CJD25,chr20,4690951,t,C,2,58.5,18.5,28.5,1,1,0.31,0.07,117,1,0.87,146.5,0.57
CJD25,chr20,4690951,t,G,1,13,16,13,0,1,0.96,0.12,186,0,0,106,0.36
CJD25,chr20,4690951,t,T,1488,59.08,17.89,3.75,755,733,0.52,0.01,14.69,755,0.45,142.16,0.46
CJD25,chr20,4690951,t,N,0,0,0,0,0,0,0,0,0,0,0,0,0
CJD25,chr20,4690951,t,+AACA,1,60,0,0,0,1,0.56,0.07,106,0,0,151,0.72
CJD25,chr20,4690951,t,+AATA,1,60,0,0,0,1,0.5,0.1,154,0,0,151,0.75
CJD25,chr20,4690951,t,+AATGA,1,45,0,0,1,0,0.49,0.08,88,1,0.74,151,0.74
CJD25,chr20,4690951,t,+AGTTA,1,60,0,0,1,0,0.41,0.05,31,1,0.75,146,0.75
CJD25,chr20,4690951,t,+CATA,1,60,0,0,0,1,0.79,0.05,68,0,0,151,0.6
CJD25,chr20,4690951,t,+GAAA,1,60,0,0,0,1,0.41,0.05,49,0,0,151,0.79
CJD25,chr20,4690951,t,+GATA,17,55.41,0,10.59,8,9,0.65,0.08,100.59,8,0.65,142.12,0.54
CJD25,chr20,4690951,t,+GATC,6,45,0,0,3,3,0.72,0.07,66.83,3,0.38,126.5,0.41
CJD25,chr20,4690951,t,+GCTA,1,60,0,0,0,1,0.99,0.11,183,0,0,151,0.5
CJD25,chr20,4690951,t,+TATA,1,60,0,60,1,0,0.78,0.04,39,1,0.4,146,0.38
CJD25,chr20,4690951,t,+TTAA,1,15,0,0,1,0,0.19,0.11,196,1,0.89,151,0.89
CJD25,chr20,4690951,t,-taat,1,60,0,0,1,0,0.43,0.06,67,1,0.71,139,0.71
CJD27,chr20,4694263,g,=,0,0,0,0,0,0,0,0,0,0,0,0,0
CJD27,chr20,4694263,g,A,1,60,23,60,1,0,0.22,0.01,23,1,0.93,74,0.44
CJD27,chr20,4694263,g,C,0,0,0,0,0,0,0,0,0,0,0,0,0
CJD27,chr20,4694263,g,G,2801,54.31,20.05,0.83,1310,1491,0.53,0.01,18.69,1310,0.45,138.27,0.41
CJD27,chr20,4694263,g,T,0,0,0,0,0,0,0,0,0,0,0,0,0
CJD27,chr20,4694263,g,N,0,0,0,0,0,0,0,0,0,0,0,0,0
CJD27,chr20,4694264,g,=,0,0,0,0,0,0,0,0,0,0,0,0,0
CJD27,chr20,4694264,g,A,16,55.69,19.75,0,6,10,0.5,0.01,27.94,6,0.32,137.94,0.32
CJD27,chr20,4694264,g,C,0,0,0,0,0,0,0,0,0,0,0,0,0
CJD27,chr20,4694264,g,G,2778,54.29,19.57,0.86,1300,1478,0.53,0.01,18.69,1300,0.45,138.26,0.42
CJD27,chr20,4694264,g,T,0,0,0,0,0,0,0,0,0,0,0,0,0
CJD27,chr20,4694264,g,N,0,0,0,0,0,0,0,0,0,0,0,0,0
CJD27,chr20,4694508,A,=,0,0,0,0,0,0,0,0,0,0,0,0,0
CJD27,chr20,4694508,A,A,1985,60,20.62,0.06,1083,902,0.56,0,9.29,1083,0.5,150.73,0.46
CJD27,chr20,4694508,A,C,0,0,0,0,0,0,0,0,0,0,0,0,0
CJD27,chr20,4694508,A,G,0,0,0,0,0,0,0,0,0,0,0,0,0
CJD27,chr20,4694508,A,T,1,60,24,0,0,1,0.45,0.01,24,0,0,151,0.23
CJD27,chr20,4694508,A,N,0,0,0,0,0,0,0,0,0,0,0,0,0
CJD27,chr20,4694509,A,=,0,0,0,0,0,0,0,0,0,0,0,0,0
CJD27,chr20,4694509,A,A,1171,60,20.92,0.1,642,529,0.54,0,1.04,642,0.49,150.84,0.47
CJD27,chr20,4694509,A,C,0,0,0,0,0,0,0,0,0,0,0,0,0
CJD27,chr20,4694509,A,G,0,0,0,0,0,0,0,0,0,0,0,0,0
CJD27,chr20,4694509,A,T,820,60,20.45,0,446,374,0.6,0.01,21.15,446,0.51,150.58,0.46
CJD27,chr20,4694509,A,N,0,0,0,0,0,0,0,0,0,0,0,0,0
CJD3,chr20,4687681,A,=,0,0,0,0,0,0,0,0,0,0,0,0,0
CJD3,chr20,4687681,A,A,6493,60,21.99,0.2,3260,3233,0.5,0,1.41,3260,0.47,150.53,0.46
CJD3,chr20,4687681,A,C,1,60,28,0,0,1,0,0.01,28,0,0,151,0
CJD3,chr20,4687681,A,G,1,60,23,0,0,1,0.36,0.01,23,0,0,151,0.18
CJD3,chr20,4687681,A,T,0,0,0,0,0,0,0,0,0,0,0,0,0
CJD3,chr20,4687681,A,N,0,0,0,0,0,0,0,0,0,0,0,0,0
CJD3,chr20,4687682,T,=,0,0,0,0,0,0,0,0,0,0,0,0,0
CJD3,chr20,4687682,T,A,1,60,27,0,0,1,0,0.01,27,0,0,151,0
CJD3,chr20,4687682,T,C,2,60,23.5,0,1,1,0.37,0.01,23.5,1,0.1,151,0.18
CJD3,chr20,4687682,T,G,97,60,22.26,0,51,46,0.49,0.01,23.62,51,0.46,149.91,0.43
CJD3,chr20,4687682,T,T,6407,60,22.6,0.21,3204,3203,0.5,0,1.07,3204,0.47,150.54,0.46
CJD3,chr20,4687682,T,N,0,0,0,0,0,0,0,0,0,0,0,0,0
CJD3,chr20,4690578,t,=,0,0,0,0,0,0,0,0,0,0,0,0,0
CJD3,chr20,4690578,t,A,0,0,0,0,0,0,0,0,0,0,0,0,0
CJD3,chr20,4690578,t,C,1,60,11,0,0,1,0.17,0.01,11,0,0,151,0.91
CJD3,chr20,4690578,t,G,0,0,0,0,0,0,0,0,0,0,0,0,0
CJD3,chr20,4690578,t,T,4392,60,22.46,0.27,1868,2524,0.53,0,1.26,1868,0.39,150.64,0.49
CJD3,chr20,4690578,t,N,0,0,0,0,0,0,0,0,0,0,0,0,0
CJD3,chr20,4690579,t,=,0,0,0,0,0,0,0,0,0,0,0,0,0
CJD3,chr20,4690579,t,A,3,60,22.67,0,2,1,0.57,0.01,22.67,2,0.18,151,0.3
CJD3,chr20,4690579,t,C,0,0,0,0,0,0,0,0,0,0,0,0,0
CJD3,chr20,4690579,t,G,72,60,21.35,0,31,41,0.55,0.01,22.57,31,0.39,150.43,0.5
CJD3,chr20,4690579,t,T,4287,60,23.21,0.28,1823,2464,0.53,0,0.9,1823,0.38,150.65,0.49
CJD3,chr20,4690579,t,N,0,0,0,0,0,0,0,0,0,0,0,0,0
CJD3,chr20,4691628,a,=,0,0,0,0,0,0,0,0,0,0,0,0,0
CJD3,chr20,4691628,a,A,6661,59.98,23.42,0.5,3216,3445,0.49,0,1.62,3216,0.47,150.65,0.49
CJD3,chr20,4691628,a,C,0,0,0,0,0,0,0,0,0,0,0,0,0
CJD3,chr20,4691628,a,G,4,60,21,0,2,2,0.6,0.01,21,2,0.63,151,0.59
CJD3,chr20,4691628,a,T,2,60,23,0,1,1,0.53,0.01,23,1,0.43,151,0.26
CJD3,chr20,4691628,a,N,0,0,0,0,0,0,0,0,0,0,0,0,0
CJD3,chr20,4691629,a,=,0,0,0,0,0,0,0,0,0,0,0,0,0
CJD3,chr20,4691629,a,A,6538,59.98,22.54,0.49,3154,3384,0.49,0,0.81,3154,0.47,150.66,0.48
CJD3,chr20,4691629,a,C,0,0,0,0,0,0,0,0,0,0,0,0,0
CJD3,chr20,4691629,a,G,141,60,22.26,0.85,70,71,0.46,0.01,39.72,70,0.46,150.78,0.47
CJD3,chr20,4691629,a,T,2,60,25.5,0,1,1,0.09,0.01,25.5,1,0.89,151,0.45
CJD3,chr20,4691629,a,N,0,0,0,0,0,0,0,0,0,0,0,0,0
CJD3,chr20,4691660,t,=,0,0,0,0,0,0,0,0,0,0,0,0,0
CJD3,chr20,4691660,t,A,2,60,15.5,0,1,1,0.33,0.01,15.5,1,0.01,151,0.17
CJD3,chr20,4691660,t,C,1,60,26,0,1,0,0.21,0.01,26,1,0.09,151,0.09
CJD3,chr20,4691660,t,G,0,0,0,0,0,0,0,0,0,0,0,0,0
CJD3,chr20,4691660,t,T,6532,59.99,22.42,0.55,3088,3444,0.48,0,1.48,3088,0.48,150.67,0.49
CJD3,chr20,4691660,t,N,0,0,0,0,0,0,0,0,0,0,0,0,0
CJD3,chr20,4691661,c,=,0,0,0,0,0,0,0,0,0,0,0,0,0
CJD3,chr20,4691661,c,A,6,50,22,0,2,4,0.44,0.02,33.33,2,0.18,133.67,0.41
CJD3,chr20,4691661,c,C,6411,60,17.38,0.55,3036,3375,0.48,0,0.67,3036,0.48,150.68,0.49
CJD3,chr20,4691661,c,G,0,0,0,0,0,0,0,0,0,0,0,0,0
CJD3,chr20,4691661,c,T,125,60,23.15,0.48,58,67,0.54,0.01,41.86,58,0.47,150.8,0.49
CJD3,chr20,4691661,c,N,0,0,0,0,0,0,0,0,0,0,0,0,0
CJD3,chr20,4691661,c,-cg,2,60,0,0,1,1,0.4,0.01,0,1,0.2,151,0.2
CJD3,chr20,4695333,c,=,0,0,0,0,0,0,0,0,0,0,0,0,0
CJD3,chr20,4695333,c,A,0,0,0,0,0,0,0,0,0,0,0,0,0
CJD3,chr20,4695333,c,C,6392,60,17.6,0.55,3411,2981,0.51,0,1.11,3411,0.5,150.6,0.48
CJD3,chr20,4695333,c,G,2,60,20.5,0,1,1,0.67,0.01,20.5,1,0.62,150.5,0.46
CJD3,chr20,4695333,c,T,4,60,22.75,0,2,2,0.6,0.01,22.75,2,0.53,151,0.34
CJD3,chr20,4695333,c,N,0,0,0,0,0,0,0,0,0,0,0,0,0
CJD3,chr20,4695334,g,=,0,0,0,0,0,0,0,0,0,0,0,0,0
CJD3,chr20,4695334,g,A,100,60,21.96,2.4,61,39,0.52,0.01,22.91,61,0.51,150.96,0.51
CJD3,chr20,4695334,g,C,0,0,0,0,0,0,0,0,0,0,0,0,0
CJD3,chr20,4695334,g,G,6300,60,16.67,0.52,3365,2935,0.51,0,0.82,3365,0.51,150.58,0.49
CJD3,chr20,4695334,g,T,0,0,0,0,0,0,0,0,0,0,0,0,0
CJD3,chr20,4695334,g,N,0,0,0,0,0,0,0,0,0,0,0,0,0
CJD3,chr20,4696445,c,=,0,0,0,0,0,0,0,0,0,0,0,0,0
CJD3,chr20,4696445,c,A,0,0,0,0,0,0,0,0,0,0,0,0,0
CJD3,chr20,4696445,c,C,7134,60,17.57,0.56,3724,3410,0.5,0,1.26,3724,0.52,150.67,0.5
CJD3,chr20,4696445,c,G,0,0,0,0,0,0,0,0,0,0,0,0,0
CJD3,chr20,4696445,c,T,2,60,25,0,1,1,0.23,0.01,25,1,0.21,151,0.11
CJD3,chr20,4696445,c,N,0,0,0,0,0,0,0,0,0,0,0,0,0
CJD3,chr20,4696446,g,=,0,0,0,0,0,0,0,0,0,0,0,0,0
CJD3,chr20,4696446,g,A,121,60,22.58,0.5,65,56,0.52,0.01,27.77,65,0.45,150.8,0.44
CJD3,chr20,4696446,g,C,0,0,0,0,0,0,0,0,0,0,0,0,0
CJD3,chr20,4696446,g,G,7030,60,16.2,0.56,3687,3343,0.5,0,0.8,3687,0.52,150.66,0.5
CJD3,chr20,4696446,g,T,0,0,0,0,0,0,0,0,0,0,0,0,0
CJD3,chr20,4696446,g,N,0,0,0,0,0,0,0,0,0,0,0,0,0
CJD30,chr20,4699817,C,=,0,0,0,0,0,0,0,0,0,0,0,0,0
CJD30,chr20,4699817,C,A,0,0,0,0,0,0,0,0,0,0,0,0,0
CJD30,chr20,4699817,C,C,950,60,14.17,0.25,458,492,0.52,0,8.63,458,0.45,150.07,0.46
CJD30,chr20,4699817,C,G,0,0,0,0,0,0,0,0,0,0,0,0,0
CJD30,chr20,4699817,C,T,0,0,0,0,0,0,0,0,0,0,0,0,0
CJD30,chr20,4699817,C,N,0,0,0,0,0,0,0,0,0,0,0,0,0
CJD30,chr20,4699818,G,=,0,0,0,0,0,0,0,0,0,0,0,0,0
CJD30,chr20,4699818,G,A,434,60,17.56,0.28,207,227,0.51,0.01,18.45,207,0.47,150.12,0.47
CJD30,chr20,4699818,G,C,0,0,0,0,0,0,0,0,0,0,0,0,0
CJD30,chr20,4699818,G,G,525,60,12.66,0.23,258,267,0.52,0,0.42,258,0.45,150.04,0.46
CJD30,chr20,4699818,G,T,0,0,0,0,0,0,0,0,0,0,0,0,0
CJD30,chr20,4699818,G,N,0,0,0,0,0,0,0,0,0,0,0,0,0
CJD4,chr4,105234396,A,=,0,0,0,0,0,0,0,0,0,0,0,0,0
CJD4,chr4,105234396,A,A,3423,60,20.18,0.23,1821,1602,0.5,0,10.94,1821,0.51,150.78,0.5
CJD4,chr4,105234396,A,C,0,0,0,0,0,0,0,0,0,0,0,0,0
CJD4,chr4,105234396,A,G,0,0,0,0,0,0,0,0,0,0,0,0,0
CJD4,chr4,105234396,A,T,1,60,2,0,1,0,0.66,0.01,17,1,0.32,151,0.32
CJD4,chr4,105234396,A,N,0,0,0,0,0,0,0,0,0,0,0,0,0
CJD4,chr4,105234397,G,=,0,0,0,0,0,0,0,0,0,0,0,0,0
CJD4,chr4,105234397,G,A,1712,60,20.39,0.18,907,805,0.51,0.01,21.01,907,0.51,150.77,0.49
CJD4,chr4,105234397,G,C,0,0,0,0,0,0,0,0,0,0,0,0,0
CJD4,chr4,105234397,G,G,1720,60,19.78,0.31,919,801,0.49,0,1.06,919,0.5,150.79,0.5
CJD4,chr4,105234397,G,T,0,0,0,0,0,0,0,0,0,0,0,0,0
CJD4,chr4,105234397,G,N,0,0,0,0,0,0,0,0,0,0,0,0,0
CJD6,chr20,4691919,t,=,0,0,0,0,0,0,0,0,0,0,0,0,0
CJD6,chr20,4691919,t,A,3,60,20,0,1,2,0.59,0.01,35,1,0.21,149,0.5
CJD6,chr20,4691919,t,C,0,0,0,0,0,0,0,0,0,0,0,0,0
CJD6,chr20,4691919,t,G,0,0,0,0,0,0,0,0,0,0,0,0,0
CJD6,chr20,4691919,t,T,3650,58.65,21.31,1.14,1892,1758,0.51,0,3.28,1892,0.48,145.5,0.47
CJD6,chr20,4691919,t,N,0,0,0,0,0,0,0,0,0,0,0,0,0
CJD6,chr20,4691920,g,=,0,0,0,0,0,0,0,0,0,0,0,0,0
CJD6,chr20,4691920,g,A,71,33.44,20.1,5.41,39,32,0.77,0.04,41.55,39,0.47,55.45,0.2
CJD6,chr20,4691920,g,C,0,0,0,0,0,0,0,0,0,0,0,0,0
CJD6,chr20,4691920,g,G,3591,59.15,19.93,1.05,1856,1735,0.51,0,2.54,1856,0.48,147.26,0.47
CJD6,chr20,4691920,g,T,0,0,0,0,0,0,0,0,0,0,0,0,0
CJD6,chr20,4691920,g,N,0,0,0,0,0,0,0,0,0,0,0,0,0
CJD6,chr20,4694508,A,=,0,0,0,0,0,0,0,0,0,0,0,0,0
CJD6,chr20,4694508,A,A,1109,60,21.17,0.16,559,550,0.55,0,8.65,559,0.5,150.63,0.46
CJD6,chr20,4694508,A,C,0,0,0,0,0,0,0,0,0,0,0,0,0
CJD6,chr20,4694508,A,G,0,0,0,0,0,0,0,0,0,0,0,0,0
CJD6,chr20,4694508,A,T,0,0,0,0,0,0,0,0,0,0,0,0,0
CJD6,chr20,4694508,A,N,0,0,0,0,0,0,0,0,0,0,0,0,0
CJD6,chr20,4694509,A,=,0,0,0,0,0,0,0,0,0,0,0,0,0
CJD6,chr20,4694509,A,A,684,60,20.73,0.26,349,335,0.55,0,0.69,349,0.47,150.61,0.45
CJD6,chr20,4694509,A,C,0,0,0,0,0,0,0,0,0,0,0,0,0
CJD6,chr20,4694509,A,G,0,0,0,0,0,0,0,0,0,0,0,0,0
CJD6,chr20,4694509,A,T,425,60,20.78,0,212,213,0.55,0.01,21.51,212,0.54,150.67,0.48
CJD6,chr20,4694509,A,N,0,0,0,0,0,0,0,0,0,0,0,0,0
CJD7,chr20,4694269,g,=,0,0,0,0,0,0,0,0,0,0,0,0,0
CJD7,chr20,4694269,g,A,5,33.2,17.6,0,2,3,0.78,0.08,81.6,2,0.25,91.4,0.27
CJD7,chr20,4694269,g,C,0,0,0,0,0,0,0,0,0,0,0,0,0
CJD7,chr20,4694269,g,G,1404,57.19,21.06,0.16,674,730,0.54,0.01,7.9,674,0.47,144.9,0.45
CJD7,chr20,4694269,g,T,0,0,0,0,0,0,0,0,0,0,0,0,0
CJD7,chr20,4694269,g,N,0,0,0,0,0,0,0,0,0,0,0,0,0
CJD7,chr20,4694270,a,=,0,0,0,0,0,0,0,0,0,0,0,0,0
CJD7,chr20,4694270,a,A,1369,57.96,21.02,0.16,649,720,0.53,0,5.41,649,0.47,146.14,0.45
CJD7,chr20,4694270,a,C,0,0,0,0,0,0,0,0,0,0,0,0,0
CJD7,chr20,4694270,a,G,37,28.38,19.86,0.14,22,15,0.83,0.07,107.11,22,0.41,97.68,0.3
CJD7,chr20,4694270,a,T,2,0,19.5,0,2,0,0.9,0.05,41.5,2,0.68,42,0.33
CJD7,chr20,4694270,a,N,0,0,0,0,0,0,0,0,0,0,0,0,0
CJD8,chr20,4692885,T,=,0,0,0,0,0,0,0,0,0,0,0,0,0
CJD8,chr20,4692885,T,A,0,0,0,0,0,0,0,0,0,0,0,0,0
CJD8,chr20,4692885,T,C,0,0,0,0,0,0,0,0,0,0,0,0,0
CJD8,chr20,4692885,T,G,0,0,0,0,0,0,0,0,0,0,0,0,0
CJD8,chr20,4692885,T,T,57,60,16.63,0,31,26,0.53,0,8.67,31,0.51,149.95,0.44
CJD8,chr20,4692885,T,N,0,0,0,0,0,0,0,0,0,0,0,0,0
CJD8,chr20,4692886,G,=,0,0,0,0,0,0,0,0,0,0,0,0,0
CJD8,chr20,4692886,G,A,26,60,16.15,0,14,12,0.56,0.01,17.88,14,0.44,149.31,0.42
CJD8,chr20,4692886,G,C,0,0,0,0,0,0,0,0,0,0,0,0,0
CJD8,chr20,4692886,G,G,32,60,15.88,0,18,14,0.49,0,0.91,18,0.59,150.5,0.47
CJD8,chr20,4692886,G,T,0,0,0,0,0,0,0,0,0,0,0,0,0
CJD8,chr20,4692886,G,N,0,0,0,0,0,0,0,0,0,0,0,0,0
