path	bytes	sha256
README.md	381	181f93f840b0f2c2d0eb5920742847de34d166dff4c60cdcc0dd7b249b850a5d
results2/spikein/filtermutectcalls_comparison/comparison.tsv	4589	11a58884986611ebdfb4edb4b4b19d941fee200a5d7bd4278c6cea1f6cddca46
results2/spikein/filtermutectcalls_comparison/filtered/both_changes/NA995A05_undil.filtered.vcf.gz	11510	f25b70492aa8b211963fbdb8031c4384aa848d7b14a9eac06d971d7ee823b03e
results2/spikein/filtermutectcalls_comparison/filtered/both_changes/NA995A05_undil.filtered.vcf.gz.filteringStats.tsv	1747	cc4d6d6f372a641c51684c516b8bb7ac87b08d9d016f5786ff7a0d4b964bda57
results2/spikein/filtermutectcalls_comparison/filtered/both_changes/NA995A05_undil.filtered.vcf.gz.tbi	302	bc0cf563bf7477d683f1e06526f309545b0642984c7241d78e72a190ce460927
results2/spikein/filtermutectcalls_comparison/filtered/both_changes/NA99A1_undil.filtered.vcf.gz	8924	1defcbd06c61528896cb38ebf7bc5c1b373ebeca86eb5094efb811cd12091049
results2/spikein/filtermutectcalls_comparison/filtered/both_changes/NA99A1_undil.filtered.vcf.gz.filteringStats.tsv	1724	66f5e3bf2e05c101c269dab5876c863f3ac0d2fdedb780b823207dc6fb18873e
results2/spikein/filtermutectcalls_comparison/filtered/both_changes/NA99A1_undil.filtered.vcf.gz.tbi	124	66d2005fd2ab67bcea523925f0cb6e75b77a9c4029eed52aa918946278736002
results2/spikein/filtermutectcalls_comparison/filtered/max_population_af_1/NA995A05_undil.filtered.vcf.gz	9062	151e846bb3a4eee2d25d9f3ed0cd6fb031d846d85baff6a0f11f74fa5ca6728a
results2/spikein/filtermutectcalls_comparison/filtered/max_population_af_1/NA995A05_undil.filtered.vcf.gz.filteringStats.tsv	1747	1f87aa5f6f735e953f88c2c5b3aa9abf9099b168d76b4ecb4c9add0c7ad97106
results2/spikein/filtermutectcalls_comparison/filtered/max_population_af_1/NA995A05_undil.filtered.vcf.gz.tbi	303	71666b0edf3fe3a27ee8c0c59e692021050fdcf7738d51d49a02776bb110702b
results2/spikein/filtermutectcalls_comparison/filtered/max_population_af_1/NA99A1_undil.filtered.vcf.gz	8852	3d24fce565695f1262b163401686052656ab67b9ee6ce67cb6a20459db4fc90c
results2/spikein/filtermutectcalls_comparison/filtered/max_population_af_1/NA99A1_undil.filtered.vcf.gz.filteringStats.tsv	1723	facedbc1ba46d2122b612482ef9eebf4cd9a1784814b1b8c02cf999b0c8e63b5
results2/spikein/filtermutectcalls_comparison/filtered/max_population_af_1/NA99A1_undil.filtered.vcf.gz.tbi	124	2360b3f38546c8690849edc5ba37917ec9e04d7b0f4c2aefa12b809b9d0b8e2f
results2/spikein/filtermutectcalls_comparison/filtered/no_alignment_start_cap/NA995A05_undil.filtered.vcf.gz	11490	a9d374efb4a97c66cb0e6de4472b2b15066d50e43f34716813f0b5a9604e54d6
results2/spikein/filtermutectcalls_comparison/filtered/no_alignment_start_cap/NA995A05_undil.filtered.vcf.gz.filteringStats.tsv	1747	cc4d6d6f372a641c51684c516b8bb7ac87b08d9d016f5786ff7a0d4b964bda57
results2/spikein/filtermutectcalls_comparison/filtered/no_alignment_start_cap/NA995A05_undil.filtered.vcf.gz.tbi	304	a62603d299ddf4fd0821b3d7f366b0493b1f7e66dbd2b2aac02eff88de1193b8
results2/spikein/filtermutectcalls_comparison/filtered/no_alignment_start_cap/NA99A1_undil.filtered.vcf.gz	8905	def19ec822235fa2646365a082d6736a1bfc2c3da2caadf351882e02bac757a2
results2/spikein/filtermutectcalls_comparison/filtered/no_alignment_start_cap/NA99A1_undil.filtered.vcf.gz.filteringStats.tsv	1724	66f5e3bf2e05c101c269dab5876c863f3ac0d2fdedb780b823207dc6fb18873e
results2/spikein/filtermutectcalls_comparison/filtered/no_alignment_start_cap/NA99A1_undil.filtered.vcf.gz.tbi	124	18321b8032511807e19bad597879e9a8dcbdeecb57914bdf2ffbdb7573107d1b
results2/spikein/filtermutectcalls_comparison/filtered/original_defaults/NA995A05_undil.filtered.vcf.gz	9056	23454dcf838b65d0f17b34e97eb623c1ef31f72ee0cf4bfc1883f2310c195090
results2/spikein/filtermutectcalls_comparison/filtered/original_defaults/NA995A05_undil.filtered.vcf.gz.filteringStats.tsv	1747	1f87aa5f6f735e953f88c2c5b3aa9abf9099b168d76b4ecb4c9add0c7ad97106
results2/spikein/filtermutectcalls_comparison/filtered/original_defaults/NA995A05_undil.filtered.vcf.gz.tbi	301	18aaa0749b7ffb3e20ebb6ba98077a9972e522fd49c7cfa1bd80e6a6e04a0511
results2/spikein/filtermutectcalls_comparison/filtered/original_defaults/NA99A1_undil.filtered.vcf.gz	8849	2673b00da988e288aa2899855c1c232348ed7371b1712e90cb626b7cad3f203d
results2/spikein/filtermutectcalls_comparison/filtered/original_defaults/NA99A1_undil.filtered.vcf.gz.filteringStats.tsv	1723	facedbc1ba46d2122b612482ef9eebf4cd9a1784814b1b8c02cf999b0c8e63b5
results2/spikein/filtermutectcalls_comparison/filtered/original_defaults/NA99A1_undil.filtered.vcf.gz.tbi	124	2dddb259a543354bc01dc6509c3cb391d12520554b7869b7e183f9c5c47beae2
results2/spikein/filtermutectcalls_comparison/orientation/both_changes/NA995A05_undil.orientation.tar.gz	4747	8c8e6f97db1ab9269322678c623a332198d56b9b3b8165ab5f4f086059cc99cb
results2/spikein/filtermutectcalls_comparison/orientation/both_changes/NA99A1_undil.orientation.tar.gz	4775	1c2fa052020e93c15b1f7e299ab54f821ef41a4e92c0f3c967699f3cc9dcdb0a
results2/spikein/filtermutectcalls_comparison/orientation/max_population_af_1/NA995A05_undil.orientation.tar.gz	4758	467239568151dce1b2fa6c0928d8b04465a8fea1fac7676c15bb3a80734085a1
results2/spikein/filtermutectcalls_comparison/orientation/max_population_af_1/NA99A1_undil.orientation.tar.gz	4756	1a91dae21e292e0db30bc9308f24a05c63ac08b23d762d33254b598bb57d9d15
results2/spikein/filtermutectcalls_comparison/orientation/no_alignment_start_cap/NA995A05_undil.orientation.tar.gz	4747	36a83277d439b87333c2919081c30083d5c0b5c5d943714ac9e008da36f14a8f
results2/spikein/filtermutectcalls_comparison/orientation/no_alignment_start_cap/NA99A1_undil.orientation.tar.gz	4773	b08b3629b458e1a4cde07e762fedc2c7c48ab2d2b0d7d939562ca0ff67c87bec
results2/spikein/filtermutectcalls_comparison/orientation/original_defaults/NA995A05_undil.orientation.tar.gz	4758	ca781691894127a2410aa44451ba485048a7b0c90ada42c2eeeb74d3b384c1cf
results2/spikein/filtermutectcalls_comparison/orientation/original_defaults/NA99A1_undil.orientation.tar.gz	4757	8b6d7c69ec9b8c8b611356f56f8bcae0ca65ed9208df01502fb756ced0de5146
results2/spikein/filtermutectcalls_comparison/run_settings.tsv	576	0d9417d5f84c672efb5d0b3cbe393475dbb46884bd0a04dbfd2bac06d8a76c20
results2/spikein/filtermutectcalls_comparison/run.log	109136	c45d23e8fd82cc826a3454f4746cdcf6fc7a5a55e1e1d5cddd64ecfc29e19ee4
results2/spikein/filtermutectcalls_comparison/sha256.txt	4422	65cc9b2c70f4cb4ced5f499df0a2dbd338e4112dfb8a960186a65d450e978057
results2/spikein/filtermutectcalls_initial0_emit3_max_events_5/filtered/NA995A05_undil.filtered.vcf.gz	11431	13f13c89d4cd03fff58d1d40faef2cb0732595e2796f9c92a99a3af25bd442b9
results2/spikein/filtermutectcalls_initial0_emit3_max_events_5/filtered/NA995A05_undil.filtered.vcf.gz.filteringStats.tsv	1751	9e01891416088d134e06ba810bf3cbfbe14177768064da2a70e0ad2de60ef460
results2/spikein/filtermutectcalls_initial0_emit3_max_events_5/filtered/NA995A05_undil.filtered.vcf.gz.tbi	303	031903d286f4ac206d1fd5544b7063a5c60482a4e0fdbf9fb21a19be398158ae
results2/spikein/filtermutectcalls_initial0_emit3_max_events_5/filtered/NA99A1_undil.filtered.vcf.gz	9335	75ff568084cfae95b65313194fc9739be9460246bea8647ff67b2a055ed93ba1
results2/spikein/filtermutectcalls_initial0_emit3_max_events_5/filtered/NA99A1_undil.filtered.vcf.gz.filteringStats.tsv	1757	641f515c4763464c88d9f47762ea5e35347a0e5642e6bb2ba65581713f98dfb2
results2/spikein/filtermutectcalls_initial0_emit3_max_events_5/filtered/NA99A1_undil.filtered.vcf.gz.tbi	124	a36e929d712ce06a951abb7f8737512936b30578419920b038d556608f1dcb43
results2/spikein/filtermutectcalls_initial0_emit3_max_events_5/run_settings.tsv	340	c815c308ab1c13a2197dd091ef346dcb3543342a8089ce30967e43e7fde65628
results2/spikein/filtermutectcalls_initial0_emit3_max_events_5/sha256.txt	759	1630ebacc7ee3272e39622d2b6c90e86712a92ad9cfb01e9e4c9e0a08406f755
results2/spikein/filtermutectcalls_initial0_emit3_original/filtered/NA995A05_undil.filtered.vcf.gz	11483	79abffbca962fb7a155b8a04ecdf492bd493e4fcff045da2dec75af765fd47ce
results2/spikein/filtermutectcalls_initial0_emit3_original/filtered/NA995A05_undil.filtered.vcf.gz.filteringStats.tsv	1747	cc4d6d6f372a641c51684c516b8bb7ac87b08d9d016f5786ff7a0d4b964bda57
results2/spikein/filtermutectcalls_initial0_emit3_original/filtered/NA995A05_undil.filtered.vcf.gz.tbi	302	5bcc93cc54b88e6d71a3b4caf1835c2cfbd1ddfeb4d3a8bfd1fa119e144218cb
results2/spikein/filtermutectcalls_initial0_emit3_original/filtered/NA99A1_undil.filtered.vcf.gz	9382	d7c600a78d71fe25bd0afb3ec9ed9c6e52df3b9fca322fd776a192524f84823d
results2/spikein/filtermutectcalls_initial0_emit3_original/filtered/NA99A1_undil.filtered.vcf.gz.filteringStats.tsv	1726	08465b5731f1bf8259c1e5b03606cca551c6aa4ada9c6b880146b097489bfbc9
results2/spikein/filtermutectcalls_initial0_emit3_original/filtered/NA99A1_undil.filtered.vcf.gz.tbi	124	d88a5fb242511638d2bde850d978ff10fe77f412c891795d77a3becf80b37b5a
results2/spikein/filtermutectcalls_initial0_emit3_original/orientation/NA995A05_undil.orientation.tar.gz	4748	016f118a7026e0b3c6192d180a900203580f9ed95348749c434ba6ec0e006ee4
results2/spikein/filtermutectcalls_initial0_emit3_original/orientation/NA99A1_undil.orientation.tar.gz	4775	b5674c422e77c16dfd8966c1c84320999ace8688f09f7b85b4031a59d492e16f
results2/spikein/filtermutectcalls_initial0_emit3_original/run_settings.tsv	252	59ea78199fbf264a1efb0b4ed00a152f62328c6b9c284f76e1dd7ca70b327464
results2/spikein/filtermutectcalls_initial0_emit3_original/sha256.txt	981	4aace0b3a15879c34f95eda434858547d8849f243637dcb87b34ce5b461040fb
results2/spikein/logs/filtermutectcalls_initial0_emit3_marker_results_sha256.txt	140	07815e580bd01e0c6791f8992e76401ec9537dff96071a73821603bbf840b993
results2/spikein/logs/filtermutectcalls_initial0_emit3_marker_results.tsv	923	8cf63b27d3e427014f9770e51c696dc638b95d38330533a75ae558b5ecae49ed
results2/spikein/logs/filtermutectcalls_initial0_emit3_max_events_5_comparison_sha256.txt	149	2f143c6f94a8551ff6433ea852e5f1e3d46524a4326e9f611a36b50964202d58
results2/spikein/logs/filtermutectcalls_initial0_emit3_max_events_5_comparison.tsv	951	7851b0401d6fde75e6a09820cffef2690d580ca0743d20d75717ef673ac76b12
results2/spikein/logs/filtermutectcalls_initial0_emit3_max_events_5_console.log	9668	642a2f8a7ef8827d7426b0e92a117b3f5e8c8e5b837c1dcaaf1dac402511018d
results2/spikein/logs/filtermutectcalls_initial0_emit3_max_events_5.time	784	3505e1634c2527152f552d24d6ebe3a02c3453fced42215f54fd69be3ddbfc0d
results2/spikein/logs/filtermutectcalls_initial0_emit3_original_console.log	24325	565fddd7ace39441aeb53ace0d23516d9af56074a016b6cb90112a36f38e81da
results2/spikein/logs/filtermutectcalls_initial0_emit3_original.time	795	45f223c839c757fc1d3f9ca5649c4670d5558aa75af18f7ba701a0ab8ba36115
results2/spikein/logs/final_stage8_dry_run.log	1852	72b8fb2c22e3adaa0e37f9d59ecdc2911a37027239b0a049c120cb14f49dcd67
results2/spikein/logs/final_stage9_dry_run.log	2316	4f7518e9c51b0ae4af8485544a579ac263d268b4f59cd6031ce237ee08d6d213
results2/spikein/logs/mixture_mutect2_alignment_start_cap_comparison.tsv	2417	6a7d16b49df983ab608743131359863c5bb46eabba142bd1f9e1bd3289a82f75
results2/spikein/logs/mixture_mutect2_console.log	16557	afb8f14e1b1d5b71760067d8e02261db8d0b26aba2f3540499bef77a435d6429
results2/spikein/logs/mixture_mutect2_dry_run.log	1644	968618d83058a0a25e23094f6ca1b101fef814c1008d818c74057814150eb285
results2/spikein/logs/mixture_mutect2_max_population_af_1_comparison.tsv	2393	ac894f2a73bb68c95d0c3e42e255b1ad0c9da64d1cb97f2d930cd28e7c308cd5
results2/spikein/logs/mixture_mutect2_max_population_af_1_console.log	16978	e623a665e8db4fa017228826a0f0b030c2f9a344e547cfdab9cbc06b2eb6dbda
results2/spikein/logs/mixture_mutect2_max_population_af_1_no_alignment_start_cap_console.log	17594	6e230066aa0f12b553eb9e39d7506962f824231b3f2a7d09cbef927a281961e3
results2/spikein/logs/mixture_mutect2_max_population_af_1_no_alignment_start_cap_sha256.txt	2744	05533282ac15d6d2625848f094c548b3ee43dea848481418d7abf72d93436c7d
results2/spikein/logs/mixture_mutect2_max_population_af_1_no_alignment_start_cap.time	879	343603384b72517e3d3ee923f42528b71608dc9a2681647d556834f3a09fc981
results2/spikein/logs/mixture_mutect2_max_population_af_1_sha256.txt	2145	d1640237296d0ea5b4725591c2bb47bbad3d3567248a13e15350edcb6677b1b0
results2/spikein/logs/mixture_mutect2_max_population_af_1.time	856	85fa74361b10ccc7dbea636c5caad343aec7d9cd90d6f8d80d0d1c2e7c77b78b
results2/spikein/logs/mixture_mutect2_no_alignment_start_cap_console.log	17165	a3a24336666769535d186b6801c869ee3f6261e5a9b011e65454153518ba72a9
results2/spikein/logs/mixture_mutect2_no_alignment_start_cap_sha256.txt	2181	1e05f63922c03b4666d58c231f98412cab06a566233e6cf293fb68dabee2e5f2
results2/spikein/logs/mixture_mutect2_no_alignment_start_cap.time	892	a19f68006abf151f02f734adf4f2707c0e00858974cf6bd41a293615aa0780f0
results2/spikein/logs/mixture_mutect2_sha256.txt	1301	87432ebcd91a9b87153c3acbb6583714ec5a89cb8b5dbdcac0eede06b9bae6a2
results2/spikein/logs/mixture_mutect2_simplified_dry_run.log	1644	968618d83058a0a25e23094f6ca1b101fef814c1008d818c74057814150eb285
results2/spikein/logs/mixture_mutect2_stage8_parameter_comparison.tsv	5034	6f5805af7a558cebc071bc287893d6b4bff20494c6173b05b8a74d2d9fdc7a9f
results2/spikein/logs/mixture_mutect2.time	803	91434e2d76d2e8a58dae77053bf268118aa1b449600f3ee3d86a7b4076cc9602
results2/spikein/logs/mutect2_active_probability_0_00002_console.log	17770	9e749a2952f0b82da057268a4a2bad3a29e1b6585a03ef14790e5051e3564f60
results2/spikein/logs/mutect2_active_probability_0_00002_dry_run.log	2030	4d7f406450a6075767011d04749682c44b20fae4397ab71c8972b93281d660bb
results2/spikein/logs/mutect2_active_probability_0_00002_sha256.txt	1335	0117a1baf9340bc12b661dc40ef8dc6bb0f4f35d675693d57e549f6ae330a7bd
results2/spikein/logs/mutect2_active_probability_0_00002.time	921	a52fe3c142f3b2c268259957b16de659f950470ba44bbcaa80bca86f5be38423
results2/spikein/logs/mutect2_active_probability_0_0002_console.log	17770	f0c491d334f1b23c9e0d85c5fc34b8b541b45c572065bb0260a5b6d34f9806c1
results2/spikein/logs/mutect2_active_probability_0_0002_dry_run.log	2020	2d91d864d7da71ffa10b877798f6a36b1b7fc4e64d830d827cc86608733513b3
results2/spikein/logs/mutect2_active_probability_0_0002_sha256.txt	1326	1c7cdf319401c28ecbe5ee7635e996322f2789779a743d13f21df79d65896eb0
results2/spikein/logs/mutect2_active_probability_0_0002.time	919	8010dfd6c9abb04ca93ad209da03940e72c694ede79257cc2b5aeac9b4ef9c4f
results2/spikein/logs/mutect2_active_probability_0_console.log	17432	afdbd695487026a6dfb05035eff234c78f42987498c3afe6a496b8c059c7c427
results2/spikein/logs/mutect2_active_probability_0_dry_run.log	1970	ac32b6ba247db3f4f8e8b5a1552b56657b8e95238d0700507d037ec26127f3c1
results2/spikein/logs/mutect2_active_probability_0_sha256.txt	1281	d18d3c735bd65b9829c4aba65613b1e8688c57cbf016b52fea880212b5598084
results2/spikein/logs/mutect2_active_probability_0.time	909	3d5cbf5502b20ff84ea7835d624ce564d4e13162367023cda12c89819a370193
results2/spikein/logs/mutect2_active_probability_comparison_sha256.txt	130	3765554155332797000e6bf99e02635c85bb621360010713dc4bac5462165a37
results2/spikein/logs/mutect2_active_probability_comparison.tsv	3403	632321114a762e828289bc364c8308a9603d5f1df65bbc6de461898e369a835f
results2/spikein/logs/mutect2_activity_diagnostics_sha256.txt	5907	daccb8bb38ce3992839cedbbbd0cb9940a2381bda6846fce833dd8b2e972a17f
results2/spikein/logs/mutect2_activity_probability_diagnostic_console.log	48564	ff44f290893649625e60253f44eef471362864dde1df9afe60ccea13b2bcdec3
results2/spikein/logs/mutect2_activity_probability_diagnostic.time	828	3c8e6686eb34539712ea564600a38b2ce65fe2a802720f74ba641ca61458a8e5
results2/spikein/logs/mutect2_activity_profile_high.log	6298	16cce07a0c3bcbf0d12b79073c772fddbcc57b50e668bb4600ec441dfab40e6e
results2/spikein/logs/mutect2_activity_profile_low.log	6304	0cd66e0a76ce18c690a31f2756640e7809aea0e8042c2dd2c415b5595d0284c3
results2/spikein/logs/mutect2_forced_markers_high.log	6416	b5823aea1c3f207d53ef67a49dc06d963087a0660403ef16b093e42fec5dd73f
results2/spikein/logs/mutect2_forced_markers_low.log	6289	2e8f1aa566354536e025582bf3737d63da04703d4f4c659b843ddb5e947e0eb9
results2/spikein/logs/mutect2_genotype_germline_high.log	6375	ad9796f5fd0df965e7596313f48d82e5781c2beee8e21ec9d8da74f73e67294a
results2/spikein/logs/mutect2_genotype_germline_low.log	6371	1a4e82f4aecb90bc00548293e2d3fe8d4e14e7e69be008dc2b1b03c0928c3306
results2/spikein/logs/mutect2_initial_lod_0_high.log	6352	376142a8c80d3548aec4835609a985f2035d20d8854d326470092843450a051c
results2/spikein/logs/mutect2_initial_lod_0_low.log	6342	2ced37699931c1873e4d6419f3850f58eadcd66d2984749412488b22b449cb3b
results2/spikein/logs/mutect2_initial0_emit_lod_comparison_sha256.txt	129	8c097b7380a5b27df2b038e3245fe90d78958a427d6af041400ec93e36bd78e4
results2/spikein/logs/mutect2_initial0_emit_lod_comparison.tsv	1957	fbe7080cf22bb82053b2bd725dfb9a8620c04a1bb33b59216faccc41fd14697d
results2/spikein/logs/mutect2_initial0_emit0_console.log	17309	1bcf9a8a623f7eb3a1e3dc128ed1b7800a0d4f2cc4943cbf9d6aeb4e6b1b4919
results2/spikein/logs/mutect2_initial0_emit0_sha256.txt	1227	511ebf10d7a36521db12d3f65a274d39e5a9e355f2fc435ce303b1abc5d873a3
results2/spikein/logs/mutect2_initial0_emit0.time	872	1a04f53c16fe89a3c64279b80aa9a6f8f46542d10ed17b9fa7790657fabd9b11
results2/spikein/logs/mutect2_initial0_emit3_console.log	17218	6f730ee0516a2b2891593edc32dc5622508aa4dd6b89e4e089260d9114aa5601
results2/spikein/logs/mutect2_initial0_emit3_sha256.txt	1227	edc3cdece5822d4c34676ab10c40a47f1c9921a36539e34014c1979e2125b0a5
results2/spikein/logs/mutect2_initial0_emit3.time	872	90ea1fce6e2db329ab5d7dfb654151eb2e1162f82e28bdeca6b074835eb085c7
results2/spikein/mutect2_active_probability_0_00002/f1r2/NA995A05_undil.f1r2.tar.gz	44861	15fdf7d0c83f2dd13257a9d401e402c2278d05e4cbaea84f54f15f12082964c3
results2/spikein/mutect2_active_probability_0_00002/f1r2/NA99A1_undil.f1r2.tar.gz	30594	93e91b2e94b3c0d5162f3a10ca145c173e02aecc4ac0061f60b82c64107a0b5a
results2/spikein/mutect2_active_probability_0_00002/run_settings.tsv	622	6d7d63ba4e8621e30a1c93172c2e9a91b3fdfbc9164c654aab9ce932aac02baa
results2/spikein/mutect2_active_probability_0_00002/run.log	17770	9e749a2952f0b82da057268a4a2bad3a29e1b6585a03ef14790e5051e3564f60
results2/spikein/mutect2_active_probability_0_00002/vcf/NA995A05_undil.raw.vcf.gz	9595	8223e400eb181b0454f99bd1737eb822e9b637192e1456030da000c93ea36169
results2/spikein/mutect2_active_probability_0_00002/vcf/NA995A05_undil.raw.vcf.gz.stats	33	f286b6bbe32ba83e6e5d367d2226912e392f963b7e124548f9dedf3af5f919c5
results2/spikein/mutect2_active_probability_0_00002/vcf/NA995A05_undil.raw.vcf.gz.tbi	302	719c22d4fa0961fbf77e494d31f85feb68d0023d97a66085bc6903840a663d4f
results2/spikein/mutect2_active_probability_0_00002/vcf/NA99A1_undil.raw.vcf.gz	7815	dbbc49c028480916b60cc633aaab1e5ec347c939bab815e566bae242bc932ae5
results2/spikein/mutect2_active_probability_0_00002/vcf/NA99A1_undil.raw.vcf.gz.stats	33	f286b6bbe32ba83e6e5d367d2226912e392f963b7e124548f9dedf3af5f919c5
results2/spikein/mutect2_active_probability_0_00002/vcf/NA99A1_undil.raw.vcf.gz.tbi	124	9f7eb5022ca99e04cf07c757c2271127a11dd331da8c24c206bb392bde044b14
results2/spikein/mutect2_active_probability_0_0002/f1r2/NA995A05_undil.f1r2.tar.gz	44865	8432c0827aa3630f65edb7053e25f30a8cc24200a3d8e18a21af58ffcb7f045a
results2/spikein/mutect2_active_probability_0_0002/f1r2/NA99A1_undil.f1r2.tar.gz	30593	e9a50608fb5881c251d24ea9929da60248fa2beedf7544ec89ba19078880e691
results2/spikein/mutect2_active_probability_0_0002/run_settings.tsv	621	0028139a6db2ce13e798dda196ad0b05e8b8fcec3701722bcd0894a23aeb50db
results2/spikein/mutect2_active_probability_0_0002/run.log	17770	f0c491d334f1b23c9e0d85c5fc34b8b541b45c572065bb0260a5b6d34f9806c1
results2/spikein/mutect2_active_probability_0_0002/vcf/NA995A05_undil.raw.vcf.gz	9594	1296358303e27eb6d48a091f8d3314098703dc0754d37b88276531a18f9a85c0
results2/spikein/mutect2_active_probability_0_0002/vcf/NA995A05_undil.raw.vcf.gz.stats	33	f286b6bbe32ba83e6e5d367d2226912e392f963b7e124548f9dedf3af5f919c5
results2/spikein/mutect2_active_probability_0_0002/vcf/NA995A05_undil.raw.vcf.gz.tbi	301	73a6a05ad7bd59033087713745c2c70c2ead5f72575bd0805101fbc09b5ea632
results2/spikein/mutect2_active_probability_0_0002/vcf/NA99A1_undil.raw.vcf.gz	7814	07d213eed9976410d27798ebe3f26002bcf6c88f817fb7405346571c73ead815
results2/spikein/mutect2_active_probability_0_0002/vcf/NA99A1_undil.raw.vcf.gz.stats	33	f286b6bbe32ba83e6e5d367d2226912e392f963b7e124548f9dedf3af5f919c5
results2/spikein/mutect2_active_probability_0_0002/vcf/NA99A1_undil.raw.vcf.gz.tbi	124	86626f3e599580593b24c2295acd00fb11a252eb94090e947ae6c56a17283080
results2/spikein/mutect2_active_probability_0/f1r2/NA995A05_undil.f1r2.tar.gz	44867	c04799a50a9730a265b2c89fef77f7c2e4683d4072eaba0b89babbc084d76db4
results2/spikein/mutect2_active_probability_0/f1r2/NA99A1_undil.f1r2.tar.gz	30590	caa49a54e22c1c19783a32da14d7ccb7552e2431725508b34e1b5768434a721c
results2/spikein/mutect2_active_probability_0/run_settings.tsv	616	a6f70e0b72e4d115c9cd7d9e63ad1f687745164a06f71aa6a0c9bc9a51cbc68e
results2/spikein/mutect2_active_probability_0/run.log	17432	afdbd695487026a6dfb05035eff234c78f42987498c3afe6a496b8c059c7c427
results2/spikein/mutect2_active_probability_0/vcf/NA995A05_undil.raw.vcf.gz	9587	b596cf14628853b55fba2b75026e7345156dda87d15276060951d070f25fe09c
results2/spikein/mutect2_active_probability_0/vcf/NA995A05_undil.raw.vcf.gz.stats	33	f286b6bbe32ba83e6e5d367d2226912e392f963b7e124548f9dedf3af5f919c5
results2/spikein/mutect2_active_probability_0/vcf/NA995A05_undil.raw.vcf.gz.tbi	302	445e6844f9b1f8e1eedf52f0218d733fe878c9434d6289339a17d89b175c649d
results2/spikein/mutect2_active_probability_0/vcf/NA99A1_undil.raw.vcf.gz	7807	e7697768dc6599a4c594920102d25eb8ea1d10fd0290bf8d7ae68145b4212f84
results2/spikein/mutect2_active_probability_0/vcf/NA99A1_undil.raw.vcf.gz.stats	33	f286b6bbe32ba83e6e5d367d2226912e392f963b7e124548f9dedf3af5f919c5
results2/spikein/mutect2_active_probability_0/vcf/NA99A1_undil.raw.vcf.gz.tbi	124	8ac473d21c24c3389bb984bd7116130b1d800ff33f82fe820ffbb8e3fba5d10d
results2/spikein/mutect2_diagnostics/activity_profile_marker_summary.tsv	1181	1f9e609104e21da85ffeb4f6b97d9c987a37a013887ff53e8c158aeff0a0da9d
results2/spikein/mutect2_diagnostics/activity/NA995A05_undil.assembly_regions.igv	1514	1e08320a5fe6e2323bf49fd8acab3c4ae6778b168ba122b71dede9863c5db9dc
results2/spikein/mutect2_diagnostics/activity/NA995A05_undil.genotype_germline.assembly_regions.igv	1514	1e08320a5fe6e2323bf49fd8acab3c4ae6778b168ba122b71dede9863c5db9dc
results2/spikein/mutect2_diagnostics/activity/NA995A05_undil.initial_lod_0.assembly_regions.igv	1514	c640bd56339feb7772081f2c8a148004718d427354606745cefef33f97c605aa
results2/spikein/mutect2_diagnostics/activity/NA995A05_undil.raw.vcf.gz	5367	91a954dd7cdec62d61365dc41461aa1d7ea49ef60efd3abdd4f23b7a81fe0e0e
results2/spikein/mutect2_diagnostics/activity/NA995A05_undil.raw.vcf.gz.stats	32	38e776f992a5e6006aa9b130cbdb3e9bdfe41d78da311d977da738f20782565f
results2/spikein/mutect2_diagnostics/activity/NA995A05_undil.raw.vcf.gz.tbi	124	6382e731a9bc9c1df5efa3db27fe7695fbe8a17e60bff3257870796220db90e3
results2/spikein/mutect2_diagnostics/activity/NA99A1_undil.assembly_regions.igv	1354	9be7055cfb7c25fc998a8754dc98887cb5660a5568b638e0dc50b0c2b4be6257
results2/spikein/mutect2_diagnostics/activity/NA99A1_undil.genotype_germline.assembly_regions.igv	1354	9be7055cfb7c25fc998a8754dc98887cb5660a5568b638e0dc50b0c2b4be6257
results2/spikein/mutect2_diagnostics/activity/NA99A1_undil.initial_lod_0.assembly_regions.igv	1512	73b8fcdaec2a674501afb503eb906b905db52ba7596bbf024c81b6b7c60e4d4a
results2/spikein/mutect2_diagnostics/activity/NA99A1_undil.raw.vcf.gz	4944	ce7662448b1a27bbc51d94474b12de9e52dd136a1e9d9e1cf2fa470059e8a88e
results2/spikein/mutect2_diagnostics/activity/NA99A1_undil.raw.vcf.gz.stats	32	38e776f992a5e6006aa9b130cbdb3e9bdfe41d78da311d977da738f20782565f
results2/spikein/mutect2_diagnostics/activity/NA99A1_undil.raw.vcf.gz.tbi	123	1b0357d22dfb18b8c9a3913211d3c1c00ed98266f98d6cbca40cedf55c8b857d
results2/spikein/mutect2_diagnostics/forced_markers.vcf	321	0951eab849ade92eb0ead00da845e261a32c65a927078f238eed5096e217cc6a
results2/spikein/mutect2_diagnostics/forced_markers.vcf.gz	274	76e77a30836a936b041d6d27624e4e4c939f1ff30553228f797dac91cc943a9b
results2/spikein/mutect2_diagnostics/forced_markers.vcf.gz.tbi	128	d8b9d3775ad0808811965d2eb12aa9bf3976e2c5652cc729d71b1cc31b7fe4c8
results2/spikein/mutect2_diagnostics/NA995A05_undil.forced.raw.vcf.gz	5805	92715e62f4ed26b29ef5441037c657018bb7e60bb7f4b0ed1083117ea3fc3414
results2/spikein/mutect2_diagnostics/NA995A05_undil.forced.raw.vcf.gz.stats	32	2e334ba1855cfffe8818b54026ce4e16013d3987628cdbf671ac950d9d16ad5a
results2/spikein/mutect2_diagnostics/NA995A05_undil.forced.raw.vcf.gz.tbi	124	828a7a6e222b9d6f6e71b9472a59ee7765d5514df4731f7241ca71a94d47a2fb
results2/spikein/mutect2_diagnostics/NA995A05_undil.genotype_germline.raw.vcf.gz	5379	a63d03b3f20dd46a9c4cf0fa04a3a968711962b9b155ffb4f53637a4693b1b77
results2/spikein/mutect2_diagnostics/NA995A05_undil.genotype_germline.raw.vcf.gz.stats	32	38e776f992a5e6006aa9b130cbdb3e9bdfe41d78da311d977da738f20782565f
results2/spikein/mutect2_diagnostics/NA995A05_undil.genotype_germline.raw.vcf.gz.tbi	124	a2919dd3d2d842e0058a53bbae527f69d8b345ec792dbcd3f4278caec40466a2
results2/spikein/mutect2_diagnostics/NA995A05_undil.initial_lod_0.raw.vcf.gz	5373	464d7ac6958ffa7acd6d92901d7aded908a29b3b0a6a4ec481052c6aed736ae4
results2/spikein/mutect2_diagnostics/NA995A05_undil.initial_lod_0.raw.vcf.gz.stats	32	38e776f992a5e6006aa9b130cbdb3e9bdfe41d78da311d977da738f20782565f
results2/spikein/mutect2_diagnostics/NA995A05_undil.initial_lod_0.raw.vcf.gz.tbi	124	14eb0b7bf745f1bfea1a1cbd6e594dc672453bd531aa33e4cba271b0de9633fb
results2/spikein/mutect2_diagnostics/NA99A1_undil.forced.raw.vcf.gz	5394	66f210c8854c4ce42d3c89cdf92cdbc93881781005395d653d7ecf1d1cb17a54
results2/spikein/mutect2_diagnostics/NA99A1_undil.forced.raw.vcf.gz.stats	32	2e334ba1855cfffe8818b54026ce4e16013d3987628cdbf671ac950d9d16ad5a
results2/spikein/mutect2_diagnostics/NA99A1_undil.forced.raw.vcf.gz.tbi	124	05996dc9a39d3cebe949ccc0cd54bcffa064b96febf351de48e638a28e7df684
results2/spikein/mutect2_diagnostics/NA99A1_undil.genotype_germline.raw.vcf.gz	4957	1354e41e2859ab138bb4a6f57f91d42525434ec0202f8df73bc61dd75e7bc402
results2/spikein/mutect2_diagnostics/NA99A1_undil.genotype_germline.raw.vcf.gz.stats	32	38e776f992a5e6006aa9b130cbdb3e9bdfe41d78da311d977da738f20782565f
results2/spikein/mutect2_diagnostics/NA99A1_undil.genotype_germline.raw.vcf.gz.tbi	124	12edbac81d61f9c5a9c869c3fa2af87f06e44969835f70e128817208a1889dd7
results2/spikein/mutect2_diagnostics/NA99A1_undil.initial_lod_0.raw.vcf.gz	5356	be89dcb2e02cbd09ae7711e823680e852d80cec7dc545faba1fefd4a57e8682b
results2/spikein/mutect2_diagnostics/NA99A1_undil.initial_lod_0.raw.vcf.gz.stats	32	38e776f992a5e6006aa9b130cbdb3e9bdfe41d78da311d977da738f20782565f
results2/spikein/mutect2_diagnostics/NA99A1_undil.initial_lod_0.raw.vcf.gz.tbi	124	34d1098ea8a742f2c02f616af49288194d21dc856d50db470c8fdd1762a2beb6
results2/spikein/mutect2_initial0_emit0/f1r2/NA995A05_undil.f1r2.tar.gz	44863	91b969339d0654dc8c570db1967ccdbd70b18a554531c419b38bb68057bd1748
results2/spikein/mutect2_initial0_emit0/f1r2/NA99A1_undil.f1r2.tar.gz	30592	24ac3db077b09d36242a0bc0b7716bfa991551c7dddf213ab2e4aeceb75a559d
results2/spikein/mutect2_initial0_emit0/run_settings.tsv	585	1b12b2f27b84708a27ad262c138feb45456e7c9242e8c8a8ac3d84ed7048c2e7
results2/spikein/mutect2_initial0_emit0/run.log	17309	1bcf9a8a623f7eb3a1e3dc128ed1b7800a0d4f2cc4943cbf9d6aeb4e6b1b4919
results2/spikein/mutect2_initial0_emit0/vcf/NA995A05_undil.raw.vcf.gz	9936	d364ef1875011538ab1fc2c1257820d64652718d2dd82b3138fe4f2a40eb4853
results2/spikein/mutect2_initial0_emit0/vcf/NA995A05_undil.raw.vcf.gz.stats	33	f286b6bbe32ba83e6e5d367d2226912e392f963b7e124548f9dedf3af5f919c5
results2/spikein/mutect2_initial0_emit0/vcf/NA995A05_undil.raw.vcf.gz.tbi	302	9f5c4cf9f1a4bbeb9163c1d5817802fb0507b6bd7d805a113d16b5027900b8fc
results2/spikein/mutect2_initial0_emit0/vcf/NA99A1_undil.raw.vcf.gz	7960	da84df5076a56408d0632d3616ae9b22ea2020bbca21c2d7da36ed2d8c5433ac
results2/spikein/mutect2_initial0_emit0/vcf/NA99A1_undil.raw.vcf.gz.stats	33	f286b6bbe32ba83e6e5d367d2226912e392f963b7e124548f9dedf3af5f919c5
results2/spikein/mutect2_initial0_emit0/vcf/NA99A1_undil.raw.vcf.gz.tbi	124	2600da2581d383e3a004fc165d2f51f29750e42220a2a90f9778251a7cfe671a
results2/spikein/mutect2_initial0_emit3/f1r2/NA995A05_undil.f1r2.tar.gz	44868	16ea487f8e3c6bcfba1bce18eeac487e7b6d67179845ff001a2198ebee73a325
results2/spikein/mutect2_initial0_emit3/f1r2/NA99A1_undil.f1r2.tar.gz	30591	702629b637b3d033e1530441a5a90e9aae4d1f3aa588f01b7307239c7ee11516
results2/spikein/mutect2_initial0_emit3/run_settings.tsv	585	ea23bb0e625d6b5dbe01f098624c05d82c70116f4f54cff5a9bc025b0df035ff
results2/spikein/mutect2_initial0_emit3/run.log	17218	6f730ee0516a2b2891593edc32dc5622508aa4dd6b89e4e089260d9114aa5601
results2/spikein/mutect2_initial0_emit3/vcf/NA995A05_undil.raw.vcf.gz	9588	19bf2526520d058232dcb8c20af8ce721e473e17772439f8b9dc9838b2d4b6d5
results2/spikein/mutect2_initial0_emit3/vcf/NA995A05_undil.raw.vcf.gz.stats	33	f286b6bbe32ba83e6e5d367d2226912e392f963b7e124548f9dedf3af5f919c5
results2/spikein/mutect2_initial0_emit3/vcf/NA995A05_undil.raw.vcf.gz.tbi	302	2fa40cfc1c2c445249cc715f019237f12d330a604f99f88409e97482314e8359
results2/spikein/mutect2_initial0_emit3/vcf/NA99A1_undil.raw.vcf.gz	7807	7a7a1754ed7990ea91bc70e1f44dcb9dac00ae32266ebe213de079210bae5c11
results2/spikein/mutect2_initial0_emit3/vcf/NA99A1_undil.raw.vcf.gz.stats	33	f286b6bbe32ba83e6e5d367d2226912e392f963b7e124548f9dedf3af5f919c5
results2/spikein/mutect2_initial0_emit3/vcf/NA99A1_undil.raw.vcf.gz.tbi	124	05cf626299239694e9d43191c67e05dc781b3d85f1b5150d9886131ee9d570fc
results2/spikein/mutect2_max_population_af_1_no_alignment_start_cap/f1r2/NA995A05_undil.f1r2.tar.gz	44861	cf2c4cb975205e7ae1be97074ff5e00f8615e906932d8d072358bf483a0d21d0
results2/spikein/mutect2_max_population_af_1_no_alignment_start_cap/f1r2/NA99A1_undil.f1r2.tar.gz	30591	4cb058fd5a1b67adbce390a98b7816cb8d4621f2d613410ed62aa0ea95c57508
results2/spikein/mutect2_max_population_af_1_no_alignment_start_cap/run_settings.tsv	545	2fb1973f85eb761076a054c9059a6dd462f8985133da1e12c5ce225d4045b34a
results2/spikein/mutect2_max_population_af_1_no_alignment_start_cap/run.log	17594	6e230066aa0f12b553eb9e39d7506962f824231b3f2a7d09cbef927a281961e3
results2/spikein/mutect2_max_population_af_1_no_alignment_start_cap/vcf/NA995A05_undil.raw.vcf.gz	9609	65e8d12eeb90e2a494179566170cbf619f9a5aa83bffb4e6f0d8e8c69b7f3708
results2/spikein/mutect2_max_population_af_1_no_alignment_start_cap/vcf/NA995A05_undil.raw.vcf.gz.stats	33	f286b6bbe32ba83e6e5d367d2226912e392f963b7e124548f9dedf3af5f919c5
results2/spikein/mutect2_max_population_af_1_no_alignment_start_cap/vcf/NA995A05_undil.raw.vcf.gz.tbi	302	9be637b0c051fb07326b856a3e3566bd1617e874d40c83cf700ac1849ce79867
results2/spikein/mutect2_max_population_af_1_no_alignment_start_cap/vcf/NA99A1_undil.raw.vcf.gz	7409	b77e0dc3c4f1de5410c22e4a1312bbe335e148e3d81ab61781b4767496387e80
results2/spikein/mutect2_max_population_af_1_no_alignment_start_cap/vcf/NA99A1_undil.raw.vcf.gz.stats	33	f286b6bbe32ba83e6e5d367d2226912e392f963b7e124548f9dedf3af5f919c5
results2/spikein/mutect2_max_population_af_1_no_alignment_start_cap/vcf/NA99A1_undil.raw.vcf.gz.tbi	124	bcc88575639fbe38d99ab78078dac03b5067d65e59f84fe5c579fb3904890733
results2/spikein/mutect2_max_population_af_1/f1r2/NA995A05_undil.f1r2.tar.gz	28694	173c0b0229b6e1675e3c871d2b7c57a0951628760503398e425d69ca97418b3c
results2/spikein/mutect2_max_population_af_1/f1r2/NA99A1_undil.f1r2.tar.gz	30160	bba0e6b80a5b72bb1b37238cd046fb9cf26a96ae9e7469371672821a9d04ffbe
results2/spikein/mutect2_max_population_af_1/run_settings.tsv	513	5b1ae2bfdaea09b04f8e07f60634b8dada4272e5b0d0691f1a7376f9bdbe9e40
results2/spikein/mutect2_max_population_af_1/run.log	16978	e623a665e8db4fa017228826a0f0b030c2f9a344e547cfdab9cbc06b2eb6dbda
results2/spikein/mutect2_max_population_af_1/vcf/NA995A05_undil.raw.vcf.gz	7504	7d4b1820427d3650f2a9bd1833e399e31c13ecde2bea637c56547e5753810408
results2/spikein/mutect2_max_population_af_1/vcf/NA995A05_undil.raw.vcf.gz.stats	33	f286b6bbe32ba83e6e5d367d2226912e392f963b7e124548f9dedf3af5f919c5
results2/spikein/mutect2_max_population_af_1/vcf/NA995A05_undil.raw.vcf.gz.tbi	301	e7b884d19de1131f167460b2537c4684870456d2fee35f111422afa4b6799bc6
results2/spikein/mutect2_max_population_af_1/vcf/NA99A1_undil.raw.vcf.gz	7340	fe78f95da0b436452328b2aba4f760d1ca575305c7ff9897ef9820cb6cbacd68
results2/spikein/mutect2_max_population_af_1/vcf/NA99A1_undil.raw.vcf.gz.stats	33	f286b6bbe32ba83e6e5d367d2226912e392f963b7e124548f9dedf3af5f919c5
results2/spikein/mutect2_max_population_af_1/vcf/NA99A1_undil.raw.vcf.gz.tbi	124	9a7d12acb5f52c5b016d71c595d3b96c9a7bcecfcd22a09daf1723b07944df88
results2/spikein/mutect2_no_alignment_start_cap/f1r2/NA995A05_undil.f1r2.tar.gz	44861	b6d5c3f517c21aa105739adcb8baf6cf47fb088e35b1e8529b49f4462abd1de6
results2/spikein/mutect2_no_alignment_start_cap/f1r2/NA99A1_undil.f1r2.tar.gz	30594	117ade09541ebc0458680b199393f67ac5b5e222f2d03d694a61e3d10ef62b45
results2/spikein/mutect2_no_alignment_start_cap/run_settings.tsv	523	8c48008554d9481f8acd8d017254918ba90ef8cfa06a2bc2f9690c63bf10b9a2
results2/spikein/mutect2_no_alignment_start_cap/run.log	17165	a3a24336666769535d186b6801c869ee3f6261e5a9b011e65454153518ba72a9
results2/spikein/mutect2_no_alignment_start_cap/vcf/NA995A05_undil.raw.vcf.gz	9594	2ed0722ab104da07be27028ff168495e00e8f8cfc278b6106c2b6e73e9c3fa26
results2/spikein/mutect2_no_alignment_start_cap/vcf/NA995A05_undil.raw.vcf.gz.stats	33	f286b6bbe32ba83e6e5d367d2226912e392f963b7e124548f9dedf3af5f919c5
results2/spikein/mutect2_no_alignment_start_cap/vcf/NA995A05_undil.raw.vcf.gz.tbi	302	16c346ffa96cba8c5476799475a1616a7700114d844097d9dec892f82bd5270e
results2/spikein/mutect2_no_alignment_start_cap/vcf/NA99A1_undil.raw.vcf.gz	7398	6143348a03698f633d7dc7d76bc74b49dc9efcf47402878b8280ab4349925324
results2/spikein/mutect2_no_alignment_start_cap/vcf/NA99A1_undil.raw.vcf.gz.stats	33	f286b6bbe32ba83e6e5d367d2226912e392f963b7e124548f9dedf3af5f919c5
results2/spikein/mutect2_no_alignment_start_cap/vcf/NA99A1_undil.raw.vcf.gz.tbi	124	4aabc7422056cc074e13214f49f021a775624301c0f0e96ede7ad1b241ba4a96
results2/spikein/mutect2/f1r2/NA995A05_undil.f1r2.tar.gz	28693	4b42a7f2120120ebf6faf625ff2d2cd5e1381867997af822ad126e1b9162ba18
results2/spikein/mutect2/f1r2/NA99A1_undil.f1r2.tar.gz	30161	6d594164ac3ec560b80974adea21e15197401c8afeefd1fcd4e0826e342a747d
results2/spikein/mutect2/run_settings.tsv	491	5f0f6c6aaa7b6e6f029ab6476ebb3f21b3dc4d8be4dded4a8c286c71c0a76a0d
results2/spikein/mutect2/run.log	16557	afb8f14e1b1d5b71760067d8e02261db8d0b26aba2f3540499bef77a435d6429
results2/spikein/mutect2/vcf/NA995A05_undil.raw.vcf.gz	7490	9b029e26bde5c1a34391bf30ec44f01ee5d84e08ed2dd6927b119a1c046a24b7
results2/spikein/mutect2/vcf/NA995A05_undil.raw.vcf.gz.stats	33	f286b6bbe32ba83e6e5d367d2226912e392f963b7e124548f9dedf3af5f919c5
results2/spikein/mutect2/vcf/NA995A05_undil.raw.vcf.gz.tbi	299	2c60cd30af6668f8dcc9005a1dc18891dadb3ae8cb9c55376d877544546427a7
results2/spikein/mutect2/vcf/NA99A1_undil.raw.vcf.gz	7327	5a7f9818e906c43ed54a3c84137a8956dc7e0e7279955c2af0f4f028c034c8a0
results2/spikein/mutect2/vcf/NA99A1_undil.raw.vcf.gz.stats	33	f286b6bbe32ba83e6e5d367d2226912e392f963b7e124548f9dedf3af5f919c5
results2/spikein/mutect2/vcf/NA99A1_undil.raw.vcf.gz.tbi	124	dbb5fc66fa910c094de592ea80219f14387ed11aaa1714c302b0a7c76ed22dbb
src2/spikein/10_compare_filtered_mutect2.py	5610	f4fec4c6f0bf1045a18d6a28c7a1ab29f6433a39b6ce66cdab5edb8ca9415aa3
